word,shape,distinct,meaning
mim,CVC,yes,
min,CVC,yes,not know
miq,CVC,yes,motion
mib,CVC,yes,
mid,CVC,yes,positive
mig,CVC,yes,
mip,CVC,yes,
mit,CVC,yes,meet
mik,CVC,yes,
mis,CVC,yes,miss (longing)
miz,CVC,yes,
mif,CVC,yes,
miv,CVC,yes,idea
mix,CVC,yes,network
mij,CVC,yes,
mic,CVC,yes,
miC,CVC,yes,
mem,CVC,yes,
men,CVC,yes,main
meq,CVC,yes,mine
meb,CVC,yes,
med,CVC,yes,
meg,CVC,yes,
mep,CVC,yes,
met,CVC,yes,
mek,CVC,yes,make
mes,CVC,yes,month
mez,CVC,yes,
mef,CVC,yes,
mev,CVC,yes,
mex,CVC,yes,
mej,CVC,yes,model
mec,CVC,yes,
meC,CVC,yes,
mam,CVC,yes,mother
man,CVC,yes,mind
maq,CVC,yes,harmony
mab,CVC,yes,source
mad,CVC,yes,middle
mag,CVC,yes,fruit
map,CVC,yes,map (map/reduce)
mat,CVC,yes,forward
mak,CVC,yes,meat
mas,CVC,yes,
maz,CVC,yes,flow (speech utterance)
maf,CVC,yes,male
mav,CVC,yes,many
max,CVC,yes,
maj,CVC,yes,magenta
mac,CVC,yes,great
maC,CVC,yes,
mal,CVC,yes,molecule
mar,CVC,yes,symbol
mom,CVC,yes,
mon,CVC,yes,
moq,CVC,yes,about/encompass
mob,CVC,yes,
mod,CVC,yes,mode
mog,CVC,yes,meaning
mop,CVC,yes,twelve
mot,CVC,yes,mountain
mok,CVC,yes,align
mos,CVC,yes,
moz,CVC,yes,hash
mof,CVC,yes,
mov,CVC,yes,
mox,CVC,yes,immutable
moj,CVC,yes,emerge
moc,CVC,yes,
moC,CVC,yes,
mol,CVC,yes,high
mor,CVC,yes,the model of the action (e.g. the transform)
mum,CVC,yes,
mun,CVC,yes,gut sense
muq,CVC,yes,mmm
mub,CVC,yes,
mud,CVC,yes,mood
mug,CVC,yes,(past particle)
mup,CVC,yes,
mut,CVC,yes,mutate
muk,CVC,yes,earth (dirt)
mus,CVC,yes,mercy
muz,CVC,yes,pain
muf,CVC,yes,
muv,CVC,yes,move
mux,CVC,yes,
muj,CVC,yes,message
muc,CVC,yes,mouth
muC,CVC,yes,
mul,CVC,yes,unreal
mur,CVC,yes,
nim,CVC,yes,
nin,CVC,yes,
niq,CVC,yes,omniscient
nib,CVC,yes,
nid,CVC,yes,need
nig,CVC,yes,
nip,CVC,yes,
nit,CVC,yes,
nik,CVC,yes,pink
nis,CVC,yes,
niz,CVC,yes,nest (structure)
nif,CVC,yes,a (isolated-element-focus)
niv,CVC,yes,
nix,CVC,yes,listen
nij,CVC,yes,
nic,CVC,yes,
niC,CVC,yes,
nem,CVC,yes,
nen,CVC,yes,
neq,CVC,yes,
neb,CVC,yes,
ned,CVC,yes,static
neg,CVC,yes,
nep,CVC,yes,nature
net,CVC,yes,knit
nek,CVC,yes,neck
nes,CVC,yes,nice
nez,CVC,yes,
nef,CVC,yes,
nev,CVC,yes,off
nex,CVC,yes,
nej,CVC,yes,
nec,CVC,yes,
neC,CVC,yes,
nam,CVC,yes,name
nan,CVC,yes,negate
naq,CVC,yes,
nab,CVC,yes,
nad,CVC,yes,
nag,CVC,yes,
nap,CVC,yes,
nat,CVC,yes,
nak,CVC,yes,knock
nas,CVC,yes,nest
naz,CVC,yes,as
naf,CVC,yes,
nav,CVC,yes,center
nax,CVC,yes,
naj,CVC,yes,
nac,CVC,yes,
naC,CVC,yes,
nal,CVC,yes,neutral
nar,CVC,yes,person
nom,CVC,yes,
non,CVC,yes,not (un- or -im)
noq,CVC,yes,
nob,CVC,yes,
nod,CVC,yes,
nog,CVC,yes,
nop,CVC,yes,no
not,CVC,yes,note
nok,CVC,yes,
nos,CVC,yes,
noz,CVC,yes,nose
nof,CVC,yes,
nov,CVC,yes,
nox,CVC,yes,notion
noj,CVC,yes,
noc,CVC,yes,
noC,CVC,yes,
nol,CVC,yes,toward
nor,CVC,yes,
num,CVC,yes,know
nun,CVC,yes,
nuq,CVC,yes,bond
nub,CVC,yes,separate
nud,CVC,yes,
nug,CVC,yes,
nup,CVC,yes,
nut,CVC,yes,
nuk,CVC,yes,
nus,CVC,yes,
nuz,CVC,yes,distribute
nuf,CVC,yes,
nuv,CVC,yes,empty
nux,CVC,yes,
nuj,CVC,yes,hell
nuc,CVC,yes,long
nuC,CVC,yes,
nul,CVC,yes,forget
nur,CVC,yes,
bim,CVC,yes,target
bin,CVC,yes,
biq,CVC,yes,being
bib,CVC,yes,we
bid,CVC,yes,ignorant
big,CVC,yes,go
bip,CVC,yes,output
bit,CVC,yes,beat
bik,CVC,yes,
bis,CVC,yes,
biz,CVC,yes,intense
bif,CVC,yes,
biv,CVC,yes,
bix,CVC,yes,
bij,CVC,yes,
bic,CVC,yes,
biC,CVC,yes,
bem,CVC,yes,
ben,CVC,yes,
beq,CVC,yes,bang
beb,CVC,yes,baby
bed,CVC,yes,bite
beg,CVC,yes,
bep,CVC,yes,
bet,CVC,yes,under
bek,CVC,yes,
bes,CVC,yes,base
bez,CVC,yes,
bef,CVC,yes,
bev,CVC,yes,
bex,CVC,yes,
bej,CVC,yes,
bec,CVC,yes,
beC,CVC,yes,
bam,CVC,yes,create
ban,CVC,yes,together/bind
baq,CVC,yes,be
bab,CVC,yes,father
bad,CVC,yes,tangent (math)
bag,CVC,yes,insect
bap,CVC,yes,
bat,CVC,yes,beauty
bak,CVC,yes,send
bas,CVC,yes,
baz,CVC,yes,
baf,CVC,yes,
bav,CVC,yes,
bax,CVC,yes,bird
baj,CVC,yes,
bac,CVC,yes,
baC,CVC,yes,by
bal,CVC,yes,
bar,CVC,yes,bear (carry)
bom,CVC,yes,
bon,CVC,yes,
boq,CVC,yes,
bob,CVC,yes,
bod,CVC,yes,
bog,CVC,yes,
bop,CVC,yes,
bot,CVC,yes,boat
bok,CVC,yes,
bos,CVC,yes,possessive plural
boz,CVC,yes,private
bof,CVC,yes,
bov,CVC,yes,debug
box,CVC,yes,
boj,CVC,yes,
boc,CVC,yes,
boC,CVC,yes,
bol,CVC,yes,
bor,CVC,yes,condition (case)
bum,CVC,yes,boom
bun,CVC,yes,
buq,CVC,yes,
bub,CVC,yes,boob
bud,CVC,yes,awake
bug,CVC,yes,cosine
bup,CVC,yes,energy
but,CVC,yes,unstable
buk,CVC,yes,
bus,CVC,yes,
buz,CVC,yes,bosom
buf,CVC,yes,
buv,CVC,yes,
bux,CVC,yes,bundle (matter condensing)
buj,CVC,yes,
buc,CVC,yes,
buC,CVC,yes,
bul,CVC,yes,blue
bur,CVC,yes,
dim,CVC,yes,you
din,CVC,yes,
diq,CVC,yes,
dib,CVC,yes,connect
did,CVC,yes,deed
dig,CVC,yes,sine
dip,CVC,yes,tree
dit,CVC,yes,
dik,CVC,yes,
dis,CVC,yes,number
diz,CVC,yes,
dif,CVC,yes,define
div,CVC,yes,drive
dix,CVC,yes,
dij,CVC,yes,
dic,CVC,yes,
diC,CVC,yes,
dem,CVC,yes,
den,CVC,yes,
deq,CVC,yes,
deb,CVC,yes,
ded,CVC,yes,
deg,CVC,yes,
dep,CVC,yes,
det,CVC,yes,datetime stamp/instance in time
dek,CVC,yes,
des,CVC,yes,
dez,CVC,yes,dynamic
def,CVC,yes,
dev,CVC,yes,
dex,CVC,yes,
dej,CVC,yes,orange
dec,CVC,yes,
deC,CVC,yes,
dam,CVC,yes,morality
dan,CVC,yes,the
daq,CVC,yes,
dab,CVC,yes,
dad,CVC,yes,content
dag,CVC,yes,dog
dap,CVC,yes,
dat,CVC,yes,word
dak,CVC,yes,physical
das,CVC,yes,understand
daz,CVC,yes,
daf,CVC,yes,previous
dav,CVC,yes,divine
dax,CVC,yes,
daj,CVC,yes,
dac,CVC,yes,death
daC,CVC,yes,
dal,CVC,yes,matter (physics)
dar,CVC,yes,
dom,CVC,yes,state
don,CVC,yes,
doq,CVC,yes,
dob,CVC,yes,two
dod,CVC,yes,
dog,CVC,yes,
dop,CVC,yes,
dot,CVC,yes,
dok,CVC,yes,
dos,CVC,yes,
doz,CVC,yes,here
dof,CVC,yes,
dov,CVC,yes,
dox,CVC,yes,
doj,CVC,yes,
doc,CVC,yes,
doC,CVC,yes,
dol,CVC,yes,
dor,CVC,yes,door
dum,CVC,yes,negative
dun,CVC,yes,join (to one)
duq,CVC,yes,
dub,CVC,yes,aware
dud,CVC,yes,friend
dug,CVC,yes,drink
dup,CVC,yes,
dut,CVC,yes,
duk,CVC,yes,minute
dus,CVC,yes,reduce
duz,CVC,yes,do
duf,CVC,yes,
duv,CVC,yes,
dux,CVC,yes,condition (general state)
duj,CVC,yes,
duc,CVC,yes,
duC,CVC,yes,
dul,CVC,yes,delete
dur,CVC,yes,
gim,CVC,yes,magic
gin,CVC,yes,sync
giq,CVC,yes,
gib,CVC,yes,guide
gid,CVC,yes,
gig,CVC,yes,
gip,CVC,yes,
git,CVC,yes,infinite
gik,CVC,yes,user
gis,CVC,yes,will (future)
giz,CVC,yes,position
gif,CVC,yes,give
giv,CVC,yes,
gix,CVC,yes,
gij,CVC,yes,
gic,CVC,yes,
giC,CVC,yes,
gem,CVC,yes,game
gen,CVC,yes,
geq,CVC,yes,
geb,CVC,yes,
ged,CVC,yes,
geg,CVC,yes,
gep,CVC,yes,
get,CVC,yes,
gek,CVC,yes,
ges,CVC,yes,
gez,CVC,yes,
gef,CVC,yes,
gev,CVC,yes,
gex,CVC,yes,
gej,CVC,yes,
gec,CVC,yes,
geC,CVC,yes,
gam,CVC,yes,
gan,CVC,yes,garden
gaq,CVC,yes,
gab,CVC,yes,eat
gad,CVC,yes,god
gag,CVC,yes,child
gap,CVC,yes,
gat,CVC,yes,
gak,CVC,yes,
gas,CVC,yes,
gaz,CVC,yes,possess
gaf,CVC,yes,
gav,CVC,yes,how (missing-action-focus)
gax,CVC,yes,
gaj,CVC,yes,
gac,CVC,yes,
gaC,CVC,yes,gather
gal,CVC,yes,too
gar,CVC,yes,language
gom,CVC,yes,
gon,CVC,yes,
goq,CVC,yes,job
gob,CVC,yes,
god,CVC,yes,gold
gog,CVC,yes,
gop,CVC,yes,
got,CVC,yes,antenna
gok,CVC,yes,
gos,CVC,yes,
goz,CVC,yes,
gof,CVC,yes,
gov,CVC,yes,
gox,CVC,yes,
goj,CVC,yes,
goc,CVC,yes,
goC,CVC,yes,
gol,CVC,yes,goal
gor,CVC,yes,
gum,CVC,yes,come
gun,CVC,yes,representation
guq,CVC,yes,
gub,CVC,yes,like (filler)
gud,CVC,yes,
gug,CVC,yes,
gup,CVC,yes,
gut,CVC,yes,gut
guk,CVC,yes,
gus,CVC,yes,back (front)
guz,CVC,yes,lose
guf,CVC,yes,
guv,CVC,yes,end
gux,CVC,yes,
guj,CVC,yes,memory
guc,CVC,yes,
guC,CVC,yes,
gul,CVC,yes,exponent
gur,CVC,yes,
pim,CVC,yes,permeate
pin,CVC,yes,
piq,CVC,yes,request
pib,CVC,yes,
pid,CVC,yes,
pig,CVC,yes,
pip,CVC,yes,individual
pit,CVC,yes,pure
pik,CVC,yes,master
pis,CVC,yes,
piz,CVC,yes,
pif,CVC,yes,
piv,CVC,yes,
pix,CVC,yes,
pij,CVC,yes,
pic,CVC,yes,
piC,CVC,yes,
pem,CVC,yes,they (communicating-agent-external-reference-focus)
pen,CVC,yes,
peq,CVC,yes,pay
peb,CVC,yes,
ped,CVC,yes,
peg,CVC,yes,
pep,CVC,yes,
pet,CVC,yes,
pek,CVC,yes,
pes,CVC,yes,
pez,CVC,yes,
pef,CVC,yes,
pev,CVC,yes,
pex,CVC,yes,
pej,CVC,yes,
pec,CVC,yes,
peC,CVC,yes,
pam,CVC,yes,pray
pan,CVC,yes,yes
paq,CVC,yes,response
pab,CVC,yes,
pad,CVC,yes,
pag,CVC,yes,
pap,CVC,yes,
pat,CVC,yes,dimension
pak,CVC,yes,package
pas,CVC,yes,space
paz,CVC,yes,
paf,CVC,yes,
pav,CVC,yes,
pax,CVC,yes,
paj,CVC,yes,
pac,CVC,yes,path
paC,CVC,yes,
pal,CVC,yes,
par,CVC,yes,depart/from
pom,CVC,yes,different
pon,CVC,yes,
poq,CVC,yes,
pob,CVC,yes,
pod,CVC,yes,free
pog,CVC,yes,
pop,CVC,yes,property (of object)
pot,CVC,yes,honorific (address)
pok,CVC,yes,
pos,CVC,yes,
poz,CVC,yes,
pof,CVC,yes,
pov,CVC,yes,
pox,CVC,yes,
poj,CVC,yes,
poc,CVC,yes,
poC,CVC,yes,
pol,CVC,yes,
por,CVC,yes,poor
pum,CVC,yes,time (count)
pun,CVC,yes,
puq,CVC,yes,
pub,CVC,yes,
pud,CVC,yes,
pug,CVC,yes,
pup,CVC,yes,
put,CVC,yes,
puk,CVC,yes,
pus,CVC,yes,
puz,CVC,yes,
puf,CVC,yes,
puv,CVC,yes,
pux,CVC,yes,
puj,CVC,yes,
puc,CVC,yes,
puC,CVC,yes,
pul,CVC,yes,pull
pur,CVC,yes,
tim,CVC,yes,team
tin,CVC,yes,between
tiq,CVC,yes,mental experience
tib,CVC,yes,
tid,CVC,yes,
tig,CVC,yes,
tip,CVC,yes,step
tit,CVC,yes,
tik,CVC,yes,
tis,CVC,yes,
tiz,CVC,yes,ellipse
tif,CVC,yes,
tiv,CVC,yes,conscious
tix,CVC,yes,tingle
tij,CVC,yes,
tic,CVC,yes,fourteen
tiC,CVC,yes,
tem,CVC,yes,
ten,CVC,yes,tan (color)
teq,CVC,yes,like (as if)
teb,CVC,yes,
ted,CVC,yes,
teg,CVC,yes,
tep,CVC,yes,
tet,CVC,yes,signal
tek,CVC,yes,take
tes,CVC,yes,
tez,CVC,yes,
tef,CVC,yes,left
tev,CVC,yes,
tex,CVC,yes,
tej,CVC,yes,
tec,CVC,yes,
teC,CVC,yes,
tam,CVC,yes,meditate
tan,CVC,yes,
taq,CVC,yes,tongue
tab,CVC,yes,stable
tad,CVC,yes,tail
tag,CVC,yes,
tap,CVC,yes,
tat,CVC,yes,sibling
tak,CVC,yes,talk
tas,CVC,yes,test
taz,CVC,yes,
taf,CVC,yes,good
tav,CVC,yes,
tax,CVC,yes,
taj,CVC,yes,down (to be cool with something)
tac,CVC,yes,set (get)
taC,CVC,yes,
tal,CVC,yes,tell
tar,CVC,yes,tire (sleep)
tom,CVC,yes,atom
ton,CVC,yes,agent (one who does x)
toq,CVC,yes,
tob,CVC,yes,
tod,CVC,yes,term
tog,CVC,yes,
top,CVC,yes,
tot,CVC,yes,
tok,CVC,yes,structure
tos,CVC,yes,task
toz,CVC,yes,position (cardinal)
tof,CVC,yes,
tov,CVC,yes,
tox,CVC,yes,text
toj,CVC,yes,
toc,CVC,yes,
toC,CVC,yes,
tol,CVC,yes,
tor,CVC,yes,before
tum,CVC,yes,
tun,CVC,yes,
tuq,CVC,yes,type
tub,CVC,yes,tube
tud,CVC,yes,
tug,CVC,yes,
tup,CVC,yes,impure
tut,CVC,yes,
tuk,CVC,yes,
tus,CVC,yes,
tuz,CVC,yes,because
tuf,CVC,yes,
tuv,CVC,yes,input (computing)
tux,CVC,yes,intuition
tuj,CVC,yes,
tuc,CVC,yes,emotion
tuC,CVC,yes,
tul,CVC,yes,tool
tur,CVC,yes,turf
kim,CVC,yes,climb
kin,CVC,yes,
kiq,CVC,yes,action
kib,CVC,yes,
kid,CVC,yes,could
kig,CVC,yes,
kip,CVC,yes,tune
kit,CVC,yes,
kik,CVC,yes,kick
kis,CVC,yes,bottom
kiz,CVC,yes,if
kif,CVC,yes,
kiv,CVC,yes,intent
kix,CVC,yes,process
kij,CVC,yes,
kic,CVC,yes,
kiC,CVC,yes,
kem,CVC,yes,
ken,CVC,yes,communicate
keq,CVC,yes,
keb,CVC,yes,
ked,CVC,yes,
keg,CVC,yes,
kep,CVC,yes,clone
ket,CVC,yes,but
kek,CVC,yes,agree
kes,CVC,yes,case (situation)
kez,CVC,yes,
kef,CVC,yes,
kev,CVC,yes,
kex,CVC,yes,
kej,CVC,yes,
kec,CVC,yes,
keC,CVC,yes,
kam,CVC,yes,calm
kan,CVC,yes,aggregate
kaq,CVC,yes,object
kab,CVC,yes,receive
kad,CVC,yes,
kag,CVC,yes,
kap,CVC,yes,
kat,CVC,yes,focus
kak,CVC,yes,
kas,CVC,yes,
kaz,CVC,yes,cause
kaf,CVC,yes,cough
kav,CVC,yes,
kax,CVC,yes,perfect
kaj,CVC,yes,
kac,CVC,yes,
kaC,CVC,yes,
kal,CVC,yes,time
kar,CVC,yes,call
kom,CVC,yes,five
kon,CVC,yes,and
koq,CVC,yes,
kob,CVC,yes,
kod,CVC,yes,code
kog,CVC,yes,
kop,CVC,yes,scope
kot,CVC,yes,
kok,CVC,yes,disagree
kos,CVC,yes,
koz,CVC,yes,z-axis
kof,CVC,yes,default
kov,CVC,yes,cover
kox,CVC,yes,cell (biology)
koj,CVC,yes,fool
koc,CVC,yes,
koC,CVC,yes,
kol,CVC,yes,all
kor,CVC,yes,
kum,CVC,yes,back area
kun,CVC,yes,
kuq,CVC,yes,manner
kub,CVC,yes,cube
kud,CVC,yes,miss (didn't touch)
kug,CVC,yes,
kup,CVC,yes,tone
kut,CVC,yes,
kuk,CVC,yes,
kus,CVC,yes,constant
kuz,CVC,yes,
kuf,CVC,yes,clue
kuv,CVC,yes,divide
kux,CVC,yes,
kuj,CVC,yes,
kuc,CVC,yes,
kuC,CVC,yes,
kul,CVC,yes,cool (interjection)
kur,CVC,yes,down
him,CVC,yes,nothing
hin,CVC,yes,hi
hiq,CVC,yes,
hib,CVC,yes,
hid,CVC,yes,not hidden
hig,CVC,yes,
hip,CVC,yes,group
hit,CVC,yes,heat
hik,CVC,yes,hike
his,CVC,yes,snake
hiz,CVC,yes,
hif,CVC,yes,
hiv,CVC,yes,
hix,CVC,yes,peach (color)
hij,CVC,yes,
hic,CVC,yes,
hiC,CVC,yes,
hem,CVC,yes,hey
hen,CVC,yes,
heq,CVC,yes,hang
heb,CVC,yes,
hed,CVC,yes,
heg,CVC,yes,
hep,CVC,yes,
het,CVC,yes,
hek,CVC,yes,hour
hes,CVC,yes,
hez,CVC,yes,every
hef,CVC,yes,
hev,CVC,yes,
hex,CVC,yes,
hej,CVC,yes,
hec,CVC,yes,
heC,CVC,yes,
ham,CVC,yes,hmm
han,CVC,yes,zero
haq,CVC,yes,
hab,CVC,yes,
had,CVC,yes,head
hag,CVC,yes,
hap,CVC,yes,event
hat,CVC,yes,at
hak,CVC,yes,hack (work)
has,CVC,yes,hyper
haz,CVC,yes,have
haf,CVC,yes,
hav,CVC,yes,
hax,CVC,yes,
haj,CVC,yes,
hac,CVC,yes,
haC,CVC,yes,
hal,CVC,yes,how
har,CVC,yes,era
hom,CVC,yes,home
hon,CVC,yes,
hoq,CVC,yes,hold
hob,CVC,yes,
hod,CVC,yes,period of x (-hood)
hog,CVC,yes,
hop,CVC,yes,hope
hot,CVC,yes,
hok,CVC,yes,okay
hos,CVC,yes,
hoz,CVC,yes,cardinal number
hof,CVC,yes,
hov,CVC,yes,floating point
hox,CVC,yes,
hoj,CVC,yes,
hoc,CVC,yes,
hoC,CVC,yes,
hol,CVC,yes,whole
hor,CVC,yes,
hum,CVC,yes,urge
hun,CVC,yes,illusion
huq,CVC,yes,uh
hub,CVC,yes,x-axis
hud,CVC,yes,hide
hug,CVC,yes,
hup,CVC,yes,
hut,CVC,yes,heed
huk,CVC,yes,hook
hus,CVC,yes,
huz,CVC,yes,duration
huf,CVC,yes,
huv,CVC,yes,handle
hux,CVC,yes,
huj,CVC,yes,
huc,CVC,yes,
huC,CVC,yes,
hul,CVC,yes,
hur,CVC,yes,
sim,CVC,yes,
sin,CVC,yes,
siq,CVC,yes,
sib,CVC,yes,
sid,CVC,yes,seed
sig,CVC,yes,front
sip,CVC,yes,asleep
sit,CVC,yes,medium
sik,CVC,yes,seek
sis,CVC,yes,
siz,CVC,yes,peace
sif,CVC,yes,purple
siv,CVC,yes,perceive
six,CVC,yes,all encompasing thing
sij,CVC,yes,
sic,CVC,yes,
siC,CVC,yes,hush
sem,CVC,yes,same (sym-)
sen,CVC,yes,
seq,CVC,yes,
seb,CVC,yes,
sed,CVC,yes,
seg,CVC,yes,
sep,CVC,yes,swipe
set,CVC,yes,
sek,CVC,yes,percept
ses,CVC,yes,
sez,CVC,yes,sir
sef,CVC,yes,continue
sev,CVC,yes,save
sex,CVC,yes,
sej,CVC,yes,
sec,CVC,yes,
seC,CVC,yes,etc.
sam,CVC,yes,sound
san,CVC,yes,sun
saq,CVC,yes,song
sab,CVC,yes,describe
sad,CVC,yes,
sag,CVC,yes,beyond (extra- or hyper-)
sap,CVC,yes,present (now)
sat,CVC,yes,sight
sak,CVC,yes,
sas,CVC,yes,parent
saz,CVC,yes,emphasize
saf,CVC,yes,
sav,CVC,yes,silver
sax,CVC,yes,wash
saj,CVC,yes,etc
sac,CVC,yes,
saC,CVC,yes,
sal,CVC,yes,like (similar)
sar,CVC,yes,surf
som,CVC,yes,drug
son,CVC,yes,
soq,CVC,yes,
sob,CVC,yes,
sod,CVC,yes,mystery
sog,CVC,yes,reason
sop,CVC,yes,so/transition
sot,CVC,yes,
sok,CVC,yes,around/surround
sos,CVC,yes,
soz,CVC,yes,also
sof,CVC,yes,each
sov,CVC,yes,
sox,CVC,yes,
soj,CVC,yes,
soc,CVC,yes,
soC,CVC,yes,
sol,CVC,yes,soul
sor,CVC,yes,file (computer)
sum,CVC,yes,
sun,CVC,yes,
suq,CVC,yes,
sub,CVC,yes,I
sud,CVC,yes,
sug,CVC,yes,
sup,CVC,yes,above (super)/hover
sut,CVC,yes,store
suk,CVC,yes,top
sus,CVC,yes,
suz,CVC,yes,
suf,CVC,yes,self (auto-)
suv,CVC,yes,observe
sux,CVC,yes,
suj,CVC,yes,
suc,CVC,yes,
suC,CVC,yes,three
sul,CVC,yes,still (time)
sur,CVC,yes,assert
zim,CVC,yes,pleasure
zin,CVC,yes,decision
ziq,CVC,yes,zing
zib,CVC,yes,
zid,CVC,yes,
zig,CVC,yes,gain
zip,CVC,yes,graph
zit,CVC,yes,
zik,CVC,yes,
zis,CVC,yes,
ziz,CVC,yes,
zif,CVC,yes,
ziv,CVC,yes,
zix,CVC,yes,
zij,CVC,yes,
zic,CVC,yes,
ziC,CVC,yes,
zem,CVC,yes,plasma (matter)
zen,CVC,yes,
zeq,CVC,yes,
zeb,CVC,yes,
zed,CVC,yes,
zeg,CVC,yes,
zep,CVC,yes,
zet,CVC,yes,olive (color)
zek,CVC,yes,
zes,CVC,yes,
zez,CVC,yes,
zef,CVC,yes,
zev,CVC,yes,
zex,CVC,yes,
zej,CVC,yes,
zec,CVC,yes,
zeC,CVC,yes,
zam,CVC,yes,
zan,CVC,yes,one
zaq,CVC,yes,presence
zab,CVC,yes,public
zad,CVC,yes,
zag,CVC,yes,
zap,CVC,yes,zap
zat,CVC,yes,
zak,CVC,yes,effect
zas,CVC,yes,
zaz,CVC,yes,
zaf,CVC,yes,equal (iso-)
zav,CVC,yes,lie
zax,CVC,yes,
zaj,CVC,yes,
zac,CVC,yes,
zaC,CVC,yes,
zal,CVC,yes,
zar,CVC,yes,vowel
zom,CVC,yes,so/great
zon,CVC,yes,zone
zoq,CVC,yes,
zob,CVC,yes,
zod,CVC,yes,
zog,CVC,yes,
zop,CVC,yes,
zot,CVC,yes,
zok,CVC,yes,try
zos,CVC,yes,
zoz,CVC,yes,
zof,CVC,yes,
zov,CVC,yes,
zox,CVC,yes,sense
zoj,CVC,yes,
zoc,CVC,yes,
zoC,CVC,yes,
zol,CVC,yes,
zor,CVC,yes,
zum,CVC,yes,zoom
zun,CVC,yes,
zuq,CVC,yes,
zub,CVC,yes,absorb
zud,CVC,yes,
zug,CVC,yes,
zup,CVC,yes,
zut,CVC,yes,identity
zuk,CVC,yes,where
zus,CVC,yes,experience
zuz,CVC,yes,converse (talk)
zuf,CVC,yes,
zuv,CVC,yes,
zux,CVC,yes,
zuj,CVC,yes,
zuc,CVC,yes,
zuC,CVC,yes,
zul,CVC,yes,animal
zur,CVC,yes,fall
fim,CVC,yes,female
fin,CVC,yes,
fiq,CVC,yes,
fib,CVC,yes,
fid,CVC,yes,next
fig,CVC,yes,
fip,CVC,yes,
fit,CVC,yes,
fik,CVC,yes,
fis,CVC,yes,
fiz,CVC,yes,
fif,CVC,yes,
fiv,CVC,yes,
fix,CVC,yes,belief
fij,CVC,yes,
fic,CVC,yes,
fiC,CVC,yes,
fem,CVC,yes,
fen,CVC,yes,
feq,CVC,yes,
feb,CVC,yes,
fed,CVC,yes,
feg,CVC,yes,
fep,CVC,yes,
fet,CVC,yes,eight
fek,CVC,yes,fake
fes,CVC,yes,face
fez,CVC,yes,
fef,CVC,yes,
fev,CVC,yes,
fex,CVC,yes,
fej,CVC,yes,
fec,CVC,yes,
feC,CVC,yes,
fam,CVC,yes,family
fan,CVC,yes,find
faq,CVC,yes,
fab,CVC,yes,
fad,CVC,yes,
fag,CVC,yes,
fap,CVC,yes,
fat,CVC,yes,
fak,CVC,yes,fuck
fas,CVC,yes,
faz,CVC,yes,green
faf,CVC,yes,
fav,CVC,yes,
fax,CVC,yes,
faj,CVC,yes,
fac,CVC,yes,
faC,CVC,yes,
fal,CVC,yes,
far,CVC,yes,
fom,CVC,yes,
fon,CVC,yes,device
foq,CVC,yes,
fob,CVC,yes,
fod,CVC,yes,
fog,CVC,yes,
fop,CVC,yes,
fot,CVC,yes,right (direction)
fok,CVC,yes,halt
fos,CVC,yes,else
foz,CVC,yes,
fof,CVC,yes,
fov,CVC,yes,
fox,CVC,yes,
foj,CVC,yes,
foc,CVC,yes,
foC,CVC,yes,
fol,CVC,yes,
for,CVC,yes,fire
fum,CVC,yes,
fun,CVC,yes,within (endo-)
fuq,CVC,yes,function
fub,CVC,yes,
fud,CVC,yes,
fug,CVC,yes,figure (it out)
fup,CVC,yes,borrow
fut,CVC,yes,bad
fuk,CVC,yes,
fus,CVC,yes,discontinuous
fuz,CVC,yes,fusion
fuf,CVC,yes,
fuv,CVC,yes,
fux,CVC,yes,
fuj,CVC,yes,refuge
fuc,CVC,yes,
fuC,CVC,yes,
ful,CVC,yes,fuel
fur,CVC,yes,fail
vim,CVC,yes,way/style
vin,CVC,yes,fill (-full)
viq,CVC,yes,everything
vib,CVC,yes,
vid,CVC,yes,veer
vig,CVC,yes,start
vip,CVC,yes,six
vit,CVC,yes,information
vik,CVC,yes,
vis,CVC,yes,see
viz,CVC,yes,
vif,CVC,yes,
viv,CVC,yes,
vix,CVC,yes,preserve
vij,CVC,yes,
vic,CVC,yes,bit
viC,CVC,yes,
vem,CVC,yes,
ven,CVC,yes,
veq,CVC,yes,
veb,CVC,yes,byte
ved,CVC,yes,study or science of (-ology)
veg,CVC,yes,
vep,CVC,yes,
vet,CVC,yes,
vek,CVC,yes,filter
ves,CVC,yes,vessel
vez,CVC,yes,
vef,CVC,yes,
vev,CVC,yes,
vex,CVC,yes,reveal
vej,CVC,yes,
vec,CVC,yes,
veC,CVC,yes,
vam,CVC,yes,
van,CVC,yes,having the nature of (-ivity)
vaq,CVC,yes,
vab,CVC,yes,vibe
vad,CVC,yes,
vag,CVC,yes,
vap,CVC,yes,
vat,CVC,yes,body
vak,CVC,yes,multiply
vas,CVC,yes,aspect
vaz,CVC,yes,
vaf,CVC,yes,
vav,CVC,yes,repeat
vax,CVC,yes,it
vaj,CVC,yes,
vac,CVC,yes,
vaC,CVC,yes,
val,CVC,yes,value
var,CVC,yes,variable
vom,CVC,yes,
von,CVC,yes,sin
voq,CVC,yes,
vob,CVC,yes,
vod,CVC,yes,void
vog,CVC,yes,black
vop,CVC,yes,
vot,CVC,yes,vote
vok,CVC,yes,
vos,CVC,yes,
voz,CVC,yes,voice
vof,CVC,yes,
vov,CVC,yes,axis
vox,CVC,yes,
voj,CVC,yes,
voc,CVC,yes,
voC,CVC,yes,
vol,CVC,yes,
vor,CVC,yes,
vum,CVC,yes,
vun,CVC,yes,on
vuq,CVC,yes,data
vub,CVC,yes,
vud,CVC,yes,
vug,CVC,yes,
vup,CVC,yes,
vut,CVC,yes,
vuk,CVC,yes,
vus,CVC,yes,flex
vuz,CVC,yes,
vuf,CVC,yes,
vuv,CVC,yes,
vux,CVC,yes,
vuj,CVC,yes,
vuc,CVC,yes,catch
vuC,CVC,yes,
vul,CVC,yes,via
vur,CVC,yes,
xim,CVC,yes,speech
xin,CVC,yes,machine
xiq,CVC,yes,will
xib,CVC,yes,
xid,CVC,yes,grey
xig,CVC,yes,
xip,CVC,yes,imagine
xit,CVC,yes,provide
xik,CVC,yes,computation
xis,CVC,yes,
xiz,CVC,yes,
xif,CVC,yes,
xiv,CVC,yes,destroy
xix,CVC,yes,
xij,CVC,yes,
xic,CVC,yes,eye
xiC,CVC,yes,
xem,CVC,yes,
xen,CVC,yes,result
xeq,CVC,yes,
xeb,CVC,yes,
xed,CVC,yes,should
xeg,CVC,yes,
xep,CVC,yes,
xet,CVC,yes,
xek,CVC,yes,
xes,CVC,yes,
xez,CVC,yes,
xef,CVC,yes,
xev,CVC,yes,
xex,CVC,yes,
xej,CVC,yes,
xec,CVC,yes,
xeC,CVC,yes,
xam,CVC,yes,chime
xan,CVC,yes,
xaq,CVC,yes,
xab,CVC,yes,seven
xad,CVC,yes,
xag,CVC,yes,
xap,CVC,yes,
xat,CVC,yes,or
xak,CVC,yes,
xas,CVC,yes,
xaz,CVC,yes,
xaf,CVC,yes,
xav,CVC,yes,
xax,CVC,yes,eternal
xaj,CVC,yes,
xac,CVC,yes,
xaC,CVC,yes,
xal,CVC,yes,share
xar,CVC,yes,
xom,CVC,yes,now
xon,CVC,yes,
xoq,CVC,yes,
xob,CVC,yes,
xod,CVC,yes,
xog,CVC,yes,
xop,CVC,yes,
xot,CVC,yes,
xok,CVC,yes,copy
xos,CVC,yes,
xoz,CVC,yes,
xof,CVC,yes,
xov,CVC,yes,
xox,CVC,yes,
xoj,CVC,yes,
xoc,CVC,yes,
xoC,CVC,yes,
xol,CVC,yes,show
xor,CVC,yes,
xum,CVC,yes,sky
xun,CVC,yes,change
xuq,CVC,yes,
xub,CVC,yes,
xud,CVC,yes,quiet
xug,CVC,yes,
xup,CVC,yes,ship
xut,CVC,yes,shout
xuk,CVC,yes,
xus,CVC,yes,
xuz,CVC,yes,
xuf,CVC,yes,
xuv,CVC,yes,return
xux,CVC,yes,
xuj,CVC,yes,
xuc,CVC,yes,
xuC,CVC,yes,
xul,CVC,yes,subtract
xur,CVC,yes,
jim,CVC,yes,
jin,CVC,yes,paradise
jiq,CVC,yes,
jib,CVC,yes,
jid,CVC,yes,
jig,CVC,yes,
jip,CVC,yes,
jit,CVC,yes,digit
jik,CVC,yes,
jis,CVC,yes,
jiz,CVC,yes,
jif,CVC,yes,
jiv,CVC,yes,
jix,CVC,yes,
jij,CVC,yes,
jic,CVC,yes,
jiC,CVC,yes,
jem,CVC,yes,
jen,CVC,yes,
jeq,CVC,yes,
jeb,CVC,yes,
jed,CVC,yes,
jeg,CVC,yes,
jep,CVC,yes,
jet,CVC,yes,throw
jek,CVC,yes,
jes,CVC,yes,
jez,CVC,yes,
jef,CVC,yes,
jev,CVC,yes,
jex,CVC,yes,
jej,CVC,yes,
jec,CVC,yes,
jeC,CVC,yes,
jam,CVC,yes,
jan,CVC,yes,spirit
jaq,CVC,yes,count
jab,CVC,yes,
jad,CVC,yes,
jag,CVC,yes,
jap,CVC,yes,
jat,CVC,yes,
jak,CVC,yes,wisdom
jas,CVC,yes,just (close-focus)
jaz,CVC,yes,
jaf,CVC,yes,
jav,CVC,yes,
jax,CVC,yes,
jaj,CVC,yes,
jac,CVC,yes,
jaC,CVC,yes,
jal,CVC,yes,
jar,CVC,yes,
jom,CVC,yes,pattern
jon,CVC,yes,
joq,CVC,yes,
job,CVC,yes,
jod,CVC,yes,
jog,CVC,yes,
jop,CVC,yes,
jot,CVC,yes,
jok,CVC,yes,
jos,CVC,yes,
joz,CVC,yes,
jof,CVC,yes,
jov,CVC,yes,
jox,CVC,yes,
joj,CVC,yes,
joc,CVC,yes,
joC,CVC,yes,
jol,CVC,yes,
jor,CVC,yes,
jum,CVC,yes,
jun,CVC,yes,
juq,CVC,yes,
jub,CVC,yes,
jud,CVC,yes,
jug,CVC,yes,
jup,CVC,yes,
jut,CVC,yes,
juk,CVC,yes,
jus,CVC,yes,
juz,CVC,yes,
juf,CVC,yes,
juv,CVC,yes,
jux,CVC,yes,
juj,CVC,yes,
juc,CVC,yes,
juC,CVC,yes,
jul,CVC,yes,universe
jur,CVC,yes,
cim,CVC,yes,
cin,CVC,yes,
ciq,CVC,yes,thing (hatchling)
cib,CVC,yes,
cid,CVC,yes,
cig,CVC,yes,
cip,CVC,yes,
cit,CVC,yes,get
cik,CVC,yes,
cis,CVC,yes,
ciz,CVC,yes,
cif,CVC,yes,
civ,CVC,yes,
cix,CVC,yes,
cij,CVC,yes,
cic,CVC,yes,
ciC,CVC,yes,
cem,CVC,yes,
cen,CVC,yes,
ceq,CVC,yes,
ceb,CVC,yes,
ced,CVC,yes,
ceg,CVC,yes,
cep,CVC,yes,
cet,CVC,yes,
cek,CVC,yes,
ces,CVC,yes,
cez,CVC,yes,
cef,CVC,yes,
cev,CVC,yes,
cex,CVC,yes,
cej,CVC,yes,
cec,CVC,yes,
ceC,CVC,yes,
cam,CVC,yes,then
can,CVC,yes,
caq,CVC,yes,
cab,CVC,yes,
cad,CVC,yes,life
cag,CVC,yes,
cap,CVC,yes,
cat,CVC,yes,mud
cak,CVC,yes,thank
cas,CVC,yes,
caz,CVC,yes,
caf,CVC,yes,
cav,CVC,yes,
cax,CVC,yes,
caj,CVC,yes,
cac,CVC,yes,
caC,CVC,yes,
cal,CVC,yes,
car,CVC,yes,
com,CVC,yes,
con,CVC,yes,
coq,CVC,yes,
cob,CVC,yes,
cod,CVC,yes,
cog,CVC,yes,
cop,CVC,yes,
cot,CVC,yes,
cok,CVC,yes,spec
cos,CVC,yes,
coz,CVC,yes,
cof,CVC,yes,
cov,CVC,yes,brown
cox,CVC,yes,
coj,CVC,yes,
coc,CVC,yes,
coC,CVC,yes,
col,CVC,yes,
cor,CVC,yes,
cum,CVC,yes,
cun,CVC,yes,
cuq,CVC,yes,
cub,CVC,yes,torture
cud,CVC,yes,
cug,CVC,yes,
cup,CVC,yes,
cut,CVC,yes,
cuk,CVC,yes,eleven
cus,CVC,yes,
cuz,CVC,yes,
cuf,CVC,yes,
cuv,CVC,yes,field (ether)
cux,CVC,yes,key
cuj,CVC,yes,
cuc,CVC,yes,
cuC,CVC,yes,
cul,CVC,yes,
cur,CVC,yes,
Cim,CVC,yes,
Cin,CVC,yes,
Ciq,CVC,yes,
Cib,CVC,yes,
Cid,CVC,yes,
Cig,CVC,yes,
Cip,CVC,yes,
Cit,CVC,yes,
Cik,CVC,yes,
Cis,CVC,yes,
Ciz,CVC,yes,kaledoscope
Cif,CVC,yes,
Civ,CVC,yes,
Cix,CVC,yes,
Cij,CVC,yes,
Cic,CVC,yes,
CiC,CVC,yes,
Cem,CVC,yes,
Cen,CVC,yes,
Ceq,CVC,yes,
Ceb,CVC,yes,
Ced,CVC,yes,
Ceg,CVC,yes,
Cep,CVC,yes,
Cet,CVC,yes,
Cek,CVC,yes,
Ces,CVC,yes,
Cez,CVC,yes,
Cef,CVC,yes,
Cev,CVC,yes,without
Cex,CVC,yes,
Cej,CVC,yes,
Cec,CVC,yes,
CeC,CVC,yes,
Cam,CVC,yes,
Can,CVC,yes,than/compare
Caq,CVC,yes,
Cab,CVC,yes,
Cad,CVC,yes,
Cag,CVC,yes,
Cap,CVC,yes,
Cat,CVC,yes,
Cak,CVC,yes,
Cas,CVC,yes,thus
Caz,CVC,yes,
Caf,CVC,yes,
Cav,CVC,yes,
Cax,CVC,yes,
Caj,CVC,yes,
Cac,CVC,yes,
CaC,CVC,yes,
Cal,CVC,yes,
Car,CVC,yes,there (abstract reference)
Com,CVC,yes,
Con,CVC,yes,transition
Coq,CVC,yes,
Cob,CVC,yes,
Cod,CVC,yes,
Cog,CVC,yes,though/regard
Cop,CVC,yes,
Cot,CVC,yes,
Cok,CVC,yes,
Cos,CVC,yes,
Coz,CVC,yes,except
Cof,CVC,yes,
Cov,CVC,yes,
Cox,CVC,yes,
Coj,CVC,yes,
Coc,CVC,yes,
CoC,CVC,yes,
Col,CVC,yes,
Cor,CVC,yes,
Cum,CVC,yes,
Cun,CVC,yes,
Cuq,CVC,yes,
Cub,CVC,yes,
Cud,CVC,yes,
Cug,CVC,yes,
Cup,CVC,yes,
Cut,CVC,yes,
Cuk,CVC,yes,
Cus,CVC,yes,
Cuz,CVC,yes,
Cuf,CVC,yes,
Cuv,CVC,yes,
Cux,CVC,yes,
Cuj,CVC,yes,
Cuc,CVC,yes,
CuC,CVC,yes,
Cul,CVC,yes,
Cur,CVC,yes,
wim,CVC,yes,bounty
win,CVC,yes,when (time location)
wiq,CVC,yes,wing
wib,CVC,yes,
wid,CVC,yes,
wig,CVC,yes,kaleidoscope
wip,CVC,yes,
wit,CVC,yes,
wik,CVC,yes,
wis,CVC,yes,inverse
wiz,CVC,yes,solve
wif,CVC,yes,
wiv,CVC,yes,connection network (neighborhood)
wix,CVC,yes,
wij,CVC,yes,
wic,CVC,yes,
wiC,CVC,yes,
wem,CVC,yes,warm
wen,CVC,yes,
weq,CVC,yes,
web,CVC,yes,
wed,CVC,yes,
weg,CVC,yes,
wep,CVC,yes,
wet,CVC,yes,wait
wek,CVC,yes,week
wes,CVC,yes,
wez,CVC,yes,fifteen
wef,CVC,yes,
wev,CVC,yes,wave
wex,CVC,yes,
wej,CVC,yes,
wec,CVC,yes,
weC,CVC,yes,
wam,CVC,yes,
wan,CVC,yes,why
waq,CVC,yes,um
wab,CVC,yes,
wad,CVC,yes,
wag,CVC,yes,
wap,CVC,yes,
wat,CVC,yes,white
wak,CVC,yes,walk
was,CVC,yes,
waz,CVC,yes,
waf,CVC,yes,
wav,CVC,yes,exist
wax,CVC,yes,
waj,CVC,yes,
wac,CVC,yes,
waC,CVC,yes,water
wal,CVC,yes,while
war,CVC,yes,wear
wom,CVC,yes,well (good)
won,CVC,yes,
woq,CVC,yes,
wob,CVC,yes,
wod,CVC,yes,
wog,CVC,yes,
wop,CVC,yes,
wot,CVC,yes,
wok,CVC,yes,
wos,CVC,yes,
woz,CVC,yes,problem
wof,CVC,yes,
wov,CVC,yes,
wox,CVC,yes,
woj,CVC,yes,
woc,CVC,yes,
woC,CVC,yes,
wol,CVC,yes,wow
wor,CVC,yes,forceful (like hard hit)
wum,CVC,yes,swim
wun,CVC,yes,woo
wuq,CVC,yes,
wub,CVC,yes,
wud,CVC,yes,
wug,CVC,yes,emanate
wup,CVC,yes,
wut,CVC,yes,what
wuk,CVC,yes,
wus,CVC,yes,
wuz,CVC,yes,
wuf,CVC,yes,
wuv,CVC,yes,
wux,CVC,yes,system
wuj,CVC,yes,
wuc,CVC,yes,
wuC,CVC,yes,
wul,CVC,yes,
wur,CVC,yes,
lim,CVC,yes,
lin,CVC,yes,learn
liq,CVC,yes,simulate
lib,CVC,yes,
lid,CVC,yes,lead
lig,CVC,yes,square root
lip,CVC,yes,chain
lit,CVC,yes,light
lik,CVC,yes,link
lis,CVC,yes,
liz,CVC,yes,
lif,CVC,yes,leaf
liv,CVC,yes,
lix,CVC,yes,
lij,CVC,yes,orient
lic,CVC,yes,
liC,CVC,yes,
lem,CVC,yes,low
len,CVC,yes,
leq,CVC,yes,
leb,CVC,yes,
led,CVC,yes,
leg,CVC,yes,
lep,CVC,yes,push
let,CVC,yes,
lek,CVC,yes,collect
les,CVC,yes,air
lez,CVC,yes,
lef,CVC,yes,
lev,CVC,yes,
lex,CVC,yes,
lej,CVC,yes,
lec,CVC,yes,
leC,CVC,yes,point
lam,CVC,yes,real
lan,CVC,yes,land
laq,CVC,yes,object feature type
lab,CVC,yes,
lad,CVC,yes,yellow
lag,CVC,yes,organ (body)
lap,CVC,yes,
lat,CVC,yes,
lak,CVC,yes,like
las,CVC,yes,
laz,CVC,yes,very much of (-some)
laf,CVC,yes,four
lav,CVC,yes,love
lax,CVC,yes,add
laj,CVC,yes,
lac,CVC,yes,
laC,CVC,yes,
lal,CVC,yes,y-axis
lar,CVC,yes,
lom,CVC,yes,plural (many)
lon,CVC,yes,loan
loq,CVC,yes,
lob,CVC,yes,error
lod,CVC,yes,load
log,CVC,yes,
lop,CVC,yes,
lot,CVC,yes,lot (land)
lok,CVC,yes,place (space location)
los,CVC,yes,less of (-less) empty
loz,CVC,yes,
lof,CVC,yes,
lov,CVC,yes,
lox,CVC,yes,string (computing)
loj,CVC,yes,
loc,CVC,yes,
loC,CVC,yes,
lol,CVC,yes,
lor,CVC,yes,lord
lum,CVC,yes,branch
lun,CVC,yes,moon
luq,CVC,yes,question
lub,CVC,yes,
lud,CVC,yes,
lug,CVC,yes,
lup,CVC,yes,loop
lut,CVC,yes,
luk,CVC,yes,look
lus,CVC,yes,
luz,CVC,yes,
luf,CVC,yes,far (large-distance-focus)
luv,CVC,yes,
lux,CVC,yes,
luj,CVC,yes,logic
luc,CVC,yes,
luC,CVC,yes,
lul,CVC,yes,
lur,CVC,yes,
rim,CVC,yes,
rin,CVC,yes,run
riq,CVC,yes,
rib,CVC,yes,ribbit
rid,CVC,yes,read
rig,CVC,yes,
rip,CVC,yes,rich
rit,CVC,yes,soil
rik,CVC,yes,up
ris,CVC,yes,express
riz,CVC,yes,rise
rif,CVC,yes,close (near)
riv,CVC,yes,to/arrive
rix,CVC,yes,
rij,CVC,yes,
ric,CVC,yes,straight
riC,CVC,yes,algorithm
rem,CVC,yes,
ren,CVC,yes,rain
req,CVC,yes,
reb,CVC,yes,
red,CVC,yes,red
reg,CVC,yes,edit
rep,CVC,yes,
ret,CVC,yes,after
rek,CVC,yes,
res,CVC,yes,
rez,CVC,yes,
ref,CVC,yes,success
rev,CVC,yes,
rex,CVC,yes,array
rej,CVC,yes,
rec,CVC,yes,
reC,CVC,yes,progress
ram,CVC,yes,dark
ran,CVC,yes,frog
raq,CVC,yes,wrong
rab,CVC,yes,ride
rad,CVC,yes,
rag,CVC,yes,
rap,CVC,yes,wrap
rat,CVC,yes,write
rak,CVC,yes,rock
ras,CVC,yes,in
raz,CVC,yes,resonate
raf,CVC,yes,reference
rav,CVC,yes,particle
rax,CVC,yes,
raj,CVC,yes,range
rac,CVC,yes,
raC,CVC,yes,rhythm
ral,CVC,yes,raw
rar,CVC,yes,rare
rom,CVC,yes,
ron,CVC,yes,environment
roq,CVC,yes,
rob,CVC,yes,
rod,CVC,yes,
rog,CVC,yes,thirteen
rop,CVC,yes,
rot,CVC,yes,FALSE
rok,CVC,yes,
ros,CVC,yes,force
roz,CVC,yes,rose
rof,CVC,yes,
rov,CVC,yes,copper
rox,CVC,yes,
roj,CVC,yes,
roc,CVC,yes,
roC,CVC,yes,
rol,CVC,yes,cycle
ror,CVC,yes,
rum,CVC,yes,realm
run,CVC,yes,glyph
ruq,CVC,yes,
rub,CVC,yes,logarithm
rud,CVC,yes,update
rug,CVC,yes,this
rup,CVC,yes,right (time)
rut,CVC,yes,
ruk,CVC,yes,location
rus,CVC,yes,
ruz,CVC,yes,consonant
ruf,CVC,yes,
ruv,CVC,yes,local
rux,CVC,yes,
ruj,CVC,yes,
ruc,CVC,yes,
ruC,CVC,yes,
rul,CVC,yes,rule (in system)
rur,CVC,yes,
yim,CVC,yes,
yin,CVC,yes,
yiq,CVC,yes,impermanent
yib,CVC,yes,
yid,CVC,yes,
yig,CVC,yes,
yip,CVC,yes,
yit,CVC,yes,night
yik,CVC,yes,
yis,CVC,yes,
yiz,CVC,yes,
yif,CVC,yes,
yiv,CVC,yes,
yix,CVC,yes,something
yij,CVC,yes,
yic,CVC,yes,
yiC,CVC,yes,
yem,CVC,yes,yum (food)
yen,CVC,yes,
yeq,CVC,yes,
yeb,CVC,yes,
yed,CVC,yes,
yeg,CVC,yes,
yep,CVC,yes,
yet,CVC,yes,
yek,CVC,yes,
yes,CVC,yes,
yez,CVC,yes,
yef,CVC,yes,
yev,CVC,yes,sort
yex,CVC,yes,
yej,CVC,yes,
yec,CVC,yes,
yeC,CVC,yes,
yam,CVC,yes,day
yan,CVC,yes,vehicle
yaq,CVC,yes,permanent
yab,CVC,yes,
yad,CVC,yes,away
yag,CVC,yes,
yap,CVC,yes,yep
yat,CVC,yes,way
yak,CVC,yes,
yas,CVC,yes,
yaz,CVC,yes,
yaf,CVC,yes,
yav,CVC,yes,
yax,CVC,yes,
yaj,CVC,yes,measure
yac,CVC,yes,
yaC,CVC,yes,
yal,CVC,yes,turquoise
yar,CVC,yes,year
yom,CVC,yes,
yon,CVC,yes,
yoq,CVC,yes,
yob,CVC,yes,
yod,CVC,yes,
yog,CVC,yes,practice of focusing on x (-ism)
yop,CVC,yes,
yot,CVC,yes,
yok,CVC,yes,
yos,CVC,yes,
yoz,CVC,yes,
yof,CVC,yes,
yov,CVC,yes,of
yox,CVC,yes,
yoj,CVC,yes,
yoc,CVC,yes,
yoC,CVC,yes,
yol,CVC,yes,yell
yor,CVC,yes,
yum,CVC,yes,
yun,CVC,yes,
yuq,CVC,yes,
yub,CVC,yes,
yud,CVC,yes,
yug,CVC,yes,
yup,CVC,yes,
yut,CVC,yes,yet
yuk,CVC,yes,
yus,CVC,yes,
yuz,CVC,yes,use
yuf,CVC,yes,
yuv,CVC,yes,view
yux,CVC,yes,
yuj,CVC,yes,
yuc,CVC,yes,with (con-)
yuC,CVC,yes,
yul,CVC,yes,polynomial
yur,CVC,yes,
mimp,CVCC,no,
mind,CVCC,no,
mint,CVCC,no,
mink,CVCC,no,
miqk,CVCC,yes,who
midj,CVCC,yes,
mitx,CVCC,no,
mikx,CVCC,yes,
misp,CVCC,yes,
mist,CVCC,no,
misk,CVCC,yes,
mift,CVCC,yes,
mixt,CVCC,yes,
milb,CVCC,yes,
mild,CVCC,no,
milp,CVCC,no,
milt,CVCC,no,
milk,CVCC,yes,
milf,CVCC,yes,
milv,CVCC,no,
milx,CVCC,yes,
mirm,CVCC,yes,
mirn,CVCC,no,
mirb,CVCC,no,
mird,CVCC,no,
mirg,CVCC,no,
mirp,CVCC,no,
mirt,CVCC,yes,meter
mirk,CVCC,no,
mirf,CVCC,no,
mirv,CVCC,no,
mirx,CVCC,no,
memp,CVCC,no,
mend,CVCC,no,
ment,CVCC,yes,mate
menk,CVCC,no,
meqk,CVCC,no,
medj,CVCC,no,
metx,CVCC,no,
mekx,CVCC,no,
mesp,CVCC,no,
mest,CVCC,no,
mesk,CVCC,no,
meft,CVCC,no,
mext,CVCC,no,
melb,CVCC,no,
meld,CVCC,no,
melp,CVCC,no,
melt,CVCC,no,
melk,CVCC,no,
melf,CVCC,no,
melv,CVCC,no,
melx,CVCC,no,
merm,CVCC,no,
mern,CVCC,no,
merb,CVCC,no,
merd,CVCC,no,
merg,CVCC,no,
merp,CVCC,no,
mert,CVCC,no,
merk,CVCC,no,
merf,CVCC,no,
merv,CVCC,no,
merx,CVCC,no,
mamp,CVCC,no,
mand,CVCC,no,
mant,CVCC,no,
mank,CVCC,no,
maqk,CVCC,yes,monkey
madj,CVCC,yes,image
matx,CVCC,no,symmetry
makx,CVCC,yes,
masp,CVCC,no,
mast,CVCC,yes,member
mask,CVCC,yes,mask
maft,CVCC,yes,
maxt,CVCC,yes,
malb,CVCC,no,
mald,CVCC,no,
malp,CVCC,no,
malt,CVCC,yes,metal
malk,CVCC,no,
malf,CVCC,no,
malv,CVCC,no,
malx,CVCC,no,
marm,CVCC,yes,mammal
marn,CVCC,no,muon
marb,CVCC,no,
mard,CVCC,no,
marg,CVCC,yes,old
marp,CVCC,no,
mart,CVCC,no,
mark,CVCC,no,
marf,CVCC,no,
marv,CVCC,no,
marx,CVCC,yes,mesh (inter-)
momp,CVCC,yes,
mond,CVCC,yes,
mont,CVCC,no,
monk,CVCC,no,
moqk,CVCC,no,
modj,CVCC,no,
motx,CVCC,no,
mokx,CVCC,no,
mosp,CVCC,no,
most,CVCC,no,most (-est) (large-collection-partition-focus)
mosk,CVCC,no,
moft,CVCC,no,
moxt,CVCC,no,
molb,CVCC,no,
mold,CVCC,no,mold (shape)
molp,CVCC,no,
molt,CVCC,no,vowel large O sound
molk,CVCC,no,
molf,CVCC,no,
molv,CVCC,no,
molx,CVCC,no,
morm,CVCC,no,
morn,CVCC,no,m sound
morb,CVCC,no,
mord,CVCC,no,manifold
morg,CVCC,no,
morp,CVCC,no,10^36
mort,CVCC,no,
mork,CVCC,no,
morf,CVCC,yes,morph
morv,CVCC,no,maybe
morx,CVCC,no,
mump,CVCC,no,
mund,CVCC,no,
munt,CVCC,no,
munk,CVCC,no,
muqk,CVCC,no,
mudj,CVCC,no,
mutx,CVCC,yes,much (large-lot-focus)
mukx,CVCC,yes,
musp,CVCC,no,
must,CVCC,no,
musk,CVCC,yes,
muft,CVCC,yes,
muxt,CVCC,yes,
mulb,CVCC,yes,
muld,CVCC,no,
mulp,CVCC,no,
mult,CVCC,yes,
mulk,CVCC,yes,
mulf,CVCC,no,
mulv,CVCC,no,
mulx,CVCC,yes,
murm,CVCC,yes,
murn,CVCC,no,
murb,CVCC,no,
murd,CVCC,no,
murg,CVCC,no,
murp,CVCC,no,
murt,CVCC,no,
murk,CVCC,no,
murf,CVCC,no,
murv,CVCC,no,
murx,CVCC,no,
nimp,CVCC,no,
nind,CVCC,no,
nint,CVCC,no,
nink,CVCC,no,
niqk,CVCC,no,
nidj,CVCC,no,
nitx,CVCC,no,
nikx,CVCC,no,
nisp,CVCC,no,
nist,CVCC,no,
nisk,CVCC,no,
nift,CVCC,no,
nixt,CVCC,no,
nilb,CVCC,no,
nild,CVCC,no,
nilp,CVCC,no,
nilt,CVCC,no,
nilk,CVCC,no,
nilf,CVCC,no,
nilv,CVCC,no,
nilx,CVCC,no,
nirm,CVCC,no,
nirn,CVCC,no,
nirb,CVCC,no,
nird,CVCC,no,
nirg,CVCC,no,
nirp,CVCC,no,
nirt,CVCC,no,
nirk,CVCC,no,
nirf,CVCC,no,
nirv,CVCC,no,
nirx,CVCC,no,
nemp,CVCC,no,
nend,CVCC,no,
nent,CVCC,no,
nenk,CVCC,no,
neqk,CVCC,no,
nedj,CVCC,no,
netx,CVCC,no,
nekx,CVCC,no,
nesp,CVCC,no,
nest,CVCC,no,
nesk,CVCC,no,
neft,CVCC,no,
next,CVCC,no,
nelb,CVCC,no,
neld,CVCC,no,
nelp,CVCC,no,
nelt,CVCC,no,
nelk,CVCC,no,
nelf,CVCC,no,
nelv,CVCC,no,
nelx,CVCC,no,
nerm,CVCC,no,
nern,CVCC,no,
nerb,CVCC,no,
nerd,CVCC,no,
nerg,CVCC,no,
nerp,CVCC,no,
nert,CVCC,no,
nerk,CVCC,no,
nerf,CVCC,no,
nerv,CVCC,no,
nerx,CVCC,no,
namp,CVCC,no,magnet
nand,CVCC,no,nand
nant,CVCC,no,
nank,CVCC,no,
naqk,CVCC,no,
nadj,CVCC,no,knowledge
natx,CVCC,no,n sound
nakx,CVCC,no,
nasp,CVCC,no,
nast,CVCC,no,
nask,CVCC,no,
naft,CVCC,no,
naxt,CVCC,no,
nalb,CVCC,no,
nald,CVCC,no,
nalp,CVCC,no,
nalt,CVCC,no,
nalk,CVCC,no,
nalf,CVCC,no,
nalv,CVCC,no,
nalx,CVCC,no,
narm,CVCC,no,
narn,CVCC,no,
narb,CVCC,yes,neighbor
nard,CVCC,no,
narg,CVCC,no,
narp,CVCC,no,
nart,CVCC,no,neutron
nark,CVCC,no,any
narf,CVCC,no,
narv,CVCC,no,river
narx,CVCC,no,
nomp,CVCC,no,
nond,CVCC,no,
nont,CVCC,no,
nonk,CVCC,no,
noqk,CVCC,no,
nodj,CVCC,no,
notx,CVCC,no,
nokx,CVCC,no,
nosp,CVCC,no,
nost,CVCC,no,
nosk,CVCC,no,
noft,CVCC,no,
noxt,CVCC,no,
nolb,CVCC,no,
nold,CVCC,no,
nolp,CVCC,no,
nolt,CVCC,no,
nolk,CVCC,no,
nolf,CVCC,no,
nolv,CVCC,no,
nolx,CVCC,no,
norm,CVCC,no,normal (math)
norn,CVCC,no,knee
norb,CVCC,no,
nord,CVCC,no,order
norg,CVCC,no,
norp,CVCC,no,
nort,CVCC,no,
nork,CVCC,no,nor
norf,CVCC,no,
norv,CVCC,no,
norx,CVCC,no,nourish
nump,CVCC,no,
nund,CVCC,no,
nunt,CVCC,no,
nunk,CVCC,no,
nuqk,CVCC,yes,bear (animal)
nudj,CVCC,no,
nutx,CVCC,no,
nukx,CVCC,no,
nusp,CVCC,no,
nust,CVCC,yes,embed
nusk,CVCC,no,
nuft,CVCC,no,
nuxt,CVCC,no,
nulb,CVCC,no,
nuld,CVCC,no,
nulp,CVCC,no,
nult,CVCC,no,
nulk,CVCC,no,
nulf,CVCC,no,
nulv,CVCC,no,
nulx,CVCC,no,
nurm,CVCC,no,
nurn,CVCC,no,
nurb,CVCC,no,
nurd,CVCC,no,
nurg,CVCC,no,
nurp,CVCC,no,
nurt,CVCC,no,
nurk,CVCC,no,
nurf,CVCC,no,vowel large U sound
nurv,CVCC,no,nerve
nurx,CVCC,no,
bimp,CVCC,yes,
bind,CVCC,no,
bint,CVCC,no,
bink,CVCC,no,
biqk,CVCC,no,
bidj,CVCC,no,
bitx,CVCC,no,
bikx,CVCC,yes,
bisp,CVCC,no,
bist,CVCC,yes,beast
bisk,CVCC,no,
bift,CVCC,yes,
bixt,CVCC,yes,
bilb,CVCC,no,
bild,CVCC,yes,build
bilp,CVCC,yes,
bilt,CVCC,no,
bilk,CVCC,yes,
bilf,CVCC,yes,
bilv,CVCC,no,
bilx,CVCC,yes,
birm,CVCC,yes,
birn,CVCC,no,
birb,CVCC,no,
bird,CVCC,no,
birg,CVCC,no,
birp,CVCC,no,
birt,CVCC,no,
birk,CVCC,no,
birf,CVCC,no,
birv,CVCC,no,
birx,CVCC,no,
bemp,CVCC,no,
bend,CVCC,yes,bend
bent,CVCC,no,
benk,CVCC,no,
beqk,CVCC,no,
bedj,CVCC,no,
betx,CVCC,no,
bekx,CVCC,no,
besp,CVCC,no,
best,CVCC,no,
besk,CVCC,yes,basic
beft,CVCC,no,
bext,CVCC,no,
belb,CVCC,no,
beld,CVCC,no,
belp,CVCC,no,
belt,CVCC,no,
belk,CVCC,no,
belf,CVCC,no,
belv,CVCC,no,
belx,CVCC,no,
berm,CVCC,no,
bern,CVCC,no,
berb,CVCC,no,
berd,CVCC,no,
berg,CVCC,no,
berp,CVCC,no,
bert,CVCC,no,
berk,CVCC,no,
berf,CVCC,no,
berv,CVCC,no,
berx,CVCC,no,
bamp,CVCC,yes,bump
band,CVCC,no,band (group)
bant,CVCC,no,
bank,CVCC,no,
baqk,CVCC,no,
badj,CVCC,no,
batx,CVCC,yes,bat (animal)
bakx,CVCC,yes,
basp,CVCC,no,
bast,CVCC,yes,prime
bask,CVCC,no,otherwise
baft,CVCC,yes,
baxt,CVCC,yes,
balb,CVCC,no,
bald,CVCC,no,
balp,CVCC,no,
balt,CVCC,no,
balk,CVCC,no,
balf,CVCC,no,
balv,CVCC,no,
balx,CVCC,yes,
barm,CVCC,no,
barn,CVCC,no,
barb,CVCC,yes,barb
bard,CVCC,no,b sound
barg,CVCC,no,
barp,CVCC,no,
bart,CVCC,no,
bark,CVCC,no,
barf,CVCC,no,
barv,CVCC,yes,duck (bird)
barx,CVCC,no,
bomp,CVCC,no,
bond,CVCC,no,
bont,CVCC,no,
bonk,CVCC,no,
boqk,CVCC,no,
bodj,CVCC,no,
botx,CVCC,no,
bokx,CVCC,no,
bosp,CVCC,no,
bost,CVCC,no,
bosk,CVCC,no,
boft,CVCC,no,
boxt,CVCC,no,
bolb,CVCC,no,
bold,CVCC,no,10^30
bolp,CVCC,no,
bolt,CVCC,no,
bolk,CVCC,no,
bolf,CVCC,no,
bolv,CVCC,no,
bolx,CVCC,no,
borm,CVCC,no,
born,CVCC,yes,bury
borb,CVCC,no,
bord,CVCC,no,
borg,CVCC,no,
borp,CVCC,no,burp
bort,CVCC,no,
bork,CVCC,no,
borf,CVCC,no,
borv,CVCC,no,
borx,CVCC,no,
bump,CVCC,yes,
bund,CVCC,yes,boundary
bunt,CVCC,no,
bunk,CVCC,yes,
buqk,CVCC,no,
budj,CVCC,yes,
butx,CVCC,no,
bukx,CVCC,yes,
busp,CVCC,no,
bust,CVCC,yes,burst
busk,CVCC,no,
buft,CVCC,yes,
buxt,CVCC,yes,
bulb,CVCC,yes,
buld,CVCC,no,
bulp,CVCC,no,
bult,CVCC,yes,
bulk,CVCC,yes,
bulf,CVCC,yes,
bulv,CVCC,no,
bulx,CVCC,yes,
burm,CVCC,no,
burn,CVCC,no,
burb,CVCC,no,
burd,CVCC,no,
burg,CVCC,no,
burp,CVCC,no,
burt,CVCC,no,
burk,CVCC,no,
burf,CVCC,no,
burv,CVCC,no,
burx,CVCC,no,
blim,CCVC,yes,beam
blin,CCVC,no,belly
bliq,CCVC,no,
blib,CCVC,no,
blid,CCVC,no,
blig,CCVC,no,
blip,CCVC,no,
blit,CCVC,no,
blik,CCVC,no,
blis,CCVC,no,
bliz,CCVC,yes,our
blif,CCVC,no,
bliv,CCVC,no,
blix,CCVC,no,
blij,CCVC,no,
blic,CCVC,no,
bliC,CCVC,no,
blem,CCVC,no,
blen,CCVC,no,
bleq,CCVC,no,eject
bleb,CCVC,no,
bled,CCVC,no,
bleg,CCVC,no,
blep,CCVC,no,
blet,CCVC,yes,bait
blek,CCVC,no,
bles,CCVC,no,
blez,CCVC,no,
blef,CCVC,no,
blev,CCVC,no,
blex,CCVC,no,
blej,CCVC,no,
blec,CCVC,no,
bleC,CCVC,no,
blam,CCVC,no,
blan,CCVC,no,
blaq,CCVC,no,
blab,CCVC,yes,blob
blad,CCVC,no,
blag,CCVC,no,
blap,CCVC,no,
blat,CCVC,no,
blak,CCVC,no,
blas,CCVC,no,
blaz,CCVC,no,
blaf,CCVC,no,
blav,CCVC,no,
blax,CCVC,no,
blaj,CCVC,no,
blac,CCVC,no,
blaC,CCVC,no,
blal,CCVC,no,
blar,CCVC,no,
blom,CCVC,no,
blon,CCVC,no,
bloq,CCVC,no,
blob,CCVC,no,
blod,CCVC,no,
blog,CCVC,no,
blop,CCVC,no,
blot,CCVC,no,
blok,CCVC,no,
blos,CCVC,no,
bloz,CCVC,yes,boson
blof,CCVC,yes,blow
blov,CCVC,no,
blox,CCVC,no,
bloj,CCVC,no,
bloc,CCVC,no,
bloC,CCVC,no,blood
blol,CCVC,no,
blor,CCVC,yes,blur
blum,CCVC,yes,bloom
blun,CCVC,no,
bluq,CCVC,no,
blub,CCVC,yes,
blud,CCVC,no,
blug,CCVC,no,
blup,CCVC,no,
blut,CCVC,yes,butt
bluk,CCVC,no,
blus,CCVC,no,
bluz,CCVC,no,
bluf,CCVC,no,
bluv,CCVC,no,
blux,CCVC,yes,
bluj,CCVC,no,
bluc,CCVC,no,
bluC,CCVC,no,
blul,CCVC,no,
blur,CCVC,no,
brim,CCVC,no,
brin,CCVC,no,
briq,CCVC,no,bring
brib,CCVC,no,
brid,CCVC,no,
brig,CCVC,yes,insecta
brip,CCVC,no,beep
brit,CCVC,no,orbit
brik,CCVC,no,
bris,CCVC,no,
briz,CCVC,no,simple
brif,CCVC,yes,brief
briv,CCVC,no,
brix,CCVC,no,
brij,CCVC,no,
bric,CCVC,no,
briC,CCVC,no,
brem,CCVC,no,
bren,CCVC,no,brain
breq,CCVC,no,
breb,CCVC,no,
bred,CCVC,no,braid
breg,CCVC,no,
brep,CCVC,no,
bret,CCVC,no,
brek,CCVC,no,break (pieces)
bres,CCVC,no,
brez,CCVC,no,
bref,CCVC,no,
brev,CCVC,no,brave
brex,CCVC,no,
brej,CCVC,no,
brec,CCVC,no,
breC,CCVC,no,
bram,CCVC,no,
bran,CCVC,no,
braq,CCVC,no,
brab,CCVC,no,
brad,CCVC,no,
brag,CCVC,no,
brap,CCVC,no,
brat,CCVC,no,big
brak,CCVC,yes,bacteria
bras,CCVC,no,
braz,CCVC,no,box
braf,CCVC,no,
brav,CCVC,no,
brax,CCVC,no,
braj,CCVC,no,
brac,CCVC,no,
braC,CCVC,no,
bral,CCVC,no,ball
brar,CCVC,no,
brom,CCVC,no,
bron,CCVC,no,
broq,CCVC,no,membrane
brob,CCVC,no,decimal
brod,CCVC,no,bone
brog,CCVC,no,
brop,CCVC,no,
brot,CCVC,no,
brok,CCVC,no,
bros,CCVC,no,
broz,CCVC,no,
brof,CCVC,no,
brov,CCVC,no,
brox,CCVC,no,
broj,CCVC,no,
broc,CCVC,no,
broC,CCVC,no,
brol,CCVC,no,brow
bror,CCVC,no,
brum,CCVC,no,
brun,CCVC,no,
bruq,CCVC,no,
brub,CCVC,no,
brud,CCVC,no,
brug,CCVC,no,
brup,CCVC,no,
brut,CCVC,no,
bruk,CCVC,yes,beak
brus,CCVC,no,
bruz,CCVC,no,buzz
bruf,CCVC,no,
bruv,CCVC,no,
brux,CCVC,no,
bruj,CCVC,no,
bruc,CCVC,no,
bruC,CCVC,no,
brul,CCVC,no,
brur,CCVC,no,
dimp,CVCC,no,
dind,CVCC,no,
dint,CVCC,no,
dink,CVCC,no,
diqk,CVCC,yes,deny
didj,CVCC,yes,
ditx,CVCC,no,
dikx,CVCC,no,
disp,CVCC,no,
dist,CVCC,no,
disk,CVCC,no,discover
dift,CVCC,no,
dixt,CVCC,no,
dilb,CVCC,no,
dild,CVCC,no,
dilp,CVCC,no,
dilt,CVCC,no,
dilk,CVCC,no,
dilf,CVCC,no,
dilv,CVCC,no,
dilx,CVCC,no,
dirm,CVCC,no,
dirn,CVCC,no,
dirb,CVCC,no,
dird,CVCC,no,
dirg,CVCC,no,
dirp,CVCC,no,
dirt,CVCC,no,
dirk,CVCC,no,
dirf,CVCC,no,
dirv,CVCC,no,
dirx,CVCC,no,
demp,CVCC,no,
dend,CVCC,no,
dent,CVCC,no,
denk,CVCC,no,
deqk,CVCC,no,
dedj,CVCC,no,appendage
detx,CVCC,no,
dekx,CVCC,no,
desp,CVCC,no,
dest,CVCC,no,
desk,CVCC,no,
deft,CVCC,no,
dext,CVCC,no,
delb,CVCC,no,
deld,CVCC,no,
delp,CVCC,no,
delt,CVCC,no,
delk,CVCC,no,
delf,CVCC,no,
delv,CVCC,no,
delx,CVCC,no,
derm,CVCC,no,
dern,CVCC,no,
derb,CVCC,no,
derd,CVCC,no,
derg,CVCC,no,
derp,CVCC,no,
dert,CVCC,no,
derk,CVCC,no,
derf,CVCC,no,
derv,CVCC,no,
derx,CVCC,no,
damp,CVCC,no,
dand,CVCC,no,
dant,CVCC,no,
dank,CVCC,yes,
daqk,CVCC,no,
dadj,CVCC,no,
datx,CVCC,no,
dakx,CVCC,no,
dasp,CVCC,no,
dast,CVCC,no,
dask,CVCC,no,desk
daft,CVCC,no,
daxt,CVCC,no,
dalb,CVCC,no,
dald,CVCC,no,
dalp,CVCC,no,
dalt,CVCC,yes,dependent
dalk,CVCC,yes,
dalf,CVCC,no,
dalv,CVCC,no,
dalx,CVCC,no,
darm,CVCC,no,
darn,CVCC,no,damn/dam
darb,CVCC,no,follow
dard,CVCC,no,
darg,CVCC,no,
darp,CVCC,no,
dart,CVCC,no,east
dark,CVCC,no,
darf,CVCC,no,
darv,CVCC,no,
darx,CVCC,no,
domp,CVCC,no,dump
dond,CVCC,no,
dont,CVCC,no,
donk,CVCC,no,
doqk,CVCC,no,
dodj,CVCC,no,
dotx,CVCC,no,
dokx,CVCC,no,
dosp,CVCC,no,
dost,CVCC,no,
dosk,CVCC,no,
doft,CVCC,no,
doxt,CVCC,no,
dolb,CVCC,no,
dold,CVCC,no,
dolp,CVCC,no,
dolt,CVCC,no,doubt
dolk,CVCC,no,
dolf,CVCC,no,
dolv,CVCC,no,deliver
dolx,CVCC,no,
dorm,CVCC,no,
dorn,CVCC,no,
dorb,CVCC,no,
dord,CVCC,no,
dorg,CVCC,no,
dorp,CVCC,no,
dort,CVCC,no,dirt
dork,CVCC,no,
dorf,CVCC,no,
dorv,CVCC,no,
dorx,CVCC,no,
dump,CVCC,no,
dund,CVCC,no,
dunt,CVCC,no,
dunk,CVCC,no,
duqk,CVCC,no,
dudj,CVCC,no,
dutx,CVCC,no,
dukx,CVCC,no,
dusp,CVCC,no,
dust,CVCC,no,
dusk,CVCC,yes,across (trans-)/cross
duft,CVCC,no,
duxt,CVCC,no,
dulb,CVCC,no,
duld,CVCC,no,
dulp,CVCC,no,
dult,CVCC,no,
dulk,CVCC,no,
dulf,CVCC,no,
dulv,CVCC,no,
dulx,CVCC,no,
durm,CVCC,no,
durn,CVCC,no,
durb,CVCC,no,
durd,CVCC,no,
durg,CVCC,no,
durp,CVCC,no,
durt,CVCC,no,
durk,CVCC,no,
durf,CVCC,no,
durv,CVCC,no,
durx,CVCC,no,
djim,CCVC,no,
djin,CCVC,yes,gene
djiq,CCVC,no,
djib,CCVC,no,
djid,CCVC,yes,
djig,CCVC,no,
djip,CCVC,yes,over
djit,CCVC,no,
djik,CCVC,no,
djis,CCVC,no,
djiz,CCVC,yes,jeez
djif,CCVC,yes,
djiv,CCVC,no,
djix,CCVC,yes,
djij,CCVC,no,
djic,CCVC,no,
djiC,CCVC,no,
djem,CCVC,no,
djen,CCVC,no,
djeq,CCVC,no,
djeb,CCVC,no,
djed,CCVC,no,
djeg,CCVC,no,
djep,CCVC,no,
djet,CCVC,no,
djek,CCVC,yes,reject
djes,CCVC,no,
djez,CCVC,no,
djef,CCVC,no,
djev,CCVC,no,
djex,CCVC,no,
djej,CCVC,no,
djec,CCVC,no,
djeC,CCVC,no,
djam,CCVC,yes,jam
djan,CCVC,no,
djaq,CCVC,no,
djab,CCVC,yes,
djad,CCVC,no,
djag,CCVC,no,
djap,CCVC,no,
djat,CCVC,yes,deal
djak,CCVC,no,fingernail
djas,CCVC,yes,justice
djaz,CCVC,no,joy
djaf,CCVC,yes,
djav,CCVC,no,
djax,CCVC,yes,
djaj,CCVC,no,
djac,CCVC,no,
djaC,CCVC,yes,
djal,CCVC,no,
djar,CCVC,no,
djom,CCVC,no,
djon,CCVC,no,
djoq,CCVC,no,
djob,CCVC,no,
djod,CCVC,no,
djog,CCVC,no,
djop,CCVC,no,
djot,CCVC,no,
djok,CCVC,yes,joke
djos,CCVC,no,
djoz,CCVC,no,
djof,CCVC,no,
djov,CCVC,no,
djox,CCVC,no,
djoj,CCVC,no,
djoc,CCVC,no,
djoC,CCVC,no,
djol,CCVC,no,
djor,CCVC,no,
djum,CCVC,no,
djun,CCVC,no,
djuq,CCVC,no,
djub,CCVC,no,
djud,CCVC,yes,jew
djug,CCVC,no,
djup,CCVC,yes,
djut,CCVC,no,
djuk,CCVC,no,
djus,CCVC,yes,juice
djuz,CCVC,no,
djuf,CCVC,yes,
djuv,CCVC,no,
djux,CCVC,yes,
djuj,CCVC,no,
djuc,CCVC,no,
djuC,CCVC,yes,
djul,CCVC,yes,jewel
djur,CCVC,no,
drim,CCVC,no,dream
drin,CCVC,no,
driq,CCVC,no,
drib,CCVC,yes,10^6
drid,CCVC,no,
drig,CCVC,no,degree
drip,CCVC,no,
drit,CCVC,no,
drik,CCVC,no,
dris,CCVC,no,
driz,CCVC,no,
drif,CCVC,no,
driv,CCVC,no,fate
drix,CCVC,yes,direction
drij,CCVC,no,
dric,CCVC,no,
driC,CCVC,no,
drem,CCVC,no,
dren,CCVC,no,
dreq,CCVC,no,
dreb,CCVC,no,
dred,CCVC,no,
dreg,CCVC,no,drag
drep,CCVC,no,
dret,CCVC,no,
drek,CCVC,no,
dres,CCVC,no,
drez,CCVC,no,
dref,CCVC,no,definite
drev,CCVC,no,
drex,CCVC,no,hyphen
drej,CCVC,no,
drec,CCVC,no,
dreC,CCVC,no,
dram,CCVC,yes,human
dran,CCVC,no,
draq,CCVC,no,
drab,CCVC,no,
drad,CCVC,no,put
drag,CCVC,no,
drap,CCVC,no,drop
drat,CCVC,no,
drak,CCVC,no,harm
dras,CCVC,no,
draz,CCVC,no,
draf,CCVC,no,
drav,CCVC,no,candela (measurement)
drax,CCVC,yes,
draj,CCVC,no,
drac,CCVC,no,
draC,CCVC,no,
dral,CCVC,no,dry
drar,CCVC,no,
drom,CCVC,no,
dron,CCVC,no,drone (sound)
droq,CCVC,no,
drob,CCVC,no,
drod,CCVC,no,
drog,CCVC,no,
drop,CCVC,no,
drot,CCVC,no,
drok,CCVC,no,
dros,CCVC,no,
droz,CCVC,no,enter
drof,CCVC,no,
drov,CCVC,no,multicellular life
drox,CCVC,no,
droj,CCVC,no,
droc,CCVC,no,
droC,CCVC,no,
drol,CCVC,no,
dror,CCVC,no,
drum,CCVC,no,drum
drun,CCVC,no,
druq,CCVC,no,
drub,CCVC,no,
drud,CCVC,no,
drug,CCVC,no,
drup,CCVC,no,d sound
drut,CCVC,no,electricity
druk,CCVC,no,
drus,CCVC,no,radius
druz,CCVC,no,
druf,CCVC,no,
druv,CCVC,no,
drux,CCVC,no,
druj,CCVC,no,
druc,CCVC,no,
druC,CCVC,no,
drul,CCVC,no,drool
drur,CCVC,no,
gimp,CVCC,yes,
gind,CVCC,yes,
gint,CVCC,no,
gink,CVCC,no,
giqk,CVCC,no,
gidj,CVCC,yes,
gitx,CVCC,no,
gikx,CVCC,yes,
gisp,CVCC,no,
gist,CVCC,no,
gisk,CVCC,yes,
gift,CVCC,yes,
gixt,CVCC,yes,
gilb,CVCC,no,
gild,CVCC,yes,
gilp,CVCC,yes,gill
gilt,CVCC,no,
gilk,CVCC,yes,
gilf,CVCC,yes,
gilv,CVCC,no,
gilx,CVCC,yes,
girm,CVCC,no,
girn,CVCC,no,
girb,CVCC,no,
gird,CVCC,no,
girg,CVCC,no,
girp,CVCC,no,
girt,CVCC,no,
girk,CVCC,no,
girf,CVCC,no,
girv,CVCC,no,
girx,CVCC,no,
gemp,CVCC,no,
gend,CVCC,no,
gent,CVCC,no,
genk,CVCC,no,
geqk,CVCC,no,
gedj,CVCC,no,
getx,CVCC,no,
gekx,CVCC,no,
gesp,CVCC,no,
gest,CVCC,yes,guest
gesk,CVCC,no,
geft,CVCC,no,
gext,CVCC,no,
gelb,CVCC,no,
geld,CVCC,no,
gelp,CVCC,no,
gelt,CVCC,no,
gelk,CVCC,no,
gelf,CVCC,no,
gelv,CVCC,no,
gelx,CVCC,no,
germ,CVCC,no,
gern,CVCC,no,
gerb,CVCC,no,
gerd,CVCC,no,
gerg,CVCC,no,
gerp,CVCC,no,
gert,CVCC,no,
gerk,CVCC,no,
gerf,CVCC,no,
gerv,CVCC,no,
gerx,CVCC,no,
gamp,CVCC,no,
gand,CVCC,no,
gant,CVCC,yes,-gon (polygon)
gank,CVCC,yes,
gaqk,CVCC,no,
gadj,CVCC,no,
gatx,CVCC,yes,german i vowel sound
gakx,CVCC,yes,
gasp,CVCC,no,
gast,CVCC,no,
gask,CVCC,yes,
gaft,CVCC,yes,
gaxt,CVCC,yes,
galb,CVCC,no,
gald,CVCC,no,
galp,CVCC,no,
galt,CVCC,yes,guilt
galk,CVCC,no,
galf,CVCC,no,
galv,CVCC,no,
galx,CVCC,no,
garm,CVCC,yes,arm
garn,CVCC,no,
garb,CVCC,no,
gard,CVCC,no,g sound
garg,CVCC,no,
garp,CVCC,no,
gart,CVCC,no,
gark,CVCC,no,
garf,CVCC,no,
garv,CVCC,no,
garx,CVCC,no,
gomp,CVCC,no,
gond,CVCC,no,
gont,CVCC,no,
gonk,CVCC,no,
goqk,CVCC,no,
godj,CVCC,no,
gotx,CVCC,no,
gokx,CVCC,no,
gosp,CVCC,no,
gost,CVCC,yes,ghost
gosk,CVCC,no,
goft,CVCC,no,
goxt,CVCC,no,
golb,CVCC,no,
gold,CVCC,no,
golp,CVCC,no,
golt,CVCC,no,
golk,CVCC,no,
golf,CVCC,no,
golv,CVCC,no,
golx,CVCC,yes,only
gorm,CVCC,no,
gorn,CVCC,no,
gorb,CVCC,no,
gord,CVCC,no,
gorg,CVCC,no,
gorp,CVCC,no,
gort,CVCC,no,
gork,CVCC,no,
gorf,CVCC,no,
gorv,CVCC,no,
gorx,CVCC,no,
gump,CVCC,yes,new
gund,CVCC,no,
gunt,CVCC,no,
gunk,CVCC,yes,
guqk,CVCC,no,
gudj,CVCC,yes,
gutx,CVCC,no,
gukx,CVCC,yes,
gusp,CVCC,no,
gust,CVCC,no,
gusk,CVCC,yes,
guft,CVCC,yes,
guxt,CVCC,yes,
gulb,CVCC,no,
guld,CVCC,no,
gulp,CVCC,no,
gult,CVCC,yes,
gulk,CVCC,yes,
gulf,CVCC,no,
gulv,CVCC,no,
gulx,CVCC,no,
gurm,CVCC,yes,
gurn,CVCC,no,
gurb,CVCC,no,
gurd,CVCC,no,
gurg,CVCC,no,
gurp,CVCC,no,
gurt,CVCC,no,
gurk,CVCC,no,
gurf,CVCC,no,
gurv,CVCC,no,
gurx,CVCC,no,
glim,CCVC,no,
glin,CCVC,no,
gliq,CCVC,no,
glib,CCVC,no,
glid,CCVC,no,
glig,CCVC,no,
glip,CCVC,yes,lip
glit,CCVC,no,
glik,CCVC,no,
glis,CCVC,no,
gliz,CCVC,no,
glif,CCVC,no,
gliv,CCVC,no,
glix,CCVC,yes,
glij,CCVC,no,
glic,CCVC,no,
gliC,CCVC,no,
glem,CCVC,no,
glen,CCVC,yes,gluon
gleq,CCVC,no,
gleb,CCVC,no,
gled,CCVC,yes,lay
gleg,CCVC,no,
glep,CCVC,no,
glet,CCVC,no,gate
glek,CCVC,no,
gles,CCVC,no,
glez,CCVC,yes,10^4
glef,CCVC,no,
glev,CCVC,no,
glex,CCVC,no,
glej,CCVC,no,
glec,CCVC,no,
gleC,CCVC,no,
glam,CCVC,no,
glan,CCVC,no,glide
glaq,CCVC,no,
glab,CCVC,no,
glad,CCVC,no,
glag,CCVC,no,
glap,CCVC,no,
glat,CCVC,no,
glak,CCVC,no,
glas,CCVC,no,
glaz,CCVC,no,
glaf,CCVC,no,
glav,CCVC,yes,glove
glax,CCVC,no,
glaj,CCVC,yes,
glac,CCVC,no,
glaC,CCVC,no,
glal,CCVC,no,
glar,CCVC,no,
glom,CCVC,no,
glon,CCVC,no,
gloq,CCVC,no,
glob,CCVC,yes,planet
glod,CCVC,no,
glog,CCVC,no,
glop,CCVC,no,
glot,CCVC,yes,goat
glok,CCVC,yes,your
glos,CCVC,no,
gloz,CCVC,no,
glof,CCVC,no,
glov,CCVC,no,
glox,CCVC,no,
gloj,CCVC,no,
gloc,CCVC,no,
gloC,CCVC,no,
glol,CCVC,no,
glor,CCVC,yes,glare
glum,CCVC,no,
glun,CCVC,no,
gluq,CCVC,no,
glub,CCVC,no,
glud,CCVC,no,
glug,CCVC,no,
glup,CCVC,no,
glut,CCVC,no,
gluk,CCVC,no,lick
glus,CCVC,no,
gluz,CCVC,no,
gluf,CCVC,no,
gluv,CCVC,no,
glux,CCVC,yes,
gluj,CCVC,no,
gluc,CCVC,no,
gluC,CCVC,no,
glul,CCVC,no,
glur,CCVC,no,
grim,CCVC,no,
grin,CCVC,no,
griq,CCVC,no,
grib,CCVC,no,
grid,CCVC,no,
grig,CCVC,no,
grip,CCVC,no,
grit,CCVC,no,hello
grik,CCVC,no,
gris,CCVC,no,
griz,CCVC,no,
grif,CCVC,no,
griv,CCVC,yes,grieve
grix,CCVC,no,
grij,CCVC,no,
gric,CCVC,no,
griC,CCVC,no,
grem,CCVC,no,grim
gren,CCVC,no,
greq,CCVC,no,
greb,CCVC,no,
gred,CCVC,no,grade (score)
greg,CCVC,no,
grep,CCVC,no,grape
gret,CCVC,no,
grek,CCVC,no,
gres,CCVC,no,guess
grez,CCVC,no,
gref,CCVC,no,
grev,CCVC,no,
grex,CCVC,no,
grej,CCVC,no,
grec,CCVC,no,
greC,CCVC,no,
gram,CCVC,no,gram (measure)
gran,CCVC,no,
graq,CCVC,no,
grab,CCVC,no,
grad,CCVC,no,grid
grag,CCVC,no,
grap,CCVC,no,issue
grat,CCVC,no,
grak,CCVC,no,
gras,CCVC,no,grass
graz,CCVC,no,
graf,CCVC,no,
grav,CCVC,no,graviton
grax,CCVC,no,
graj,CCVC,no,
grac,CCVC,yes,jaw
graC,CCVC,no,
gral,CCVC,no,foot
grar,CCVC,no,
grom,CCVC,no,
gron,CCVC,no,
groq,CCVC,yes,lion
grob,CCVC,no,
grod,CCVC,no,
grog,CCVC,no,
grop,CCVC,no,
grot,CCVC,no,
grok,CCVC,no,
gros,CCVC,no,
groz,CCVC,no,
grof,CCVC,no,
grov,CCVC,no,
grox,CCVC,no,
groj,CCVC,no,
groc,CCVC,no,
groC,CCVC,no,
grol,CCVC,no,
gror,CCVC,no,growl
grum,CCVC,no,row
grun,CCVC,no,grow
gruq,CCVC,no,
grub,CCVC,no,
grud,CCVC,no,
grug,CCVC,no,
grup,CCVC,no,group (math)
grut,CCVC,no,grit (strength)
gruk,CCVC,no,
grus,CCVC,no,
gruz,CCVC,no,
gruf,CCVC,no,
gruv,CCVC,yes,rub
grux,CCVC,no,
gruj,CCVC,no,
gruc,CCVC,no,
gruC,CCVC,no,
grul,CCVC,no,
grur,CCVC,no,
pimp,CVCC,no,
pind,CVCC,no,
pint,CVCC,no,
pink,CVCC,yes,
piqk,CVCC,no,
pidj,CVCC,no,
pitx,CVCC,yes,pitch (sound)
pikx,CVCC,no,
pisp,CVCC,no,
pist,CVCC,no,
pisk,CVCC,no,
pift,CVCC,no,
pixt,CVCC,no,
pilb,CVCC,no,
pild,CVCC,no,
pilp,CVCC,no,
pilt,CVCC,no,
pilk,CVCC,no,
pilf,CVCC,no,
pilv,CVCC,no,
pilx,CVCC,no,
pirm,CVCC,no,
pirn,CVCC,no,
pirb,CVCC,no,
pird,CVCC,no,
pirg,CVCC,no,
pirp,CVCC,no,
pirt,CVCC,no,
pirk,CVCC,no,
pirf,CVCC,no,
pirv,CVCC,no,
pirx,CVCC,no,
pemp,CVCC,no,
pend,CVCC,no,
pent,CVCC,no,paint
penk,CVCC,no,
peqk,CVCC,no,
pedj,CVCC,no,
petx,CVCC,no,
pekx,CVCC,no,
pesp,CVCC,no,
pest,CVCC,no,paste
pesk,CVCC,no,
peft,CVCC,no,
pext,CVCC,no,
pelb,CVCC,no,
peld,CVCC,no,
pelp,CVCC,no,
pelt,CVCC,no,
pelk,CVCC,no,
pelf,CVCC,no,
pelv,CVCC,no,
pelx,CVCC,no,
perm,CVCC,no,
pern,CVCC,no,
perb,CVCC,no,
perd,CVCC,no,
perg,CVCC,no,
perp,CVCC,no,
pert,CVCC,no,
perk,CVCC,no,
perf,CVCC,no,
perv,CVCC,no,
perx,CVCC,no,
pamp,CVCC,no,
pand,CVCC,no,upon
pant,CVCC,no,
pank,CVCC,no,
paqk,CVCC,yes,punk
padj,CVCC,no,edge
patx,CVCC,no,patch
pakx,CVCC,no,
pasp,CVCC,no,
past,CVCC,no,
pask,CVCC,no,
paft,CVCC,no,
paxt,CVCC,no,
palb,CVCC,no,
pald,CVCC,no,
palp,CVCC,no,
palt,CVCC,no,
palk,CVCC,no,
palf,CVCC,no,
palv,CVCC,no,
palx,CVCC,no,
parm,CVCC,no,
parn,CVCC,no,purr
parb,CVCC,no,
pard,CVCC,no,pod
parg,CVCC,no,
parp,CVCC,no,perpendicular
part,CVCC,yes,part
park,CVCC,yes,park (car)
parf,CVCC,no,
parv,CVCC,no,
parx,CVCC,no,
pomp,CVCC,no,
pond,CVCC,no,
pont,CVCC,no,
ponk,CVCC,no,
poqk,CVCC,no,
podj,CVCC,no,purge
potx,CVCC,no,pi
pokx,CVCC,no,
posp,CVCC,no,
post,CVCC,no,post (content)
posk,CVCC,yes,
poft,CVCC,no,
poxt,CVCC,no,
polb,CVCC,no,
pold,CVCC,no,
polp,CVCC,no,
polt,CVCC,no,
polk,CVCC,no,
polf,CVCC,no,
polv,CVCC,no,
polx,CVCC,no,
porm,CVCC,no,
porn,CVCC,no,
porb,CVCC,no,
pord,CVCC,no,
porg,CVCC,no,
porp,CVCC,no,
port,CVCC,no,important
pork,CVCC,no,per
porf,CVCC,no,puff
porv,CVCC,no,
porx,CVCC,no,
pump,CVCC,no,
pund,CVCC,no,
punt,CVCC,no,
punk,CVCC,no,
puqk,CVCC,no,
pudj,CVCC,no,
putx,CVCC,no,
pukx,CVCC,no,
pusp,CVCC,no,
pust,CVCC,no,
pusk,CVCC,no,
puft,CVCC,no,
puxt,CVCC,no,
pulb,CVCC,no,
puld,CVCC,no,
pulp,CVCC,no,
pult,CVCC,no,
pulk,CVCC,no,
pulf,CVCC,no,
pulv,CVCC,no,
pulx,CVCC,no,
purm,CVCC,no,
purn,CVCC,no,
purb,CVCC,no,
purd,CVCC,no,
purg,CVCC,no,
purp,CVCC,no,
purt,CVCC,no,
purk,CVCC,no,
purf,CVCC,no,
purv,CVCC,no,
purx,CVCC,no,
plim,CCVC,no,
plin,CCVC,no,discipline
pliq,CCVC,no,
plib,CCVC,yes,
plid,CCVC,no,
plig,CCVC,no,
plip,CCVC,no,
plit,CCVC,no,
plik,CCVC,no,
plis,CCVC,no,
pliz,CCVC,no,please
plif,CCVC,no,
pliv,CCVC,no,
plix,CCVC,yes,
plij,CCVC,no,
plic,CCVC,no,
pliC,CCVC,no,
plem,CCVC,no,
plen,CCVC,no,plane (geometry)
pleq,CCVC,no,
pleb,CCVC,no,
pled,CCVC,no,
pleg,CCVC,no,plague
plep,CCVC,no,plop
plet,CCVC,no,plate
plek,CCVC,no,their
ples,CCVC,no,
plez,CCVC,no,
plef,CCVC,no,
plev,CCVC,no,
plex,CCVC,no,
plej,CCVC,no,
plec,CCVC,no,
pleC,CCVC,no,
plam,CCVC,no,
plan,CCVC,yes,plan
plaq,CCVC,no,
plab,CCVC,no,
plad,CCVC,no,
plag,CCVC,no,
plap,CCVC,no,glottal stop
plat,CCVC,no,
plak,CCVC,no,pluck
plas,CCVC,no,compassion
plaz,CCVC,no,
plaf,CCVC,no,
plav,CCVC,no,
plax,CCVC,yes,accomplish
plaj,CCVC,no,
plac,CCVC,no,
plaC,CCVC,no,
plal,CCVC,no,
plar,CCVC,no,play
plom,CCVC,no,
plon,CCVC,no,pion
ploq,CCVC,no,
plob,CCVC,no,
plod,CCVC,no,implode
plog,CCVC,no,
plop,CCVC,no,
plot,CCVC,no,
plok,CCVC,no,
plos,CCVC,no,
ploz,CCVC,no,
plof,CCVC,no,
plov,CCVC,no,
plox,CCVC,no,
ploj,CCVC,no,
ploc,CCVC,no,
ploC,CCVC,no,
plol,CCVC,no,
plor,CCVC,no,
plum,CCVC,no,
plun,CCVC,no,
pluq,CCVC,no,
plub,CCVC,no,
plud,CCVC,no,pound (measure)
plug,CCVC,no,
plup,CCVC,no,poop
plut,CCVC,no,
pluk,CCVC,no,
plus,CCVC,no,
pluz,CCVC,no,
pluf,CCVC,no,
pluv,CCVC,no,
plux,CCVC,no,
pluj,CCVC,no,
pluc,CCVC,no,
pluC,CCVC,no,
plul,CCVC,no,
plur,CCVC,no,
prim,CCVC,no,prime (primative)
prin,CCVC,no,
priq,CCVC,no,
prib,CCVC,no,
prid,CCVC,no,
prig,CCVC,no,
prip,CCVC,no,
prit,CCVC,no,
prik,CCVC,no,opaque
pris,CCVC,no,
priz,CCVC,no,
prif,CCVC,no,
priv,CCVC,no,
prix,CCVC,no,
prij,CCVC,no,
pric,CCVC,no,
priC,CCVC,no,
prem,CCVC,no,
pren,CCVC,no,
preq,CCVC,no,
preb,CCVC,no,
pred,CCVC,no,
preg,CCVC,no,
prep,CCVC,no,
pret,CCVC,no,
prek,CCVC,no,
pres,CCVC,no,pressure
prez,CCVC,no,
pref,CCVC,no,
prev,CCVC,no,
prex,CCVC,no,precious
prej,CCVC,no,
prec,CCVC,no,
preC,CCVC,no,
pram,CCVC,no,primordial
pran,CCVC,no,
praq,CCVC,no,
prab,CCVC,no,probable
prad,CCVC,no,
prag,CCVC,no,pig
prap,CCVC,no,
prat,CCVC,no,apart
prak,CCVC,no,
pras,CCVC,no,press (force)
praz,CCVC,no,prize
praf,CCVC,no,
prav,CCVC,no,
prax,CCVC,no,ash
praj,CCVC,no,
prac,CCVC,no,
praC,CCVC,no,
pral,CCVC,no,
prar,CCVC,no,
prom,CCVC,no,
pron,CCVC,no,
proq,CCVC,no,
prob,CCVC,no,
prod,CCVC,no,
prog,CCVC,no,
prop,CCVC,no,
prot,CCVC,no,proton
prok,CCVC,no,
pros,CCVC,no,
proz,CCVC,no,for/purpose
prof,CCVC,no,
prov,CCVC,no,
prox,CCVC,no,
proj,CCVC,no,
proc,CCVC,no,
proC,CCVC,no,
prol,CCVC,no,
pror,CCVC,no,
prum,CCVC,no,
prun,CCVC,no,
pruq,CCVC,no,
prub,CCVC,no,
prud,CCVC,no,
prug,CCVC,no,
prup,CCVC,no,
prut,CCVC,no,
pruk,CCVC,no,pick
prus,CCVC,no,
pruz,CCVC,no,
pruf,CCVC,no,
pruv,CCVC,no,prove
prux,CCVC,no,
pruj,CCVC,no,
pruc,CCVC,no,
pruC,CCVC,no,
prul,CCVC,no,
prur,CCVC,no,
timp,CVCC,yes,
tind,CVCC,yes,
tint,CVCC,no,
tink,CVCC,no,
tiqk,CVCC,no,
tidj,CVCC,no,
titx,CVCC,no,teach
tikx,CVCC,yes,
tisp,CVCC,no,
tist,CVCC,no,
tisk,CVCC,yes,
tift,CVCC,yes,
tixt,CVCC,yes,
tilb,CVCC,yes,
tild,CVCC,no,
tilp,CVCC,no,
tilt,CVCC,yes,
tilk,CVCC,yes,
tilf,CVCC,yes,
tilv,CVCC,no,
tilx,CVCC,yes,
tirm,CVCC,no,
tirn,CVCC,yes,tour
tirb,CVCC,no,
tird,CVCC,no,
tirg,CVCC,no,
tirp,CVCC,no,
tirt,CVCC,no,
tirk,CVCC,no,
tirf,CVCC,no,
tirv,CVCC,no,
tirx,CVCC,no,
temp,CVCC,no,
tend,CVCC,no,
tent,CVCC,no,
tenk,CVCC,no,
teqk,CVCC,no,
tedj,CVCC,no,
tetx,CVCC,no,
tekx,CVCC,no,
tesp,CVCC,no,
test,CVCC,yes,taste
tesk,CVCC,no,
teft,CVCC,no,
text,CVCC,no,
telb,CVCC,no,
teld,CVCC,no,
telp,CVCC,no,
telt,CVCC,no,
telk,CVCC,no,
telf,CVCC,no,
telv,CVCC,no,
telx,CVCC,no,
term,CVCC,no,
tern,CVCC,no,
terb,CVCC,no,
terd,CVCC,no,
terg,CVCC,no,
terp,CVCC,no,
tert,CVCC,no,
terk,CVCC,no,
terf,CVCC,no,
terv,CVCC,no,
terx,CVCC,no,
tamp,CVCC,yes,temperature
tand,CVCC,yes,
tant,CVCC,no,
tank,CVCC,no,
taqk,CVCC,no,toy
tadj,CVCC,no,
tatx,CVCC,yes,touch
takx,CVCC,yes,
tasp,CVCC,no,
tast,CVCC,no,
task,CVCC,no,
taft,CVCC,yes,
taxt,CVCC,yes,
talb,CVCC,yes,
tald,CVCC,no,
talp,CVCC,no,
talt,CVCC,no,
talk,CVCC,no,
talf,CVCC,yes,
talv,CVCC,no,
talx,CVCC,yes,
tarm,CVCC,no,
tarn,CVCC,yes,10^39
tarb,CVCC,no,
tard,CVCC,no,towards
targ,CVCC,no,
tarp,CVCC,no,topology
tart,CVCC,no,
tark,CVCC,no,
tarf,CVCC,no,
tarv,CVCC,no,
tarx,CVCC,no,
tomp,CVCC,no,
tond,CVCC,no,
tont,CVCC,no,
tonk,CVCC,no,
toqk,CVCC,no,
todj,CVCC,no,
totx,CVCC,no,attach
tokx,CVCC,no,
tosp,CVCC,yes,
tost,CVCC,no,
tosk,CVCC,no,
toft,CVCC,no,
toxt,CVCC,no,
tolb,CVCC,no,
told,CVCC,no,t sound
tolp,CVCC,no,
tolt,CVCC,no,
tolk,CVCC,no,
tolf,CVCC,no,
tolv,CVCC,no,
tolx,CVCC,no,
torm,CVCC,no,
torn,CVCC,no,turn
torb,CVCC,no,
tord,CVCC,no,
torg,CVCC,no,
torp,CVCC,no,interpolate
tort,CVCC,no,
tork,CVCC,no,
torf,CVCC,no,
torv,CVCC,no,
torx,CVCC,no,
tump,CVCC,yes,
tund,CVCC,yes,
tunt,CVCC,no,
tunk,CVCC,yes,
tuqk,CVCC,no,
tudj,CVCC,yes,
tutx,CVCC,no,
tukx,CVCC,yes,
tusp,CVCC,no,
tust,CVCC,no,
tusk,CVCC,no,
tuft,CVCC,yes,
tuxt,CVCC,yes,
tulb,CVCC,yes,
tuld,CVCC,no,
tulp,CVCC,no,
tult,CVCC,yes,
tulk,CVCC,yes,
tulf,CVCC,yes,
tulv,CVCC,no,
tulx,CVCC,yes,
turm,CVCC,yes,
turn,CVCC,no,
turb,CVCC,no,
turd,CVCC,no,
turg,CVCC,no,
turp,CVCC,no,
turt,CVCC,no,
turk,CVCC,no,
turf,CVCC,no,
turv,CVCC,no,
turx,CVCC,no,
txim,CCVC,no,
txin,CCVC,no,teen
txiq,CCVC,no,
txib,CCVC,no,
txid,CCVC,no,
txig,CCVC,no,
txip,CCVC,no,
txit,CCVC,no,
txik,CCVC,no,
txis,CCVC,no,
txiz,CCVC,no,
txif,CCVC,no,
txiv,CCVC,no,
txix,CCVC,no,
txij,CCVC,no,
txic,CCVC,no,
txiC,CCVC,no,
txem,CCVC,no,
txen,CCVC,no,
txeq,CCVC,no,q sound
txeb,CCVC,no,
txed,CCVC,no,
txeg,CCVC,no,
txep,CCVC,no,
txet,CCVC,no,shit
txek,CCVC,no,
txes,CCVC,no,chase
txez,CCVC,no,
txef,CCVC,no,
txev,CCVC,no,
txex,CCVC,no,
txej,CCVC,no,
txec,CCVC,no,
txeC,CCVC,no,
txam,CCVC,no,
txan,CCVC,no,
txaq,CCVC,no,
txab,CCVC,no,
txad,CCVC,no,
txag,CCVC,no,
txap,CCVC,no,chip
txat,CCVC,no,
txak,CCVC,no,check
txas,CCVC,no,
txaz,CCVC,no,100
txaf,CCVC,no,
txav,CCVC,no,
txax,CCVC,no,
txaj,CCVC,no,
txac,CCVC,no,
txaC,CCVC,no,
txal,CCVC,yes,shell
txar,CCVC,no,
txom,CCVC,no,
txon,CCVC,no,
txoq,CCVC,no,
txob,CCVC,no,
txod,CCVC,no,
txog,CCVC,no,
txop,CCVC,no,
txot,CCVC,no,loose
txok,CCVC,no,
txos,CCVC,no,
txoz,CCVC,no,
txof,CCVC,no,
txov,CCVC,no,
txox,CCVC,no,
txoj,CCVC,no,
txoc,CCVC,no,
txoC,CCVC,no,
txol,CCVC,no,
txor,CCVC,no,saturate
txum,CCVC,yes,tissue
txun,CCVC,no,sneeze
txuq,CCVC,no,
txub,CCVC,no,
txud,CCVC,no,
txug,CCVC,no,
txup,CCVC,no,
txut,CCVC,no,chew
txuk,CCVC,no,
txus,CCVC,no,
txuz,CCVC,no,choose
txuf,CCVC,no,
txuv,CCVC,no,
txux,CCVC,no,
txuj,CCVC,no,
txuc,CCVC,no,
txuC,CCVC,no,
txul,CCVC,no,actual
txur,CCVC,no,
trim,CCVC,no,
trin,CCVC,yes,neutrino
triq,CCVC,no,
trib,CCVC,no,
trid,CCVC,no,vowel i sound
trig,CCVC,no,
trip,CCVC,no,
trit,CCVC,no,
trik,CCVC,yes,trick
tris,CCVC,yes,interest
triz,CCVC,no,
trif,CCVC,yes,
triv,CCVC,no,
trix,CCVC,no,
trij,CCVC,no,treasure
tric,CCVC,no,
triC,CCVC,yes,
trem,CCVC,no,
tren,CCVC,no,
treq,CCVC,no,
treb,CCVC,no,
tred,CCVC,no,trade
treg,CCVC,no,
trep,CCVC,no,
tret,CCVC,yes,trait
trek,CCVC,no,
tres,CCVC,no,trace
trez,CCVC,no,
tref,CCVC,no,
trev,CCVC,no,
trex,CCVC,no,
trej,CCVC,no,
trec,CCVC,no,
treC,CCVC,no,
tram,CCVC,no,
tran,CCVC,no,
traq,CCVC,no,triangle
trab,CCVC,yes,tribe
trad,CCVC,no,west
trag,CCVC,yes,10^42
trap,CCVC,no,trap
trat,CCVC,no,tight
trak,CCVC,no,track (path)
tras,CCVC,yes,torus
traz,CCVC,no,
traf,CCVC,yes,
trav,CCVC,no,
trax,CCVC,no,
traj,CCVC,no,
trac,CCVC,no,
traC,CCVC,yes,
tral,CCVC,yes,
trar,CCVC,no,
trom,CCVC,no,spectrum
tron,CCVC,no,
troq,CCVC,no,
trob,CCVC,no,
trod,CCVC,no,
trog,CCVC,no,
trop,CCVC,no,
trot,CCVC,yes,
trok,CCVC,no,
tros,CCVC,no,
troz,CCVC,no,
trof,CCVC,no,
trov,CCVC,no,
trox,CCVC,no,
troj,CCVC,no,
troc,CCVC,no,
troC,CCVC,no,
trol,CCVC,no,
tror,CCVC,no,
trum,CCVC,yes,
trun,CCVC,no,
truq,CCVC,no,
trub,CCVC,yes,
trud,CCVC,no,
trug,CCVC,yes,
trup,CCVC,no,
trut,CCVC,no,
truk,CCVC,no,
trus,CCVC,yes,
truz,CCVC,no,
truf,CCVC,yes,
truv,CCVC,no,
trux,CCVC,yes,
truj,CCVC,no,
truc,CCVC,no,
truC,CCVC,yes,
trul,CCVC,yes,
trur,CCVC,no,
kimp,CVCC,no,
kind,CVCC,no,
kint,CVCC,no,
kink,CVCC,no,
kiqk,CVCC,yes,10^15
kidj,CVCC,no,
kitx,CVCC,no,
kikx,CVCC,no,
kisp,CVCC,no,
kist,CVCC,no,
kisk,CVCC,no,
kift,CVCC,no,
kixt,CVCC,no,
kilb,CVCC,no,
kild,CVCC,no,
kilp,CVCC,no,
kilt,CVCC,no,
kilk,CVCC,no,
kilf,CVCC,no,
kilv,CVCC,no,
kilx,CVCC,no,
kirm,CVCC,no,
kirn,CVCC,yes,cure
kirb,CVCC,no,
kird,CVCC,no,
kirg,CVCC,no,
kirp,CVCC,no,
kirt,CVCC,no,
kirk,CVCC,no,
kirf,CVCC,no,
kirv,CVCC,no,
kirx,CVCC,no,
kemp,CVCC,no,
kend,CVCC,no,
kent,CVCC,no,
kenk,CVCC,no,
keqk,CVCC,no,
kedj,CVCC,no,accept
ketx,CVCC,no,
kekx,CVCC,no,
kesp,CVCC,no,
kest,CVCC,no,
kesk,CVCC,no,
keft,CVCC,no,
kext,CVCC,no,
kelb,CVCC,no,
keld,CVCC,no,
kelp,CVCC,no,
kelt,CVCC,no,
kelk,CVCC,no,
kelf,CVCC,no,
kelv,CVCC,no,
kelx,CVCC,no,
kerm,CVCC,no,
kern,CVCC,no,
kerb,CVCC,no,
kerd,CVCC,no,
kerg,CVCC,no,
kerp,CVCC,no,
kert,CVCC,no,
kerk,CVCC,no,
kerf,CVCC,no,
kerv,CVCC,no,
kerx,CVCC,no,
kamp,CVCC,no,camp
kand,CVCC,no,command
kant,CVCC,no,
kank,CVCC,no,
kaqk,CVCC,no,
kadj,CVCC,no,
katx,CVCC,no,
kakx,CVCC,no,
kasp,CVCC,no,
kast,CVCC,no,cast
kask,CVCC,no,
kaft,CVCC,no,
kaxt,CVCC,no,
kalb,CVCC,no,
kald,CVCC,no,
kalp,CVCC,no,
kalt,CVCC,no,cult
kalk,CVCC,no,
kalf,CVCC,no,
kalv,CVCC,yes,kelvin
kalx,CVCC,no,
karm,CVCC,no,
karn,CVCC,no,
karb,CVCC,no,
kard,CVCC,no,can
karg,CVCC,no,
karp,CVCC,no,keep
kart,CVCC,no,crown
kark,CVCC,yes,quark
karf,CVCC,no,
karv,CVCC,no,
karx,CVCC,no,
komp,CVCC,no,
kond,CVCC,no,
kont,CVCC,no,
konk,CVCC,no,
koqk,CVCC,no,
kodj,CVCC,no,
kotx,CVCC,no,
kokx,CVCC,no,
kosp,CVCC,no,
kost,CVCC,no,
kosk,CVCC,no,
koft,CVCC,no,
koxt,CVCC,no,
kolb,CVCC,no,
kold,CVCC,no,cold
kolp,CVCC,no,
kolt,CVCC,no,
kolk,CVCC,no,
kolf,CVCC,no,
kolv,CVCC,no,
kolx,CVCC,no,
korm,CVCC,no,
korn,CVCC,no,category
korb,CVCC,yes,cone
kord,CVCC,no,
korg,CVCC,no,encounter
korp,CVCC,no,
kort,CVCC,no,court (justice)
kork,CVCC,no,curl
korf,CVCC,no,
korv,CVCC,no,
korx,CVCC,no,xor
kump,CVCC,no,
kund,CVCC,yes,kind (good)
kunt,CVCC,no,
kunk,CVCC,no,
kuqk,CVCC,no,
kudj,CVCC,no,
kutx,CVCC,no,
kukx,CVCC,no,
kusp,CVCC,no,
kust,CVCC,no,
kusk,CVCC,no,
kuft,CVCC,no,
kuxt,CVCC,no,
kulb,CVCC,no,
kuld,CVCC,no,
kulp,CVCC,no,
kult,CVCC,no,
kulk,CVCC,no,
kulf,CVCC,no,
kulv,CVCC,no,
kulx,CVCC,no,answer
kurm,CVCC,no,
kurn,CVCC,no,
kurb,CVCC,no,
kurd,CVCC,no,
kurg,CVCC,no,
kurp,CVCC,no,
kurt,CVCC,no,
kurk,CVCC,no,
kurf,CVCC,no,
kurv,CVCC,yes,curve
kurx,CVCC,no,
klim,CCVC,no,
klin,CCVC,no,clean
kliq,CCVC,no,k sound
klib,CCVC,no,
klid,CCVC,no,
klig,CCVC,no,
klip,CCVC,no,
klit,CCVC,no,
klik,CCVC,no,
klis,CCVC,no,nucleus
kliz,CCVC,no,
klif,CCVC,no,
kliv,CCVC,no,cave
klix,CCVC,no,
klij,CCVC,no,
klic,CCVC,no,
kliC,CCVC,no,
klem,CCVC,no,claim
klen,CCVC,no,
kleq,CCVC,no,
kleb,CCVC,no,
kled,CCVC,no,
kleg,CCVC,no,
klep,CCVC,no,
klet,CCVC,no,
klek,CCVC,yes,click
kles,CCVC,no,
klez,CCVC,no,
klef,CCVC,no,
klev,CCVC,no,
klex,CCVC,no,
klej,CCVC,no,
klec,CCVC,no,
kleC,CCVC,no,
klam,CCVC,no,
klan,CCVC,no,claw
klaq,CCVC,no,
klab,CCVC,no,
klad,CCVC,no,cloud
klag,CCVC,no,
klap,CCVC,no,danish a vowel sound
klat,CCVC,no,cat
klak,CCVC,no,clock
klas,CCVC,no,
klaz,CCVC,no,
klaf,CCVC,no,
klav,CCVC,no,
klax,CCVC,no,
klaj,CCVC,no,
klac,CCVC,no,
klaC,CCVC,no,
klal,CCVC,no,
klar,CCVC,no,
klom,CCVC,no,
klon,CCVC,no,
kloq,CCVC,no,
klob,CCVC,no,
klod,CCVC,no,
klog,CCVC,no,
klop,CCVC,no,
klot,CCVC,no,
klok,CCVC,no,quick
klos,CCVC,no,
kloz,CCVC,yes,close
klof,CCVC,no,
klov,CCVC,no,
klox,CCVC,no,
kloj,CCVC,no,
kloc,CCVC,no,
kloC,CCVC,no,
klol,CCVC,no,
klor,CCVC,no,color
klum,CCVC,no,cue
klun,CCVC,no,community
kluq,CCVC,no,
klub,CCVC,no,kill
klud,CCVC,no,
klug,CCVC,no,
klup,CCVC,no,
klut,CCVC,no,cute
kluk,CCVC,no,
klus,CCVC,no,
kluz,CCVC,no,
kluf,CCVC,no,
kluv,CCVC,no,
klux,CCVC,no,
kluj,CCVC,no,
kluc,CCVC,no,
kluC,CCVC,no,
klul,CCVC,no,
klur,CCVC,no,
krim,CCVC,no,
krin,CCVC,no,
kriq,CCVC,no,care
krib,CCVC,no,
krid,CCVC,no,liquid
krig,CCVC,no,
krip,CCVC,no,
krit,CCVC,no,
krik,CCVC,no,
kris,CCVC,no,
kriz,CCVC,no,
krif,CCVC,no,
kriv,CCVC,no,
krix,CCVC,no,
krij,CCVC,no,
kric,CCVC,no,
kriC,CCVC,no,
krem,CCVC,no,chemical
kren,CCVC,no,
kreq,CCVC,no,
kreb,CCVC,no,
kred,CCVC,no,credit
kreg,CCVC,no,
krep,CCVC,no,crypto
kret,CCVC,no,secret
krek,CCVC,no,cake
kres,CCVC,no,
krez,CCVC,no,
kref,CCVC,no,
krev,CCVC,no,crave
krex,CCVC,no,
krej,CCVC,no,
krec,CCVC,no,
kreC,CCVC,no,
kram,CCVC,no,
kran,CCVC,no,
kraq,CCVC,no,ring (sound)
krab,CCVC,no,
krad,CCVC,no,
krag,CCVC,no,node
krap,CCVC,no,
krat,CCVC,no,
krak,CCVC,no,crack
kras,CCVC,no,cross
kraz,CCVC,no,
kraf,CCVC,no,comfort
krav,CCVC,no,
krax,CCVC,no,crash
kraj,CCVC,no,
krac,CCVC,no,
kraC,CCVC,no,
kral,CCVC,no,
krar,CCVC,no,
krom,CCVC,no,ohm (measurement)
kron,CCVC,no,
kroq,CCVC,no,
krob,CCVC,no,
krod,CCVC,no,
krog,CCVC,no,
krop,CCVC,no,
krot,CCVC,no,right (vs. wrong)
krok,CCVC,no,croak
kros,CCVC,no,
kroz,CCVC,no,
krof,CCVC,no,
krov,CCVC,no,
krox,CCVC,no,
kroj,CCVC,no,
kroc,CCVC,no,
kroC,CCVC,no,
krol,CCVC,no,cull
kror,CCVC,no,
krum,CCVC,no,
krun,CCVC,no,
kruq,CCVC,no,
krub,CCVC,no,
krud,CCVC,no,
krug,CCVC,no,
krup,CCVC,no,
krut,CCVC,no,
kruk,CCVC,no,
krus,CCVC,no,
kruz,CCVC,no,
kruf,CCVC,no,
kruv,CCVC,no,
krux,CCVC,no,
kruj,CCVC,no,
kruc,CCVC,no,
kruC,CCVC,no,
krul,CCVC,no,
krur,CCVC,no,
himp,CVCC,no,
hind,CVCC,no,
hint,CVCC,yes,hint
hink,CVCC,no,
hiqk,CVCC,no,
hidj,CVCC,yes,polyhedron
hitx,CVCC,no,
hikx,CVCC,yes,
hisp,CVCC,yes,
hist,CVCC,no,
hisk,CVCC,yes,
hift,CVCC,yes,
hixt,CVCC,yes,
hilb,CVCC,yes,
hild,CVCC,no,
hilp,CVCC,no,
hilt,CVCC,yes,
hilk,CVCC,yes,elk
hilf,CVCC,yes,
hilv,CVCC,no,
hilx,CVCC,yes,
hirm,CVCC,yes,
hirn,CVCC,no,
hirb,CVCC,no,
hird,CVCC,no,
hirg,CVCC,no,
hirp,CVCC,no,
hirt,CVCC,no,
hirk,CVCC,no,
hirf,CVCC,no,
hirv,CVCC,no,
hirx,CVCC,no,
hemp,CVCC,no,
hend,CVCC,no,
hent,CVCC,no,
henk,CVCC,no,
heqk,CVCC,yes,angry
hedj,CVCC,no,age
hetx,CVCC,no,
hekx,CVCC,no,
hesp,CVCC,no,
hest,CVCC,no,
hesk,CVCC,no,
heft,CVCC,no,
hext,CVCC,no,
helb,CVCC,no,
held,CVCC,no,
help,CVCC,no,
helt,CVCC,no,
helk,CVCC,no,
helf,CVCC,no,
helv,CVCC,no,
helx,CVCC,no,
herm,CVCC,no,
hern,CVCC,no,
herb,CVCC,no,
herd,CVCC,no,
herg,CVCC,no,
herp,CVCC,no,
hert,CVCC,no,
herk,CVCC,no,
herf,CVCC,no,
herv,CVCC,no,
herx,CVCC,no,
hamp,CVCC,yes,ampere (electric current)
hand,CVCC,yes,
hant,CVCC,no,hunt
hank,CVCC,no,
haqk,CVCC,no,
hadj,CVCC,yes,hedge
hatx,CVCC,no,hole
hakx,CVCC,yes,
hasp,CVCC,no,
hast,CVCC,no,
hask,CVCC,yes,explore
haft,CVCC,yes,
haxt,CVCC,yes,
halb,CVCC,no,
hald,CVCC,yes,elm
halp,CVCC,yes,
halt,CVCC,no,
halk,CVCC,no,
half,CVCC,no,
halv,CVCC,no,
halx,CVCC,yes,hair
harm,CVCC,no,
harn,CVCC,no,
harb,CVCC,no,
hard,CVCC,no,hard (vs. soft)
harg,CVCC,no,
harp,CVCC,no,
hart,CVCC,no,
hark,CVCC,yes,arc
harf,CVCC,no,
harv,CVCC,no,
harx,CVCC,no,
homp,CVCC,no,
hond,CVCC,no,
hont,CVCC,no,
honk,CVCC,no,
hoqk,CVCC,no,
hodj,CVCC,no,
hotx,CVCC,no,
hokx,CVCC,no,
hosp,CVCC,no,
host,CVCC,yes,thirst
hosk,CVCC,no,
hoft,CVCC,no,
hoxt,CVCC,no,
holb,CVCC,no,
hold,CVCC,no,h sound
holp,CVCC,no,
holt,CVCC,no,
holk,CVCC,no,
holf,CVCC,no,
holv,CVCC,yes,elbow
holx,CVCC,no,
horm,CVCC,no,
horn,CVCC,yes,horn (animal)
horb,CVCC,no,
hord,CVCC,no,ahead
horg,CVCC,no,
horp,CVCC,no,
hort,CVCC,no,heart (body)
hork,CVCC,no,
horf,CVCC,no,
horv,CVCC,no,
horx,CVCC,no,oh
hump,CVCC,yes,
hund,CVCC,yes,
hunt,CVCC,no,
hunk,CVCC,no,
huqk,CVCC,yes,hunger
hudj,CVCC,yes,vowel u sound
hutx,CVCC,no,itch
hukx,CVCC,yes,
husp,CVCC,no,
hust,CVCC,no,
husk,CVCC,yes,
huft,CVCC,yes,
huxt,CVCC,yes,
hulb,CVCC,yes,
huld,CVCC,no,
hulp,CVCC,no,
hult,CVCC,yes,
hulk,CVCC,yes,
hulf,CVCC,no,
hulv,CVCC,no,
hulx,CVCC,yes,
hurm,CVCC,no,
hurn,CVCC,no,
hurb,CVCC,no,
hurd,CVCC,no,
hurg,CVCC,no,
hurp,CVCC,no,
hurt,CVCC,no,
hurk,CVCC,no,
hurf,CVCC,no,
hurv,CVCC,no,
hurx,CVCC,no,
simp,CVCC,no,
sind,CVCC,no,
sint,CVCC,no,
sink,CVCC,no,
siqk,CVCC,yes,sink (down)
sidj,CVCC,no,
sitx,CVCC,yes,second (time)
sikx,CVCC,yes,
sisp,CVCC,no,
sist,CVCC,no,
sisk,CVCC,yes,
sift,CVCC,yes,
sixt,CVCC,yes,
silb,CVCC,yes,
sild,CVCC,no,
silp,CVCC,no,
silt,CVCC,yes,
silk,CVCC,yes,
silf,CVCC,yes,
silv,CVCC,no,
silx,CVCC,yes,
sirm,CVCC,yes,
sirn,CVCC,no,
sirb,CVCC,no,
sird,CVCC,no,
sirg,CVCC,no,
sirp,CVCC,no,
sirt,CVCC,no,
sirk,CVCC,no,
sirf,CVCC,no,
sirv,CVCC,no,
sirx,CVCC,no,
semp,CVCC,no,
send,CVCC,no,
sent,CVCC,yes,saint
senk,CVCC,no,
seqk,CVCC,no,
sedj,CVCC,no,sage (person)
setx,CVCC,no,
sekx,CVCC,no,
sesp,CVCC,no,
sest,CVCC,no,
sesk,CVCC,no,
seft,CVCC,no,
sext,CVCC,no,
selb,CVCC,no,
seld,CVCC,no,
selp,CVCC,no,
selt,CVCC,no,
selk,CVCC,no,
self,CVCC,no,
selv,CVCC,no,
selx,CVCC,no,
serm,CVCC,no,
sern,CVCC,no,
serb,CVCC,no,
serd,CVCC,no,
serg,CVCC,no,
serp,CVCC,no,
sert,CVCC,no,
serk,CVCC,no,
serf,CVCC,no,
serv,CVCC,no,
serx,CVCC,no,
samp,CVCC,no,sentence (text)
sand,CVCC,no,sand
sant,CVCC,no,
sank,CVCC,no,
saqk,CVCC,yes,sign
sadj,CVCC,yes,beside
satx,CVCC,no,such
sakx,CVCC,yes,
sasp,CVCC,yes,
sast,CVCC,no,
sask,CVCC,yes,
saft,CVCC,yes,soft
saxt,CVCC,yes,
salb,CVCC,no,
sald,CVCC,no,
salp,CVCC,no,
salt,CVCC,no,
salk,CVCC,yes,circle
salf,CVCC,no,
salv,CVCC,no,
salx,CVCC,no,
sarm,CVCC,no,
sarn,CVCC,no,
sarb,CVCC,no,
sard,CVCC,yes,side
sarg,CVCC,no,
sarp,CVCC,no,
sart,CVCC,no,certain
sark,CVCC,no,discern
sarf,CVCC,no,
sarv,CVCC,no,
sarx,CVCC,no,
somp,CVCC,yes,
sond,CVCC,yes,
sont,CVCC,no,
sonk,CVCC,no,
soqk,CVCC,no,
sodj,CVCC,no,
sotx,CVCC,no,
sokx,CVCC,no,
sosp,CVCC,no,
sost,CVCC,no,
sosk,CVCC,no,
soft,CVCC,no,
soxt,CVCC,no,
solb,CVCC,no,
sold,CVCC,no,solid
solp,CVCC,yes,swap
solt,CVCC,no,
solk,CVCC,no,
solf,CVCC,no,
solv,CVCC,no,
solx,CVCC,no,
sorm,CVCC,yes,some
sorn,CVCC,no,
sorb,CVCC,no,
sord,CVCC,no,
sorg,CVCC,no,recent
sorp,CVCC,no,
sort,CVCC,no,
sork,CVCC,no,
sorf,CVCC,yes,surface
sorv,CVCC,no,
sorx,CVCC,no,
sump,CVCC,no,
sund,CVCC,no,
sunt,CVCC,no,
sunk,CVCC,no,
suqk,CVCC,no,
sudj,CVCC,no,
sutx,CVCC,yes,set (math)
sukx,CVCC,yes,
susp,CVCC,yes,
sust,CVCC,no,
susk,CVCC,yes,
suft,CVCC,yes,
suxt,CVCC,yes,
sulb,CVCC,no,
suld,CVCC,yes,
sulp,CVCC,no,
sult,CVCC,no,
sulk,CVCC,yes,
sulf,CVCC,no,
sulv,CVCC,no,
sulx,CVCC,yes,
surm,CVCC,no,
surn,CVCC,no,
surb,CVCC,no,
surd,CVCC,no,
surg,CVCC,no,
surp,CVCC,no,
surt,CVCC,no,
surk,CVCC,no,
surf,CVCC,no,
surv,CVCC,no,
surx,CVCC,no,
zimp,CVCC,no,
zind,CVCC,no,
zint,CVCC,no,
zink,CVCC,no,
ziqk,CVCC,no,
zidj,CVCC,no,
zitx,CVCC,no,
zikx,CVCC,no,
zisp,CVCC,no,
zist,CVCC,yes,resist
zisk,CVCC,no,
zift,CVCC,no,
zixt,CVCC,no,
zilb,CVCC,no,
zild,CVCC,no,
zilp,CVCC,no,
zilt,CVCC,no,
zilk,CVCC,no,
zilf,CVCC,no,
zilv,CVCC,no,
zilx,CVCC,no,
zirm,CVCC,no,
zirn,CVCC,no,
zirb,CVCC,no,
zird,CVCC,no,
zirg,CVCC,no,
zirp,CVCC,no,
zirt,CVCC,no,
zirk,CVCC,no,
zirf,CVCC,no,
zirv,CVCC,no,
zirx,CVCC,no,
zemp,CVCC,no,
zend,CVCC,no,
zent,CVCC,no,
zenk,CVCC,no,
zeqk,CVCC,no,hand
zedj,CVCC,no,
zetx,CVCC,no,1000
zekx,CVCC,no,
zesp,CVCC,no,
zest,CVCC,no,
zesk,CVCC,no,
zeft,CVCC,no,
zext,CVCC,no,
zelb,CVCC,no,
zeld,CVCC,no,
zelp,CVCC,no,
zelt,CVCC,no,
zelk,CVCC,no,
zelf,CVCC,no,
zelv,CVCC,no,
zelx,CVCC,no,
zerm,CVCC,no,
zern,CVCC,no,
zerb,CVCC,no,
zerd,CVCC,no,
zerg,CVCC,no,
zerp,CVCC,no,
zert,CVCC,no,
zerk,CVCC,no,
zerf,CVCC,no,
zerv,CVCC,no,
zerx,CVCC,no,
zamp,CVCC,no,
zand,CVCC,no,
zant,CVCC,no,
zank,CVCC,no,
zaqk,CVCC,no,
zadj,CVCC,no,
zatx,CVCC,no,
zakx,CVCC,no,
zasp,CVCC,no,
zast,CVCC,no,
zask,CVCC,no,
zaft,CVCC,no,
zaxt,CVCC,no,
zalb,CVCC,no,fermion
zald,CVCC,no,
zalp,CVCC,no,
zalt,CVCC,no,
zalk,CVCC,no,
zalf,CVCC,no,
zalv,CVCC,no,dissolve
zalx,CVCC,yes,toe
zarm,CVCC,no,
zarn,CVCC,no,alien
zarb,CVCC,no,
zard,CVCC,no,
zarg,CVCC,no,
zarp,CVCC,no,
zart,CVCC,no,lizard
zark,CVCC,no,open
zarf,CVCC,no,
zarv,CVCC,no,
zarx,CVCC,no,
zomp,CVCC,no,
zond,CVCC,no,
zont,CVCC,no,
zonk,CVCC,no,
zoqk,CVCC,no,
zodj,CVCC,no,
zotx,CVCC,no,
zokx,CVCC,no,
zosp,CVCC,no,
zost,CVCC,no,
zosk,CVCC,no,
zoft,CVCC,no,
zoxt,CVCC,no,
zolb,CVCC,no,
zold,CVCC,no,
zolp,CVCC,no,
zolt,CVCC,no,column
zolk,CVCC,no,
zolf,CVCC,no,
zolv,CVCC,no,
zolx,CVCC,no,
zorm,CVCC,no,
zorn,CVCC,no,ear
zorb,CVCC,no,
zord,CVCC,no,exit
zorg,CVCC,no,
zorp,CVCC,no,
zort,CVCC,no,
zork,CVCC,no,
zorf,CVCC,no,
zorv,CVCC,no,
zorx,CVCC,no,
zump,CVCC,no,
zund,CVCC,no,
zunt,CVCC,no,
zunk,CVCC,no,
zuqk,CVCC,yes,z sound
zudj,CVCC,no,
zutx,CVCC,no,
zukx,CVCC,no,
zusp,CVCC,no,
zust,CVCC,no,
zusk,CVCC,no,
zuft,CVCC,no,
zuxt,CVCC,no,
zulb,CVCC,no,
zuld,CVCC,no,
zulp,CVCC,no,
zult,CVCC,no,
zulk,CVCC,no,
zulf,CVCC,no,
zulv,CVCC,no,
zulx,CVCC,no,
zurm,CVCC,no,
zurn,CVCC,no,
zurb,CVCC,no,
zurd,CVCC,no,
zurg,CVCC,no,
zurp,CVCC,no,
zurt,CVCC,no,
zurk,CVCC,no,
zurf,CVCC,no,
zurv,CVCC,no,
zurx,CVCC,no,
fimp,CVCC,no,
find,CVCC,no,
fint,CVCC,no,
fink,CVCC,no,
fiqk,CVCC,yes,even (though)
fidj,CVCC,no,
fitx,CVCC,no,
fikx,CVCC,yes,
fisp,CVCC,no,
fist,CVCC,no,
fisk,CVCC,yes,
fift,CVCC,yes,
fixt,CVCC,yes,
filb,CVCC,yes,
fild,CVCC,no,
filp,CVCC,no,
filt,CVCC,yes,
filk,CVCC,yes,
filf,CVCC,yes,
filv,CVCC,no,
filx,CVCC,yes,
firm,CVCC,yes,
firn,CVCC,no,
firb,CVCC,no,
fird,CVCC,no,
firg,CVCC,no,
firp,CVCC,no,
firt,CVCC,no,
firk,CVCC,no,
firf,CVCC,no,
firv,CVCC,no,
firx,CVCC,no,
femp,CVCC,no,
fend,CVCC,no,
fent,CVCC,yes,faint (dizzy)
fenk,CVCC,no,
feqk,CVCC,no,
fedj,CVCC,no,
fetx,CVCC,no,
fekx,CVCC,no,
fesp,CVCC,no,
fest,CVCC,no,
fesk,CVCC,no,
feft,CVCC,no,
fext,CVCC,no,
felb,CVCC,no,
feld,CVCC,no,
felp,CVCC,no,
felt,CVCC,no,
felk,CVCC,no,
felf,CVCC,no,
felv,CVCC,no,
felx,CVCC,no,
ferm,CVCC,no,
fern,CVCC,no,
ferb,CVCC,no,
ferd,CVCC,no,
ferg,CVCC,no,
ferp,CVCC,no,
fert,CVCC,no,
ferk,CVCC,no,
ferf,CVCC,no,
ferv,CVCC,no,
ferx,CVCC,no,
famp,CVCC,no,
fand,CVCC,no,fund
fant,CVCC,no,
fank,CVCC,no,
faqk,CVCC,yes,funk
fadj,CVCC,no,
fatx,CVCC,no,
fakx,CVCC,yes,
fasp,CVCC,no,
fast,CVCC,yes,fast
fask,CVCC,yes,
faft,CVCC,yes,
faxt,CVCC,yes,
falb,CVCC,no,
fald,CVCC,no,
falp,CVCC,no,
falt,CVCC,no,
falk,CVCC,no,
falf,CVCC,no,
falv,CVCC,no,
falx,CVCC,no,
farm,CVCC,yes,far
farn,CVCC,no,
farb,CVCC,no,
fard,CVCC,no,
farg,CVCC,yes,fog
farp,CVCC,no,
fart,CVCC,yes,fart
fark,CVCC,no,
farf,CVCC,no,
farv,CVCC,yes,10^24
farx,CVCC,no,
fomp,CVCC,no,
fond,CVCC,no,
font,CVCC,no,
fonk,CVCC,no,
foqk,CVCC,no,
fodj,CVCC,no,
fotx,CVCC,no,
fokx,CVCC,no,
fosp,CVCC,no,
fost,CVCC,no,
fosk,CVCC,no,
foft,CVCC,no,
foxt,CVCC,no,
folb,CVCC,no,
fold,CVCC,no,fold
folp,CVCC,no,
folt,CVCC,no,
folk,CVCC,no,
folf,CVCC,no,
folv,CVCC,no,
folx,CVCC,no,
form,CVCC,no,form
forn,CVCC,no,fine (good)
forb,CVCC,no,
ford,CVCC,no,
forg,CVCC,no,
forp,CVCC,no,
fort,CVCC,no,fort
fork,CVCC,no,ant (animal)
forf,CVCC,no,
forv,CVCC,no,
forx,CVCC,no,
fump,CVCC,no,
fund,CVCC,no,
funt,CVCC,yes,photon
funk,CVCC,yes,
fuqk,CVCC,no,
fudj,CVCC,no,
futx,CVCC,no,
fukx,CVCC,yes,
fusp,CVCC,no,
fust,CVCC,no,
fusk,CVCC,yes,
fuft,CVCC,yes,
fuxt,CVCC,yes,
fulb,CVCC,no,
fuld,CVCC,no,
fulp,CVCC,no,
fult,CVCC,yes,
fulk,CVCC,yes,
fulf,CVCC,no,
fulv,CVCC,no,
fulx,CVCC,no,
furm,CVCC,yes,
furn,CVCC,no,
furb,CVCC,no,
furd,CVCC,no,
furg,CVCC,no,
furp,CVCC,no,
furt,CVCC,no,
furk,CVCC,no,
furf,CVCC,no,
furv,CVCC,no,
furx,CVCC,no,
flim,CCVC,no,
flin,CCVC,no,
fliq,CCVC,no,
flib,CCVC,no,
flid,CCVC,yes,field (math)
flig,CCVC,no,
flip,CCVC,yes,flip
flit,CCVC,no,
flik,CCVC,no,
flis,CCVC,no,
fliz,CCVC,no,
flif,CCVC,yes,
fliv,CCVC,no,
flix,CCVC,no,
flij,CCVC,no,
flic,CCVC,no,
fliC,CCVC,no,
flem,CCVC,yes,flame
flen,CCVC,no,
fleq,CCVC,no,
fleb,CCVC,no,
fled,CCVC,no,
fleg,CCVC,no,
flep,CCVC,no,
flet,CCVC,no,fight
flek,CCVC,yes,mirror
fles,CCVC,no,
flez,CCVC,no,
flef,CCVC,no,
flev,CCVC,no,
flex,CCVC,no,
flej,CCVC,no,
flec,CCVC,no,
fleC,CCVC,yes,appear
flam,CCVC,no,
flan,CCVC,no,
flaq,CCVC,no,
flab,CCVC,no,
flad,CCVC,yes,
flag,CCVC,no,
flap,CCVC,yes,hop
flat,CCVC,no,flat
flak,CCVC,no,
flas,CCVC,no,
flaz,CCVC,no,
flaf,CCVC,yes,
flav,CCVC,no,
flax,CCVC,yes,flesh
flaj,CCVC,no,
flac,CCVC,no,
flaC,CCVC,no,
flal,CCVC,no,
flar,CCVC,no,
flom,CCVC,yes,f sound
flon,CCVC,no,
floq,CCVC,no,
flob,CCVC,no,lob
flod,CCVC,no,
flog,CCVC,no,
flop,CCVC,no,
flot,CCVC,no,float
flok,CCVC,yes,glow
flos,CCVC,no,
floz,CCVC,no,
flof,CCVC,no,
flov,CCVC,no,
flox,CCVC,no,
floj,CCVC,no,
floc,CCVC,no,
floC,CCVC,no,
flol,CCVC,no,
flor,CCVC,yes,flower
flum,CCVC,no,fly (action)
flun,CCVC,no,few
fluq,CCVC,no,
flub,CCVC,no,
flud,CCVC,yes,fluid
flug,CCVC,no,
flup,CCVC,yes,
flut,CCVC,no,
fluk,CCVC,no,
flus,CCVC,no,
fluz,CCVC,yes,complex
fluf,CCVC,yes,
fluv,CCVC,no,
flux,CCVC,yes,flush
fluj,CCVC,no,
fluc,CCVC,no,
fluC,CCVC,no,
flul,CCVC,no,
flur,CCVC,no,
frim,CCVC,no,
frin,CCVC,no,funny
friq,CCVC,no,
frib,CCVC,no,
frid,CCVC,no,
frig,CCVC,no,
frip,CCVC,no,
frit,CCVC,no,
frik,CCVC,no,freak
fris,CCVC,yes,hiss
friz,CCVC,no,freeze
frif,CCVC,no,
friv,CCVC,no,
frix,CCVC,yes,fish
frij,CCVC,no,
fric,CCVC,no,
friC,CCVC,no,
frem,CCVC,no,
fren,CCVC,no,danish e vowel sound
freq,CCVC,no,
freb,CCVC,no,
fred,CCVC,no,vowel large E sound
freg,CCVC,no,
frep,CCVC,no,
fret,CCVC,no,frame
frek,CCVC,no,
fres,CCVC,no,
frez,CCVC,no,phrase
fref,CCVC,no,
frev,CCVC,no,
frex,CCVC,no,
frej,CCVC,no,
frec,CCVC,no,
freC,CCVC,no,
fram,CCVC,no,
fran,CCVC,no,
fraq,CCVC,no,
frab,CCVC,no,
frad,CCVC,no,
frag,CCVC,no,
frap,CCVC,no,
frat,CCVC,no,
frak,CCVC,no,
fras,CCVC,yes,sail
fraz,CCVC,no,
fraf,CCVC,no,
frav,CCVC,no,
frax,CCVC,no,fresh
fraj,CCVC,no,
frac,CCVC,no,
fraC,CCVC,no,
fral,CCVC,no,
frar,CCVC,no,
from,CCVC,no,
fron,CCVC,no,
froq,CCVC,no,
frob,CCVC,no,
frod,CCVC,no,
frog,CCVC,no,
frop,CCVC,no,
frot,CCVC,no,
frok,CCVC,no,
fros,CCVC,no,
froz,CCVC,no,
frof,CCVC,no,
frov,CCVC,no,
frox,CCVC,no,
froj,CCVC,no,
froc,CCVC,no,
froC,CCVC,no,fear
frol,CCVC,no,
fror,CCVC,no,
frum,CCVC,no,
frun,CCVC,no,
fruq,CCVC,no,
frub,CCVC,no,
frud,CCVC,no,
frug,CCVC,no,
frup,CCVC,no,
frut,CCVC,no,
fruk,CCVC,no,
frus,CCVC,no,
fruz,CCVC,no,
fruf,CCVC,no,
fruv,CCVC,no,
frux,CCVC,no,
fruj,CCVC,no,
fruc,CCVC,no,
fruC,CCVC,no,
frul,CCVC,no,
frur,CCVC,no,
vimp,CVCC,no,
vind,CVCC,no,
vint,CVCC,no,
vink,CVCC,no,
viqk,CVCC,no,
vidj,CVCC,no,
vitx,CVCC,no,
vikx,CVCC,no,
visp,CVCC,no,
vist,CVCC,yes,visit
visk,CVCC,no,
vift,CVCC,no,
vixt,CVCC,no,
vilb,CVCC,no,
vild,CVCC,no,
vilp,CVCC,no,
vilt,CVCC,no,
vilk,CVCC,no,
vilf,CVCC,no,
vilv,CVCC,no,
vilx,CVCC,no,
virm,CVCC,no,
virn,CVCC,no,
virb,CVCC,no,
vird,CVCC,no,
virg,CVCC,no,
virp,CVCC,no,
virt,CVCC,no,
virk,CVCC,no,
virf,CVCC,no,
virv,CVCC,no,
virx,CVCC,no,
vemp,CVCC,no,
vend,CVCC,no,
vent,CVCC,no,
venk,CVCC,no,
veqk,CVCC,no,
vedj,CVCC,yes,vegetable
vetx,CVCC,no,
vekx,CVCC,no,
vesp,CVCC,no,
vest,CVCC,no,
vesk,CVCC,no,
veft,CVCC,no,
vext,CVCC,no,
velb,CVCC,no,
veld,CVCC,no,
velp,CVCC,no,
velt,CVCC,no,
velk,CVCC,no,
velf,CVCC,no,
velv,CVCC,no,
velx,CVCC,no,
verm,CVCC,no,
vern,CVCC,no,
verb,CVCC,no,
verd,CVCC,no,
verg,CVCC,no,
verp,CVCC,no,
vert,CVCC,no,
verk,CVCC,no,
verf,CVCC,no,
verv,CVCC,no,
verx,CVCC,no,
vamp,CVCC,no,
vand,CVCC,no,
vant,CVCC,no,archaea
vank,CVCC,no,
vaqk,CVCC,no,cow
vadj,CVCC,no,
vatx,CVCC,no,
vakx,CVCC,no,
vasp,CVCC,no,
vast,CVCC,no,vast
vask,CVCC,no,
vaft,CVCC,no,
vaxt,CVCC,no,
valb,CVCC,no,
vald,CVCC,no,
valp,CVCC,no,
valt,CVCC,no,
valk,CVCC,no,
valf,CVCC,no,
valv,CVCC,no,evolve
valx,CVCC,no,
varm,CVCC,no,vomit
varn,CVCC,no,
varb,CVCC,no,
vard,CVCC,no,
varg,CVCC,no,
varp,CVCC,no,
vart,CVCC,no,
vark,CVCC,no,syllable
varf,CVCC,no,
varv,CVCC,no,
varx,CVCC,no,
vomp,CVCC,no,
vond,CVCC,no,
vont,CVCC,no,
vonk,CVCC,no,
voqk,CVCC,no,
vodj,CVCC,no,
votx,CVCC,no,
vokx,CVCC,no,
vosp,CVCC,no,
vost,CVCC,no,
vosk,CVCC,no,
voft,CVCC,no,
voxt,CVCC,no,
volb,CVCC,no,
vold,CVCC,no,
volp,CVCC,no,
volt,CVCC,no,volt
volk,CVCC,no,
volf,CVCC,no,
volv,CVCC,no,
volx,CVCC,no,
vorm,CVCC,no,
vorn,CVCC,no,
vorb,CVCC,yes,ever
vord,CVCC,no,avoid
vorg,CVCC,no,
vorp,CVCC,no,
vort,CVCC,no,
vork,CVCC,no,electron
vorf,CVCC,no,
vorv,CVCC,no,
vorx,CVCC,yes,vowel o sound
vump,CVCC,no,
vund,CVCC,no,
vunt,CVCC,no,
vunk,CVCC,no,
vuqk,CVCC,no,
vudj,CVCC,no,
vutx,CVCC,yes,entity
vukx,CVCC,no,
vusp,CVCC,no,
vust,CVCC,yes,v sound
vusk,CVCC,no,
vuft,CVCC,no,
vuxt,CVCC,no,
vulb,CVCC,no,
vuld,CVCC,no,
vulp,CVCC,no,
vult,CVCC,no,
vulk,CVCC,no,
vulf,CVCC,no,
vulv,CVCC,no,
vulx,CVCC,no,
vurm,CVCC,no,
vurn,CVCC,no,
vurb,CVCC,no,
vurd,CVCC,no,
vurg,CVCC,no,
vurp,CVCC,no,
vurt,CVCC,no,
vurk,CVCC,no,
vurf,CVCC,yes,verify
vurv,CVCC,no,
vurx,CVCC,no,
vrim,CCVC,no,
vrin,CCVC,no,
vriq,CCVC,no,
vrib,CCVC,no,
vrid,CCVC,no,
vrig,CCVC,no,
vrip,CCVC,no,
vrit,CCVC,no,
vrik,CCVC,no,
vris,CCVC,no,
vriz,CCVC,no,
vrif,CCVC,no,
vriv,CCVC,no,
vrix,CCVC,no,
vrij,CCVC,no,
vric,CCVC,no,
vriC,CCVC,no,wood
vrem,CCVC,no,
vren,CCVC,no,
vreq,CCVC,no,
vreb,CCVC,no,
vred,CCVC,no,
vreg,CCVC,no,
vrep,CCVC,no,
vret,CCVC,no,settle
vrek,CCVC,no,
vres,CCVC,no,
vrez,CCVC,no,
vref,CCVC,no,
vrev,CCVC,no,
vrex,CCVC,no,
vrej,CCVC,no,
vrec,CCVC,no,
vreC,CCVC,no,
vram,CCVC,no,insight
vran,CCVC,no,
vraq,CCVC,no,
vrab,CCVC,no,
vrad,CCVC,no,
vrag,CCVC,no,
vrap,CCVC,no,
vrat,CCVC,no,
vrak,CCVC,no,
vras,CCVC,no,
vraz,CCVC,no,
vraf,CCVC,no,
vrav,CCVC,no,
vrax,CCVC,no,
vraj,CCVC,no,average
vrac,CCVC,no,
vraC,CCVC,no,
vral,CCVC,no,
vrar,CCVC,no,
vrom,CCVC,no,
vron,CCVC,no,
vroq,CCVC,no,
vrob,CCVC,no,
vrod,CCVC,no,
vrog,CCVC,no,
vrop,CCVC,no,
vrot,CCVC,no,
vrok,CCVC,no,
vros,CCVC,no,
vroz,CCVC,no,
vrof,CCVC,no,
vrov,CCVC,no,
vrox,CCVC,no,
vroj,CCVC,no,
vroc,CCVC,no,
vroC,CCVC,no,
vrol,CCVC,no,
vror,CCVC,no,
vrum,CCVC,no,
vrun,CCVC,no,ocean
vruq,CCVC,no,
vrub,CCVC,no,
vrud,CCVC,no,
vrug,CCVC,no,10^18
vrup,CCVC,no,
vrut,CCVC,no,
vruk,CCVC,no,
vrus,CCVC,no,
vruz,CCVC,no,
vruf,CCVC,no,
vruv,CCVC,no,
vrux,CCVC,no,
vruj,CCVC,no,
vruc,CCVC,no,
vruC,CCVC,no,
vrul,CCVC,no,
vrur,CCVC,no,
ximp,CVCC,yes,shrimp (fish)
xind,CVCC,yes,
xint,CVCC,no,
xink,CVCC,yes,
xiqk,CVCC,no,
xidj,CVCC,yes,
xitx,CVCC,no,
xikx,CVCC,yes,
xisp,CVCC,yes,
xist,CVCC,no,
xisk,CVCC,yes,
xift,CVCC,yes,shift
xixt,CVCC,yes,
xilb,CVCC,no,
xild,CVCC,yes,shield
xilp,CVCC,yes,
xilt,CVCC,no,
xilk,CVCC,yes,
xilf,CVCC,yes,
xilv,CVCC,no,
xilx,CVCC,yes,
xirm,CVCC,yes,
xirn,CVCC,no,
xirb,CVCC,no,
xird,CVCC,no,
xirg,CVCC,no,
xirp,CVCC,no,
xirt,CVCC,no,
xirk,CVCC,no,
xirf,CVCC,no,
xirv,CVCC,no,
xirx,CVCC,no,
xemp,CVCC,no,
xend,CVCC,no,
xent,CVCC,no,
xenk,CVCC,no,
xeqk,CVCC,no,
xedj,CVCC,no,
xetx,CVCC,no,
xekx,CVCC,no,
xesp,CVCC,no,
xest,CVCC,no,
xesk,CVCC,no,
xeft,CVCC,no,
xext,CVCC,no,
xelb,CVCC,no,
xeld,CVCC,no,
xelp,CVCC,no,
xelt,CVCC,no,
xelk,CVCC,no,
xelf,CVCC,no,
xelv,CVCC,no,
xelx,CVCC,no,
xerm,CVCC,no,
xern,CVCC,no,
xerb,CVCC,no,
xerd,CVCC,no,
xerg,CVCC,no,
xerp,CVCC,no,
xert,CVCC,no,
xerk,CVCC,no,
xerf,CVCC,no,
xerv,CVCC,no,
xerx,CVCC,no,
xamp,CVCC,no,
xand,CVCC,no,
xant,CVCC,yes,ancient
xank,CVCC,yes,
xaqk,CVCC,no,
xadj,CVCC,yes,
xatx,CVCC,no,
xakx,CVCC,yes,
xasp,CVCC,yes,
xast,CVCC,no,
xask,CVCC,yes,ask
xaft,CVCC,yes,
xaxt,CVCC,yes,
xalb,CVCC,no,
xald,CVCC,yes,
xalp,CVCC,no,
xalt,CVCC,no,
xalk,CVCC,no,
xalf,CVCC,no,
xalv,CVCC,no,
xalx,CVCC,yes,
xarm,CVCC,yes,10^21
xarn,CVCC,no,
xarb,CVCC,no,
xard,CVCC,no,
xarg,CVCC,no,
xarp,CVCC,yes,x sound
xart,CVCC,no,
xark,CVCC,yes,society
xarf,CVCC,no,
xarv,CVCC,no,
xarx,CVCC,no,
xomp,CVCC,no,
xond,CVCC,no,
xont,CVCC,no,
xonk,CVCC,no,
xoqk,CVCC,no,
xodj,CVCC,no,
xotx,CVCC,no,
xokx,CVCC,no,
xosp,CVCC,no,
xost,CVCC,no,
xosk,CVCC,no,
xoft,CVCC,no,
xoxt,CVCC,no,
xolb,CVCC,no,
xold,CVCC,no,
xolp,CVCC,no,
xolt,CVCC,no,
xolk,CVCC,no,
xolf,CVCC,no,
xolv,CVCC,no,
xolx,CVCC,no,
xorm,CVCC,no,
xorn,CVCC,no,
xorb,CVCC,no,
xord,CVCC,no,
xorg,CVCC,no,
xorp,CVCC,no,
xort,CVCC,no,sure
xork,CVCC,no,
xorf,CVCC,no,
xorv,CVCC,no,
xorx,CVCC,no,
xump,CVCC,yes,
xund,CVCC,yes,
xunt,CVCC,no,
xunk,CVCC,yes,
xuqk,CVCC,no,
xudj,CVCC,yes,
xutx,CVCC,no,
xukx,CVCC,yes,
xusp,CVCC,yes,
xust,CVCC,no,
xusk,CVCC,yes,
xuft,CVCC,yes,
xuxt,CVCC,yes,
xulb,CVCC,yes,
xuld,CVCC,no,
xulp,CVCC,no,
xult,CVCC,yes,
xulk,CVCC,yes,
xulf,CVCC,yes,
xulv,CVCC,no,
xulx,CVCC,yes,
xurm,CVCC,yes,
xurn,CVCC,no,
xurb,CVCC,no,
xurd,CVCC,no,
xurg,CVCC,no,
xurp,CVCC,no,
xurt,CVCC,no,
xurk,CVCC,no,
xurf,CVCC,no,
xurv,CVCC,no,
xurx,CVCC,no,
jimp,CVCC,no,
jind,CVCC,no,
jint,CVCC,no,
jink,CVCC,no,
jiqk,CVCC,no,
jidj,CVCC,no,
jitx,CVCC,no,
jikx,CVCC,no,
jisp,CVCC,no,
jist,CVCC,no,
jisk,CVCC,no,
jift,CVCC,no,
jixt,CVCC,no,
jilb,CVCC,no,
jild,CVCC,no,
jilp,CVCC,no,
jilt,CVCC,no,
jilk,CVCC,no,
jilf,CVCC,no,
jilv,CVCC,no,
jilx,CVCC,no,
jirm,CVCC,no,
jirn,CVCC,no,
jirb,CVCC,no,
jird,CVCC,no,
jirg,CVCC,no,
jirp,CVCC,no,
jirt,CVCC,no,
jirk,CVCC,no,
jirf,CVCC,no,
jirv,CVCC,no,
jirx,CVCC,no,
jemp,CVCC,no,
jend,CVCC,no,
jent,CVCC,no,
jenk,CVCC,no,
jeqk,CVCC,no,
jedj,CVCC,no,
jetx,CVCC,no,
jekx,CVCC,no,
jesp,CVCC,no,
jest,CVCC,no,
jesk,CVCC,no,
jeft,CVCC,no,
jext,CVCC,no,
jelb,CVCC,no,
jeld,CVCC,no,
jelp,CVCC,no,
jelt,CVCC,no,
jelk,CVCC,no,
jelf,CVCC,no,
jelv,CVCC,no,
jelx,CVCC,no,
jerm,CVCC,no,
jern,CVCC,no,
jerb,CVCC,no,
jerd,CVCC,no,
jerg,CVCC,no,
jerp,CVCC,no,
jert,CVCC,no,
jerk,CVCC,no,
jerf,CVCC,no,
jerv,CVCC,no,
jerx,CVCC,no,
jamp,CVCC,no,
jand,CVCC,no,
jant,CVCC,no,
jank,CVCC,no,
jaqk,CVCC,no,
jadj,CVCC,no,
jatx,CVCC,no,
jakx,CVCC,no,
jasp,CVCC,no,
jast,CVCC,no,
jask,CVCC,no,
jaft,CVCC,no,
jaxt,CVCC,no,
jalb,CVCC,no,
jald,CVCC,no,
jalp,CVCC,no,
jalt,CVCC,no,
jalk,CVCC,no,
jalf,CVCC,yes,j sound
jalv,CVCC,no,
jalx,CVCC,no,
jarm,CVCC,no,
jarn,CVCC,no,
jarb,CVCC,no,
jard,CVCC,no,
jarg,CVCC,no,
jarp,CVCC,no,
jart,CVCC,no,
jark,CVCC,no,
jarf,CVCC,no,
jarv,CVCC,no,
jarx,CVCC,no,
jomp,CVCC,no,
jond,CVCC,no,
jont,CVCC,no,
jonk,CVCC,no,
joqk,CVCC,no,
jodj,CVCC,no,
jotx,CVCC,no,
jokx,CVCC,no,
josp,CVCC,no,
jost,CVCC,no,
josk,CVCC,no,
joft,CVCC,no,
joxt,CVCC,no,
jolb,CVCC,no,
jold,CVCC,no,
jolp,CVCC,no,
jolt,CVCC,no,
jolk,CVCC,no,
jolf,CVCC,no,
jolv,CVCC,no,
jolx,CVCC,no,
jorm,CVCC,no,
jorn,CVCC,no,
jorb,CVCC,no,
jord,CVCC,no,
jorg,CVCC,no,
jorp,CVCC,no,
jort,CVCC,no,
jork,CVCC,no,
jorf,CVCC,no,
jorv,CVCC,no,
jorx,CVCC,no,
jump,CVCC,no,
jund,CVCC,no,
junt,CVCC,no,
junk,CVCC,no,
juqk,CVCC,no,
judj,CVCC,no,
jutx,CVCC,no,
jukx,CVCC,no,
jusp,CVCC,no,
just,CVCC,no,
jusk,CVCC,no,
juft,CVCC,no,
juxt,CVCC,no,
julb,CVCC,no,
juld,CVCC,no,
julp,CVCC,no,
jult,CVCC,no,
julk,CVCC,no,
julf,CVCC,no,
julv,CVCC,no,
julx,CVCC,no,
jurm,CVCC,no,
jurn,CVCC,no,
jurb,CVCC,no,
jurd,CVCC,no,
jurg,CVCC,no,
jurp,CVCC,no,
jurt,CVCC,no,
jurk,CVCC,no,
jurf,CVCC,no,
jurv,CVCC,no,
jurx,CVCC,no,
cimp,CVCC,no,
cind,CVCC,no,
cint,CVCC,no,
cink,CVCC,no,
ciqk,CVCC,no,think
cidj,CVCC,no,
citx,CVCC,no,
cikx,CVCC,no,
cisp,CVCC,no,
cist,CVCC,no,
cisk,CVCC,no,
cift,CVCC,no,
cixt,CVCC,no,
cilb,CVCC,no,
cild,CVCC,no,
cilp,CVCC,no,
cilt,CVCC,no,
cilk,CVCC,no,
cilf,CVCC,no,
cilv,CVCC,no,
cilx,CVCC,no,
cirm,CVCC,no,
cirn,CVCC,no,
cirb,CVCC,no,
cird,CVCC,no,
cirg,CVCC,no,
cirp,CVCC,no,
cirt,CVCC,no,
cirk,CVCC,no,
cirf,CVCC,no,
cirv,CVCC,no,
cirx,CVCC,no,
cemp,CVCC,no,
cend,CVCC,no,
cent,CVCC,no,
cenk,CVCC,no,
ceqk,CVCC,no,
cedj,CVCC,no,
cetx,CVCC,no,
cekx,CVCC,no,
cesp,CVCC,no,
cest,CVCC,no,
cesk,CVCC,no,
ceft,CVCC,no,
cext,CVCC,no,
celb,CVCC,no,
celd,CVCC,no,
celp,CVCC,no,
celt,CVCC,no,
celk,CVCC,no,
celf,CVCC,no,
celv,CVCC,no,
celx,CVCC,no,
cerm,CVCC,no,
cern,CVCC,no,
cerb,CVCC,no,
cerd,CVCC,no,
cerg,CVCC,no,
cerp,CVCC,no,
cert,CVCC,no,
cerk,CVCC,no,
cerf,CVCC,no,
cerv,CVCC,no,
cerx,CVCC,no,
camp,CVCC,no,
cand,CVCC,no,
cant,CVCC,no,
cank,CVCC,no,
caqk,CVCC,no,
cadj,CVCC,no,
catx,CVCC,no,
cakx,CVCC,no,
casp,CVCC,no,
cast,CVCC,no,
cask,CVCC,no,
caft,CVCC,no,
caxt,CVCC,no,
calb,CVCC,no,
cald,CVCC,no,
calp,CVCC,no,
calt,CVCC,no,
calk,CVCC,no,
calf,CVCC,no,
calv,CVCC,no,
calx,CVCC,no,
carm,CVCC,no,
carn,CVCC,no,ion
carb,CVCC,no,
card,CVCC,no,
carg,CVCC,no,
carp,CVCC,no,
cart,CVCC,no,
cark,CVCC,no,
carf,CVCC,no,
carv,CVCC,no,
carx,CVCC,no,
comp,CVCC,no,
cond,CVCC,no,
cont,CVCC,no,
conk,CVCC,no,
coqk,CVCC,no,
codj,CVCC,no,
cotx,CVCC,no,
cokx,CVCC,no,
cosp,CVCC,no,
cost,CVCC,no,
cosk,CVCC,no,
coft,CVCC,no,
coxt,CVCC,no,
colb,CVCC,no,
cold,CVCC,no,
colp,CVCC,no,
colt,CVCC,no,
colk,CVCC,no,
colf,CVCC,no,
colv,CVCC,no,
colx,CVCC,no,
corm,CVCC,no,
corn,CVCC,no,british o vowel sound
corb,CVCC,no,distance (tele-)
cord,CVCC,no,
corg,CVCC,no,
corp,CVCC,no,
cort,CVCC,no,
cork,CVCC,no,
corf,CVCC,no,
corv,CVCC,no,
corx,CVCC,no,
cump,CVCC,no,
cund,CVCC,no,
cunt,CVCC,no,
cunk,CVCC,no,
cuqk,CVCC,no,
cudj,CVCC,no,
cutx,CVCC,no,tooth
cukx,CVCC,no,
cusp,CVCC,no,
cust,CVCC,no,
cusk,CVCC,no,
cuft,CVCC,no,
cuxt,CVCC,no,
culb,CVCC,no,
culd,CVCC,no,
culp,CVCC,no,
cult,CVCC,no,
culk,CVCC,no,
culf,CVCC,no,
culv,CVCC,no,
culx,CVCC,no,
curm,CVCC,no,
curn,CVCC,no,
curb,CVCC,no,
curd,CVCC,no,
curg,CVCC,no,
curp,CVCC,no,
curt,CVCC,no,
curk,CVCC,no,
curf,CVCC,no,
curv,CVCC,no,
curx,CVCC,no,
crim,CCVC,no,
crin,CCVC,no,
criq,CCVC,no,
crib,CCVC,no,
crid,CCVC,no,
crig,CCVC,no,
crip,CCVC,no,
crit,CCVC,no,threat
crik,CCVC,no,
cris,CCVC,no,
criz,CCVC,no,
crif,CCVC,no,
criv,CCVC,no,
crix,CCVC,no,
crij,CCVC,no,
cric,CCVC,no,
criC,CCVC,no,
crem,CCVC,no,
cren,CCVC,no,
creq,CCVC,no,
creb,CCVC,no,
cred,CCVC,no,
creg,CCVC,no,
crep,CCVC,no,
cret,CCVC,no,
crek,CCVC,no,
cres,CCVC,no,
crez,CCVC,no,
cref,CCVC,no,
crev,CCVC,no,
crex,CCVC,no,
crej,CCVC,no,
crec,CCVC,no,
creC,CCVC,no,
cram,CCVC,no,
cran,CCVC,no,
craq,CCVC,no,
crab,CCVC,no,
crad,CCVC,no,
crag,CCVC,no,
crap,CCVC,no,
crat,CCVC,no,
crak,CCVC,no,10^33
cras,CCVC,no,
craz,CCVC,no,
craf,CCVC,no,
crav,CCVC,no,thrive
crax,CCVC,no,
craj,CCVC,no,
crac,CCVC,no,
craC,CCVC,no,
cral,CCVC,no,hill
crar,CCVC,no,
crom,CCVC,no,
cron,CCVC,no,south
croq,CCVC,no,
crob,CCVC,no,
crod,CCVC,no,
crog,CCVC,no,
crop,CCVC,no,c sound
crot,CCVC,no,
crok,CCVC,no,
cros,CCVC,no,art
croz,CCVC,no,
crof,CCVC,no,
crov,CCVC,no,
crox,CCVC,no,
croj,CCVC,no,
croc,CCVC,no,
croC,CCVC,no,
crol,CCVC,no,
cror,CCVC,no,
crum,CCVC,no,through/tunnel
crun,CCVC,no,
cruq,CCVC,no,
crub,CCVC,no,
crud,CCVC,no,
crug,CCVC,no,amphibian
crup,CCVC,no,
crut,CCVC,no,puzzle
cruk,CCVC,no,
crus,CCVC,no,
cruz,CCVC,no,
cruf,CCVC,no,
cruv,CCVC,no,
crux,CCVC,no,
cruj,CCVC,no,
cruc,CCVC,no,
cruC,CCVC,no,
crul,CCVC,no,
crur,CCVC,no,
Cimp,CVCC,yes,
Cind,CVCC,yes,
Cint,CVCC,no,
Cink,CVCC,yes,
Ciqk,CVCC,no,
Cidj,CVCC,no,
Citx,CVCC,no,
Cikx,CVCC,yes,
Cisp,CVCC,no,
Cist,CVCC,no,
Cisk,CVCC,yes,
Cift,CVCC,yes,
Cixt,CVCC,yes,
Cilb,CVCC,yes,
Cild,CVCC,no,
Cilp,CVCC,no,
Cilt,CVCC,yes,
Cilk,CVCC,yes,
Cilf,CVCC,yes,
Cilv,CVCC,no,
Cilx,CVCC,yes,
Cirm,CVCC,yes,
Cirn,CVCC,no,
Cirb,CVCC,no,
Cird,CVCC,no,
Cirg,CVCC,no,
Cirp,CVCC,no,
Cirt,CVCC,no,
Cirk,CVCC,no,
Cirf,CVCC,no,
Cirv,CVCC,no,
Cirx,CVCC,no,
Cemp,CVCC,no,
Cend,CVCC,no,
Cent,CVCC,no,
Cenk,CVCC,no,
Ceqk,CVCC,no,
Cedj,CVCC,no,
Cetx,CVCC,no,
Cekx,CVCC,no,
Cesp,CVCC,no,
Cest,CVCC,no,
Cesk,CVCC,no,
Ceft,CVCC,no,
Cext,CVCC,no,
Celb,CVCC,no,
Celd,CVCC,no,
Celp,CVCC,no,
Celt,CVCC,no,
Celk,CVCC,no,
Celf,CVCC,no,
Celv,CVCC,no,
Celx,CVCC,no,
Cerm,CVCC,no,
Cern,CVCC,no,
Cerb,CVCC,no,
Cerd,CVCC,no,
Cerg,CVCC,no,
Cerp,CVCC,no,
Cert,CVCC,no,
Cerk,CVCC,no,
Cerf,CVCC,no,
Cerv,CVCC,no,
Cerx,CVCC,no,
Camp,CVCC,yes,
Cand,CVCC,yes,
Cant,CVCC,no,
Cank,CVCC,yes,
Caqk,CVCC,no,
Cadj,CVCC,no,
Catx,CVCC,no,
Cakx,CVCC,yes,
Casp,CVCC,yes,
Cast,CVCC,no,
Cask,CVCC,yes,
Caft,CVCC,yes,
Caxt,CVCC,yes,
Calb,CVCC,no,
Cald,CVCC,no,
Calp,CVCC,no,
Calt,CVCC,yes,
Calk,CVCC,no,
Calf,CVCC,no,
Calv,CVCC,no,
Calx,CVCC,no,
Carm,CVCC,yes,
Carn,CVCC,no,
Carb,CVCC,no,
Card,CVCC,no,
Carg,CVCC,no,
Carp,CVCC,no,
Cart,CVCC,no,
Cark,CVCC,no,
Carf,CVCC,no,
Carv,CVCC,no,forever
Carx,CVCC,no,
Comp,CVCC,no,
Cond,CVCC,no,
Cont,CVCC,no,
Conk,CVCC,no,
Coqk,CVCC,no,
Codj,CVCC,no,
Cotx,CVCC,no,
Cokx,CVCC,no,
Cosp,CVCC,no,
Cost,CVCC,no,
Cosk,CVCC,no,
Coft,CVCC,no,
Coxt,CVCC,no,
Colb,CVCC,no,
Cold,CVCC,no,
Colp,CVCC,no,
Colt,CVCC,no,
Colk,CVCC,no,
Colf,CVCC,no,
Colv,CVCC,no,
Colx,CVCC,no,
Corm,CVCC,no,
Corn,CVCC,no,
Corb,CVCC,no,
Cord,CVCC,no,
Corg,CVCC,no,
Corp,CVCC,no,
Cort,CVCC,no,
Cork,CVCC,yes,large C sound
Corf,CVCC,no,
Corv,CVCC,no,
Corx,CVCC,no,
Cump,CVCC,yes,
Cund,CVCC,yes,
Cunt,CVCC,no,
Cunk,CVCC,no,
Cuqk,CVCC,no,
Cudj,CVCC,no,
Cutx,CVCC,no,
Cukx,CVCC,yes,
Cusp,CVCC,no,
Cust,CVCC,no,
Cusk,CVCC,yes,
Cuft,CVCC,yes,
Cuxt,CVCC,yes,
Culb,CVCC,no,
Culd,CVCC,no,
Culp,CVCC,no,
Cult,CVCC,yes,
Culk,CVCC,no,
Culf,CVCC,no,
Culv,CVCC,no,
Culx,CVCC,no,
Curm,CVCC,yes,
Curn,CVCC,no,
Curb,CVCC,no,
Curd,CVCC,no,
Curg,CVCC,no,
Curp,CVCC,no,
Curt,CVCC,no,
Curk,CVCC,no,
Curf,CVCC,no,
Curv,CVCC,no,
Curx,CVCC,no,
wimp,CVCC,yes,
wind,CVCC,yes,
wint,CVCC,no,
wink,CVCC,yes,
wiqk,CVCC,no,
widj,CVCC,yes,10^45
witx,CVCC,no,w sound
wikx,CVCC,yes,
wisp,CVCC,yes,
wist,CVCC,no,
wisk,CVCC,yes,
wift,CVCC,yes,
wixt,CVCC,yes,
wilb,CVCC,no,
wild,CVCC,no,
wilp,CVCC,yes,
wilt,CVCC,no,
wilk,CVCC,yes,
wilf,CVCC,yes,
wilv,CVCC,no,
wilx,CVCC,yes,
wirm,CVCC,yes,
wirn,CVCC,no,
wirb,CVCC,no,
wird,CVCC,yes,weird
wirg,CVCC,no,
wirp,CVCC,no,
wirt,CVCC,no,
wirk,CVCC,no,
wirf,CVCC,no,
wirv,CVCC,no,
wirx,CVCC,no,
wemp,CVCC,no,
wend,CVCC,no,
went,CVCC,no,
wenk,CVCC,no,
weqk,CVCC,no,
wedj,CVCC,no,
wetx,CVCC,no,which
wekx,CVCC,no,
wesp,CVCC,no,
west,CVCC,no,
wesk,CVCC,no,
weft,CVCC,no,
wext,CVCC,no,
welb,CVCC,no,
weld,CVCC,no,
welp,CVCC,no,
welt,CVCC,no,
welk,CVCC,no,
welf,CVCC,no,
welv,CVCC,no,
welx,CVCC,no,
werm,CVCC,no,
wern,CVCC,no,
werb,CVCC,no,
werd,CVCC,no,
werg,CVCC,no,
werp,CVCC,no,
wert,CVCC,no,
werk,CVCC,no,
werf,CVCC,no,
werv,CVCC,no,
werx,CVCC,no,
wamp,CVCC,yes,
wand,CVCC,yes,wind (coil)
want,CVCC,no,want
wank,CVCC,yes,
waqk,CVCC,no,
wadj,CVCC,no,
watx,CVCC,yes,watch
wakx,CVCC,yes,
wasp,CVCC,yes,
wast,CVCC,no,
wask,CVCC,yes,
waft,CVCC,yes,
waxt,CVCC,yes,
walb,CVCC,no,
wald,CVCC,yes,wild
walp,CVCC,no,
walt,CVCC,no,
walk,CVCC,no,
walf,CVCC,no,
walv,CVCC,no,
walx,CVCC,no,
warm,CVCC,yes,
warn,CVCC,no,
warb,CVCC,no,
ward,CVCC,no,
warg,CVCC,no,
warp,CVCC,yes,vowel large A sound
wart,CVCC,no,
wark,CVCC,yes,work
warf,CVCC,no,
warv,CVCC,no,
warx,CVCC,yes,worship
womp,CVCC,no,
wond,CVCC,no,
wont,CVCC,no,
wonk,CVCC,no,
woqk,CVCC,no,
wodj,CVCC,no,
wotx,CVCC,no,
wokx,CVCC,no,
wosp,CVCC,no,
wost,CVCC,no,
wosk,CVCC,no,
woft,CVCC,no,
woxt,CVCC,no,
wolb,CVCC,no,
wold,CVCC,no,world
wolp,CVCC,no,
wolt,CVCC,no,
wolk,CVCC,no,
wolf,CVCC,yes,wolf
wolv,CVCC,no,
wolx,CVCC,no,
worm,CVCC,no,
worn,CVCC,no,
worb,CVCC,no,
word,CVCC,no,
worg,CVCC,no,
worp,CVCC,no,
wort,CVCC,no,
work,CVCC,no,
worf,CVCC,no,
worv,CVCC,no,weave
worx,CVCC,no,
wump,CVCC,yes,
wund,CVCC,yes,
wunt,CVCC,no,
wunk,CVCC,yes,
wuqk,CVCC,no,
wudj,CVCC,yes,
wutx,CVCC,no,
wukx,CVCC,yes,
wusp,CVCC,yes,
wust,CVCC,no,
wusk,CVCC,yes,
wuft,CVCC,yes,
wuxt,CVCC,yes,
wulb,CVCC,yes,
wuld,CVCC,no,
wulp,CVCC,no,
wult,CVCC,yes,
wulk,CVCC,yes,
wulf,CVCC,no,
wulv,CVCC,no,
wulx,CVCC,yes,
wurm,CVCC,yes,worm
wurn,CVCC,no,
wurb,CVCC,no,
wurd,CVCC,no,
wurg,CVCC,no,
wurp,CVCC,no,
wurt,CVCC,no,
wurk,CVCC,no,
wurf,CVCC,no,
wurv,CVCC,no,
wurx,CVCC,no,
limp,CVCC,yes,limp
lind,CVCC,no,
lint,CVCC,no,lint
link,CVCC,no,
liqk,CVCC,no,
lidj,CVCC,no,
litx,CVCC,no,
likx,CVCC,yes,
lisp,CVCC,no,
list,CVCC,yes,list
lisk,CVCC,no,
lift,CVCC,yes,
lixt,CVCC,yes,
lilb,CVCC,no,
lild,CVCC,no,
lilp,CVCC,yes,
lilt,CVCC,no,
lilk,CVCC,no,
lilf,CVCC,yes,
lilv,CVCC,no,
lilx,CVCC,yes,
lirm,CVCC,yes,
lirn,CVCC,no,
lirb,CVCC,no,
lird,CVCC,yes,wet
lirg,CVCC,no,
lirp,CVCC,no,
lirt,CVCC,no,
lirk,CVCC,yes,ratio
lirf,CVCC,no,
lirv,CVCC,no,
lirx,CVCC,no,
lemp,CVCC,no,
lend,CVCC,no,
lent,CVCC,no,
lenk,CVCC,no,
leqk,CVCC,no,
ledj,CVCC,yes,theory
letx,CVCC,no,
lekx,CVCC,no,
lesp,CVCC,no,
lest,CVCC,no,
lesk,CVCC,no,
left,CVCC,no,
lext,CVCC,no,
lelb,CVCC,no,
leld,CVCC,no,
lelp,CVCC,no,
lelt,CVCC,no,
lelk,CVCC,no,
lelf,CVCC,no,
lelv,CVCC,no,
lelx,CVCC,no,
lerm,CVCC,no,
lern,CVCC,no,
lerb,CVCC,no,
lerd,CVCC,no,
lerg,CVCC,no,
lerp,CVCC,no,
lert,CVCC,no,
lerk,CVCC,no,
lerf,CVCC,no,
lerv,CVCC,no,
lerx,CVCC,no,
lamp,CVCC,no,
land,CVCC,no,
lant,CVCC,no,
lank,CVCC,no,
laqk,CVCC,yes,wool
ladj,CVCC,no,l sound
latx,CVCC,no,
lakx,CVCC,yes,
lasp,CVCC,no,
last,CVCC,yes,last
lask,CVCC,no,
laft,CVCC,yes,laugh
laxt,CVCC,yes,
lalb,CVCC,no,
lald,CVCC,yes,
lalp,CVCC,no,
lalt,CVCC,no,
lalk,CVCC,no,
lalf,CVCC,no,
lalv,CVCC,no,
lalx,CVCC,no,
larm,CVCC,yes,limb
larn,CVCC,no,
larb,CVCC,no,
lard,CVCC,no,
larg,CVCC,yes,element
larp,CVCC,yes,lepton
lart,CVCC,no,let
lark,CVCC,no,
larf,CVCC,no,
larv,CVCC,yes,larva
larx,CVCC,yes,10^12
lomp,CVCC,no,
lond,CVCC,no,
lont,CVCC,no,
lonk,CVCC,no,
loqk,CVCC,no,
lodj,CVCC,yes,
lotx,CVCC,no,
lokx,CVCC,no,
losp,CVCC,no,
lost,CVCC,no,
losk,CVCC,no,
loft,CVCC,no,
loxt,CVCC,no,
lolb,CVCC,no,
lold,CVCC,no,
lolp,CVCC,no,
lolt,CVCC,no,
lolk,CVCC,no,
lolf,CVCC,no,
lolv,CVCC,no,
lolx,CVCC,no,
lorm,CVCC,no,
lorn,CVCC,no,line
lorb,CVCC,no,
lord,CVCC,no,
lorg,CVCC,no,log (diary)
lorp,CVCC,no,
lort,CVCC,no,
lork,CVCC,no,
lorf,CVCC,no,
lorv,CVCC,no,
lorx,CVCC,no,
lump,CVCC,yes,
lund,CVCC,no,
lunt,CVCC,no,
lunk,CVCC,yes,
luqk,CVCC,no,
ludj,CVCC,no,
lutx,CVCC,no,
lukx,CVCC,yes,
lusp,CVCC,yes,
lust,CVCC,no,
lusk,CVCC,no,
luft,CVCC,yes,
luxt,CVCC,yes,
lulb,CVCC,yes,
luld,CVCC,no,
lulp,CVCC,no,
lult,CVCC,yes,
lulk,CVCC,yes,
lulf,CVCC,no,
lulv,CVCC,no,
lulx,CVCC,yes,
lurm,CVCC,yes,
lurn,CVCC,no,
lurb,CVCC,no,
lurd,CVCC,no,
lurg,CVCC,no,
lurp,CVCC,no,
lurt,CVCC,no,
lurk,CVCC,no,
lurf,CVCC,no,
lurv,CVCC,yes,leave
lurx,CVCC,no,
rimp,CVCC,no,
rind,CVCC,no,
rint,CVCC,no,
rink,CVCC,no,
riqk,CVCC,yes,rhyme
ridj,CVCC,no,
ritx,CVCC,no,ring (math)
rikx,CVCC,no,
risp,CVCC,no,
rist,CVCC,no,
risk,CVCC,yes,risk
rift,CVCC,no,
rixt,CVCC,no,
rilb,CVCC,no,
rild,CVCC,no,
rilp,CVCC,no,
rilt,CVCC,no,
rilk,CVCC,no,
rilf,CVCC,no,
rilv,CVCC,no,
rilx,CVCC,no,
rirm,CVCC,no,
rirn,CVCC,no,
rirb,CVCC,no,
rird,CVCC,no,
rirg,CVCC,no,
rirp,CVCC,no,
rirt,CVCC,no,
rirk,CVCC,no,
rirf,CVCC,no,
rirv,CVCC,no,
rirx,CVCC,no,
remp,CVCC,no,
rend,CVCC,yes,french r sound
rent,CVCC,no,
renk,CVCC,no,
reqk,CVCC,no,rank
redj,CVCC,no,
retx,CVCC,no,rate (change)
rekx,CVCC,no,
resp,CVCC,no,
rest,CVCC,no,
resk,CVCC,no,
reft,CVCC,no,
rext,CVCC,no,
relb,CVCC,no,
reld,CVCC,no,
relp,CVCC,no,
relt,CVCC,no,
relk,CVCC,no,
relf,CVCC,no,
relv,CVCC,no,
relx,CVCC,no,
rerm,CVCC,no,
rern,CVCC,no,
rerb,CVCC,no,
rerd,CVCC,no,
rerg,CVCC,no,
rerp,CVCC,no,
rert,CVCC,no,
rerk,CVCC,no,
rerf,CVCC,no,
rerv,CVCC,no,
rerx,CVCC,no,
ramp,CVCC,yes,r sound
rand,CVCC,no,
rant,CVCC,no,rant
rank,CVCC,no,
raqk,CVCC,no,
radj,CVCC,no,
ratx,CVCC,no,vowel a sound
rakx,CVCC,no,
rasp,CVCC,no,
rast,CVCC,no,rest (remainder)
rask,CVCC,yes,reminiscent of (-esque)
raft,CVCC,no,raft
raxt,CVCC,no,
ralb,CVCC,no,
rald,CVCC,no,
ralp,CVCC,no,
ralt,CVCC,no,
ralk,CVCC,no,
ralf,CVCC,no,
ralv,CVCC,no,
ralx,CVCC,no,
rarm,CVCC,no,
rarn,CVCC,no,
rarb,CVCC,no,
rard,CVCC,no,
rarg,CVCC,no,
rarp,CVCC,no,
rart,CVCC,no,
rark,CVCC,no,
rarf,CVCC,no,
rarv,CVCC,no,
rarx,CVCC,no,
romp,CVCC,no,
rond,CVCC,yes,gnaw
ront,CVCC,no,
ronk,CVCC,no,
roqk,CVCC,no,
rodj,CVCC,no,
rotx,CVCC,no,
rokx,CVCC,no,
rosp,CVCC,no,
rost,CVCC,no,past (distance)
rosk,CVCC,no,
roft,CVCC,no,
roxt,CVCC,no,
rolb,CVCC,no,
rold,CVCC,no,
rolp,CVCC,no,
rolt,CVCC,no,
rolk,CVCC,no,
rolf,CVCC,no,
rolv,CVCC,no,
rolx,CVCC,no,
rorm,CVCC,no,
rorn,CVCC,no,
rorb,CVCC,no,
rord,CVCC,no,
rorg,CVCC,no,
rorp,CVCC,no,
rort,CVCC,no,
rork,CVCC,no,
rorf,CVCC,no,
rorv,CVCC,no,
rorx,CVCC,no,
rump,CVCC,no,
rund,CVCC,no,
runt,CVCC,no,
runk,CVCC,no,
ruqk,CVCC,no,
rudj,CVCC,no,
rutx,CVCC,no,
rukx,CVCC,no,
rusp,CVCC,no,
rust,CVCC,no,
rusk,CVCC,yes,vowel english r sound
ruft,CVCC,no,
ruxt,CVCC,no,
rulb,CVCC,no,
ruld,CVCC,no,
rulp,CVCC,no,
rult,CVCC,no,
rulk,CVCC,no,
rulf,CVCC,no,
rulv,CVCC,no,
rulx,CVCC,no,
rurm,CVCC,no,
rurn,CVCC,no,
rurb,CVCC,no,
rurd,CVCC,no,
rurg,CVCC,no,
rurp,CVCC,no,
rurt,CVCC,no,
rurk,CVCC,no,
rurf,CVCC,no,
rurv,CVCC,no,
rurx,CVCC,no,
yimp,CVCC,yes,
yind,CVCC,yes,
yint,CVCC,no,
yink,CVCC,no,
yiqk,CVCC,yes,vowel large I sound
yidj,CVCC,yes,
yitx,CVCC,no,
yikx,CVCC,yes,
yisp,CVCC,yes,
yist,CVCC,no,
yisk,CVCC,yes,
yift,CVCC,yes,
yixt,CVCC,yes,
yilb,CVCC,no,
yild,CVCC,yes,yield
yilp,CVCC,yes,
yilt,CVCC,no,
yilk,CVCC,yes,
yilf,CVCC,yes,
yilv,CVCC,no,
yilx,CVCC,yes,
yirm,CVCC,yes,
yirn,CVCC,no,
yirb,CVCC,no,
yird,CVCC,no,
yirg,CVCC,no,
yirp,CVCC,no,
yirt,CVCC,no,
yirk,CVCC,no,
yirf,CVCC,no,
yirv,CVCC,no,
yirx,CVCC,no,
yemp,CVCC,no,
yend,CVCC,no,
yent,CVCC,no,
yenk,CVCC,no,
yeqk,CVCC,no,
yedj,CVCC,no,
yetx,CVCC,no,
yekx,CVCC,no,
yesp,CVCC,no,
yest,CVCC,no,
yesk,CVCC,no,
yeft,CVCC,no,
yext,CVCC,no,
yelb,CVCC,no,
yeld,CVCC,no,
yelp,CVCC,no,
yelt,CVCC,no,
yelk,CVCC,no,
yelf,CVCC,no,
yelv,CVCC,no,
yelx,CVCC,no,
yerm,CVCC,no,
yern,CVCC,no,
yerb,CVCC,no,
yerd,CVCC,no,
yerg,CVCC,no,
yerp,CVCC,no,
yert,CVCC,no,
yerk,CVCC,no,
yerf,CVCC,no,
yerv,CVCC,no,
yerx,CVCC,no,
yamp,CVCC,yes,
yand,CVCC,yes,
yant,CVCC,no,
yank,CVCC,yes,
yaqk,CVCC,no,
yadj,CVCC,yes,
yatx,CVCC,no,
yakx,CVCC,yes,
yasp,CVCC,yes,
yast,CVCC,no,
yask,CVCC,yes,
yaft,CVCC,yes,
yaxt,CVCC,yes,
yalb,CVCC,no,
yald,CVCC,no,
yalp,CVCC,yes,
yalt,CVCC,no,
yalk,CVCC,no,
yalf,CVCC,yes,
yalv,CVCC,no,
yalx,CVCC,yes,
yarm,CVCC,no,
yarn,CVCC,yes,y sound
yarb,CVCC,no,
yard,CVCC,yes,yard (measurement)
yarg,CVCC,no,
yarp,CVCC,no,
yart,CVCC,no,
yark,CVCC,no,
yarf,CVCC,no,
yarv,CVCC,no,
yarx,CVCC,no,
yomp,CVCC,no,
yond,CVCC,no,
yont,CVCC,no,
yonk,CVCC,no,
yoqk,CVCC,no,
yodj,CVCC,no,
yotx,CVCC,no,
yokx,CVCC,no,
yosp,CVCC,no,
yost,CVCC,no,
yosk,CVCC,no,
yoft,CVCC,no,
yoxt,CVCC,no,
yolb,CVCC,no,
yold,CVCC,no,
yolp,CVCC,no,
yolt,CVCC,no,
yolk,CVCC,no,
yolf,CVCC,no,
yolv,CVCC,no,
yolx,CVCC,no,
yorm,CVCC,no,uniform (consistent)
yorn,CVCC,no,yearn
yorb,CVCC,no,
yord,CVCC,no,
yorg,CVCC,no,
yorp,CVCC,no,
yort,CVCC,no,
york,CVCC,yes,10^2
yorf,CVCC,no,
yorv,CVCC,no,
yorx,CVCC,no,
yump,CVCC,yes,
yund,CVCC,yes,
yunt,CVCC,no,
yunk,CVCC,yes,
yuqk,CVCC,no,
yudj,CVCC,yes,
yutx,CVCC,no,
yukx,CVCC,yes,
yusp,CVCC,no,
yust,CVCC,yes,used to
yusk,CVCC,yes,
yuft,CVCC,yes,
yuxt,CVCC,yes,
yulb,CVCC,yes,
yuld,CVCC,no,
yulp,CVCC,no,
yult,CVCC,yes,
yulk,CVCC,no,
yulf,CVCC,yes,
yulv,CVCC,no,
yulx,CVCC,yes,
yurm,CVCC,yes,
yurn,CVCC,no,
yurb,CVCC,no,
yurd,CVCC,no,
yurg,CVCC,no,
yurp,CVCC,no,
yurt,CVCC,no,
yurk,CVCC,no,
yurf,CVCC,no,
yurv,CVCC,no,
yurx,CVCC,no,
