tree,certainty,words,rock,moon,english
kaku,held,1,jak,jak,wisdom
kaku,held,1,kax,kax,perfect
kama,held,1,kam,ham,hmm
kama,held,1,kam,kam,calm
kama,held,1,xam,xam,chime
kama,held,1,xam,xam,heaven
kama,held,1,xam,yam,day
kana,held,1,gan,gan,garden
kana,held,1,jan,jan,spirit
kana,held,1,jan,jaq,count
kana,held,1,kan,han,zero
kana,held,1,kan,kan,aggregate
kana,held,1,kan,kaq,object
kana,held,1,xan,yan,vehicle
kana,held,1,xan,yaq,permanent
kapa,held,1,gab,gab,eat
kapa,held,1,gav,gav,how (missing-action-focus)
kapa,held,1,kab,kab,receive
kapa,held,1,kaf,kaf,cough
kapa,held,1,kap,hap,event
kapa,held,1,xab,xab,seven
kapa,held,1,xap,yap,yep
kata,held,1,gad,gad,god
kata,held,1,gad,gal,too
kata,held,1,gad,gar,language
kata,held,1,gaz,gaC,gather
kata,held,1,gaz,gaz,possess
kata,held,1,jas,jas,just (close-focus)
kata,held,1,kad,had,head
kata,held,1,kad,hal,how
kata,held,1,kad,har,era
kata,held,1,kad,kal,time
kata,held,1,kad,kar,call
kata,held,1,kas,has,hyper
kata,held,1,kat,hat,at
kata,held,1,kat,kat,focus
kata,held,1,kaz,haz,have
kata,held,1,kaz,kaz,cause
kata,held,1,xad,xal,share
kata,held,1,xad,yad,away
kata,held,1,xad,yal,turquoise
kata,held,1,xad,yar,year
kata,held,1,xat,xat,or
kata,held,1,xat,yat,way
kika,held,1,kix,hix,peach (color)
kika,held,1,kix,kix,process
kika,held,1,xik,xik,computation
kima,held,1,gim,gem,game
kima,held,1,gim,gim,magic
kima,held,1,kim,hem,hey
kima,held,1,kim,him,nothing
kima,held,1,kim,kim,climb
kima,held,1,xim,xim,speech
kima,held,1,xim,yem,yum (food)
kina,held,1,gin,gin,sync
kina,held,1,jin,jin,paradise
kina,held,1,kin,heq,hang
kina,held,1,kin,hin,hi
kina,held,1,kin,ken,communicate
kina,held,1,kin,kiq,action
kina,held,1,xin,xen,result
kina,held,1,xin,xin,machine
kina,held,1,xin,xiq,will
kina,held,1,xin,yiq,impermanent
kipa,held,1,gib,gib,guide
kipa,held,1,gif,gif,give
kipa,held,1,kip,hip,group
kipa,held,1,kip,kep,clone
kipa,held,1,kip,kip,tune
kipa,held,1,kiv,kiv,intent
kipa,held,1,xip,xip,imagine
kipa,held,1,xiv,xiv,destroy
kipa,held,1,xiv,yev,sort
kita,held,1,gid,gir,that
kita,held,1,gis,gis,will (future)
kita,held,1,git,git,infinite
kita,held,1,giz,giz,position
kita,held,1,jid,jil,stream
kita,held,1,jit,jet,throw
kita,held,1,jit,jit,digit
kita,held,1,kid,hid,not hidden
kita,held,1,kid,hir,hear
kita,held,1,kid,kid,could
kita,held,1,kid,kil,cyan
kita,held,1,kis,his,snake
kita,held,1,kis,kes,case (situation)
kita,held,1,kis,kis,bottom
kita,held,1,kit,hit,heat
kita,held,1,kit,ket,but
kita,held,1,kiz,hez,every
kita,held,1,kiz,kiz,if
kita,held,1,xid,xed,should
kita,held,1,xid,xid,grey
kita,held,1,xis,xic,eye
kita,held,1,xit,xit,provide
kita,held,1,xit,yit,night
kuka,held,1,guj,guj,memory
kuka,held,1,kuj,koj,fool
kuka,held,1,kux,kox,cell (biology)
kuka,held,1,xug,yog,practice of focusing on x (-ism)
kuka,held,1,xuk,xok,copy
kuma,held,1,gum,gum,come
kuma,held,1,jum,jom,pattern
kuma,held,1,kum,hom,home
kuma,held,1,kum,hum,urge
kuma,held,1,kum,kom,five
kuma,held,1,kum,kum,back area
kuma,held,1,xum,xom,now
kuma,held,1,xum,xum,sky
kuna,held,1,gun,goq,job
kuna,held,1,gun,gun,representation
kuna,held,1,kun,hoq,hold
kuna,held,1,kun,hun,illusion
kuna,held,1,kun,huq,uh
kuna,held,1,kun,kon,and
kuna,held,1,kun,kuq,manner
kuna,held,1,xun,xun,change
kupa,held,1,gub,gub,like (filler)
kupa,held,1,guv,guv,end
kupa,held,1,kub,hub,x-axis
kupa,held,1,kub,kub,cube
kupa,held,1,kuf,kof,default
kupa,held,1,kuf,kuf,clue
kupa,held,1,kup,hop,hope
kupa,held,1,kup,kop,scope
kupa,held,1,kup,kup,tone
kupa,held,1,kuv,hov,floating point
kupa,held,1,kuv,huv,handle
kupa,held,1,kuv,kov,cover
kupa,held,1,kuv,kuv,divide
kupa,held,1,xup,xup,ship
kupa,held,1,xuv,xuv,return
kupa,held,1,xuv,yov,of
kupa,held,1,xuv,yuv,view
kuta,held,1,gud,god,gold
kuta,held,1,gud,gol,goal
kuta,held,1,gud,gul,exponent
kuta,held,1,gus,gus,back (front)
kuta,held,1,gut,got,antenna
kuta,held,1,gut,gut,gut
kuta,held,1,guz,guz,lose
kuta,held,1,jud,jul,universe
kuta,held,1,jud,jul,flow
kuta,held,1,kud,hod,period of x (-hood)
kuta,held,1,kud,hol,whole
kuta,held,1,kud,hud,hide
kuta,held,1,kud,kod,code
kuta,held,1,kud,kol,all
kuta,held,1,kud,kud,miss (didn't touch)
kuta,held,1,kud,kul,cool (interjection)
kuta,held,1,kud,kur,down
kuta,held,1,kus,kus,constant
kuta,held,1,kut,hut,heed
kuta,held,1,kuz,hoz,cardinal number
kuta,held,1,kuz,huz,duration
kuta,held,1,kuz,koz,z-axis
kuta,held,1,xud,xol,show
kuta,held,1,xud,xud,quiet
kuta,held,1,xud,xul,subtract
kuta,held,1,xud,yol,yell
kuta,held,1,xud,yul,polynomial
kuta,held,1,xus,yuc,with (con-)
kuta,held,1,xut,xut,shout
kuta,held,1,xut,xut,shelter
kuta,held,1,xut,yut,yet
kuta,held,1,xuz,yuz,use
maka,held,1,mag,mag,fruit
maka,held,1,maj,maj,magenta
maka,held,1,mak,mak,meat
maka,held,1,mak,wak,walk
mana,held,1,man,man,mind
mana,held,1,man,maq,harmony
mana,held,1,man,wan,why
mana,held,1,man,waq,um
mapa,held,1,mab,mab,source
mapa,held,1,maf,maf,male
mapa,held,1,map,map,map (map/reduce)
mapa,held,1,mav,mav,many
mapa,held,1,mav,wav,exist
mata,held,1,mad,mad,middle
mata,held,1,mad,mal,molecule
mata,held,1,mad,mar,symbol
mata,held,1,mad,wal,while
mata,held,1,mad,war,wear
mata,held,1,mas,mac,great
mata,held,1,mat,mat,forward
mata,held,1,mat,wat,white
mata,held,1,maz,maz,flow (speech utterance)
mata,held,1,maz,waC,water
mika,held,1,mig,wig,kaleidoscope
mika,held,1,mij,mej,model
mika,held,1,mik,mek,make
mika,held,1,mik,wek,week
mika,held,1,mix,mix,network
mina,held,1,min,men,main
mina,held,1,min,meq,mine
mina,held,1,min,min,not know
mina,held,1,min,miq,motion
mina,held,1,min,win,when (time location)
mina,held,1,min,wiq,wing
mipa,held,1,miv,miv,idea
mipa,held,1,miv,wev,wave
mipa,held,1,miv,wiv,connection network (neighborhood)
mita,held,1,mid,mid,positive
mita,held,1,mid,mir,bright
mita,held,1,mis,mes,month
mita,held,1,mis,mis,miss (longing)
mita,held,1,mis,wis,inverse
mita,held,1,mit,mit,meet
mita,held,1,mit,wet,wait
mita,held,1,miz,wez,fifteen
mita,held,1,miz,wiz,solve
muka,held,1,mug,mog,meaning
muka,held,1,mug,mug,(past particle)
muka,held,1,mug,wug,emanate
muka,held,1,muj,moj,emerge
muka,held,1,muj,muj,message
muka,held,1,muk,mok,align
muka,held,1,muk,muk,earth (dirt)
muka,held,1,mux,mox,immutable
muka,held,1,mux,wux,system
muna,held,1,mun,moq,about/encompass
muna,held,1,mun,mun,gut sense
muna,held,1,mun,muq,mmm
muna,held,1,mun,wun,woo
mupa,held,1,mup,mop,twelve
mupa,held,1,muv,muv,move
muta,held,1,mud,mod,mode
muta,held,1,mud,mol,high
muta,held,1,mud,mor,the model of the action (e.g. the transform)
muta,held,1,mud,mud,mood
muta,held,1,mud,mul,unreal
muta,held,1,mud,wol,wow
muta,held,1,mud,wor,forceful (like hard hit)
muta,held,1,mus,muc,mouth
muta,held,1,mus,mus,mercy
muta,held,1,mut,mot,mountain
muta,held,1,mut,mut,mutate
muta,held,1,mut,wut,what
muta,held,1,muz,moz,hash
muta,held,1,muz,muz,pain
muta,held,1,muz,woz,problem
naka,held,1,nak,nak,knock
nama,held,1,nam,nam,name
napa,held,1,nav,nav,center
nata,held,1,nad,nal,neutral
nata,held,1,nad,nar,person
nata,held,1,nas,nas,nest
nata,held,1,naz,naz,as
nika,held,1,nik,nek,neck
nika,held,1,nik,nik,pink
nika,held,1,nix,nix,listen
nipa,held,1,nif,nif,a (isolated-element-focus)
nipa,held,1,nip,nep,nature
nipa,held,1,niv,nev,off
nita,held,1,nid,ned,static
nita,held,1,nid,nid,need
nita,held,1,nid,nir,nerd
nita,held,1,nis,nes,nice
nita,held,1,nit,net,knit
nita,held,1,niz,niz,nest (structure)
nuka,held,1,nuj,nuj,hell
nuka,held,1,nux,nox,notion
numa,held,1,num,num,know
nupa,held,1,nub,nub,separate
nupa,held,1,nup,nop,no
nupa,held,1,nuv,nuv,empty
nuta,held,1,nud,nol,toward
nuta,held,1,nud,nul,forget
nuta,held,1,nus,nuc,long
nuta,held,1,nut,not,note
nuta,held,1,nuz,noz,nose
nuta,held,1,nuz,nuz,distribute
paka,held,1,bag,bag,insect
paka,held,1,bak,bak,send
paka,held,1,bax,bax,bird
paka,held,1,fak,fak,fuck
paka,held,1,pak,pak,package
paka,held,1,vak,vak,multiply
paka,held,1,vax,vax,it
pama,held,1,bam,bam,create
pama,held,1,fam,fam,family
pama,held,1,pam,pam,pray
pana,held,1,ban,ban,together/bind
pana,held,1,ban,baq,be
pana,held,1,fan,fan,find
pana,held,1,pan,pan,yes
pana,held,1,pan,paq,response
pana,held,1,van,van,having the nature of (-ivity)
papu,held,1,vab,vab,vibe
pata,held,1,bad,bad,tangent (math)
pata,held,1,bad,bar,bear (carry)
pata,held,1,bat,bat,beauty
pata,held,1,baz,baC,by
pata,held,1,faz,faz,green
pata,held,1,pad,par,depart/from
pata,held,1,pas,pac,path
pata,held,1,pas,pas,space
pata,held,1,pat,pat,dimension
pata,held,1,vad,val,value
pata,held,1,vad,var,variable
pata,held,1,vas,vas,aspect
pata,held,1,vat,vat,body
pika,held,1,big,big,go
pika,held,1,fik,fek,fake
pika,held,1,fix,fix,belief
pika,held,1,pik,pik,master
pika,held,1,vig,vig,start
pika,held,1,vik,vek,filter
pika,held,1,vix,vex,reveal
pika,held,1,vix,vix,preserve
pima,held,1,bim,bim,target
pima,held,1,fim,fim,female
pima,held,1,pim,pem,they (communicating-agent-external-reference-focus)
pima,held,1,pim,pim,permeate
pima,held,1,vim,vim,way/style
pina,held,1,bin,beq,bang
pina,held,1,bin,biq,being
pina,held,1,pin,peq,pay
pina,held,1,pin,piq,request
pina,held,1,vin,vin,fill (-full)
pina,held,1,vin,viq,everything
pipa,held,1,vib,veb,byte
pipa,held,1,vip,vip,six
pita,held,1,bid,bed,bite
pita,held,1,bid,bid,ignorant
pita,held,1,bid,bil,limit/restrict
pita,held,1,bis,bes,base
pita,held,1,bit,bet,under
pita,held,1,bit,bit,beat
pita,held,1,biz,biz,intense
pita,held,1,fid,fid,next
pita,held,1,fid,fid,food
pita,held,1,fid,fil,feel
pita,held,1,fis,fes,face
pita,held,1,fit,fet,eight
pita,held,1,pit,pit,pure
pita,held,1,vid,ved,study or science of (-ology)
pita,held,1,vid,vid,veer
pita,held,1,vid,vil,manifest
pita,held,1,vid,vir,remote (far)
pita,held,1,vis,ves,vessel
pita,held,1,vis,vic,bit
pita,held,1,vis,vis,see
pita,held,1,vit,vit,information
puka,held,1,bug,bug,cosine
puka,held,1,bux,bux,bundle (matter condensing)
puka,held,1,fug,fug,figure (it out)
puka,held,1,fuj,fuj,refuge
puka,held,1,fuk,fok,halt
puka,held,1,vug,vog,black
puma,held,1,bum,bum,boom
puma,held,1,pum,pom,different
puma,held,1,pum,pum,time (count)
puna,held,1,fun,fon,device
puna,held,1,fun,fun,within (endo-)
puna,held,1,fun,fun,would
puna,held,1,fun,fun,wind (air)
puna,held,1,fun,fuq,function
puna,held,1,vun,von,sin
puna,held,1,vun,vun,on
puna,held,1,vun,vuq,data
puna,held,1,vun,vuq,foundation
pupa,held,1,buv,bov,debug
pupa,held,1,fup,fup,borrow
puta,held,1,bud,bor,condition (case)
puta,held,1,bud,bud,awake
puta,held,1,bud,bul,blue
puta,held,1,bus,bos,possessive plural
puta,held,1,but,bot,boat
puta,held,1,but,but,unstable
puta,held,1,buz,boz,private
puta,held,1,buz,buz,bosom
puta,held,1,fud,for,fire
puta,held,1,fud,ful,fuel
puta,held,1,fud,fur,fail
puta,held,1,fus,fos,else
puta,held,1,fus,fus,discontinuous
puta,held,1,fut,fot,right (direction)
puta,held,1,fut,fut,bad
puta,held,1,fuz,fuz,fusion
puta,held,1,pud,pod,free
puta,held,1,pud,por,poor
puta,held,1,pud,pul,pull
puta,held,1,put,pot,honorific (address)
puta,held,1,vud,vod,void
puta,held,1,vud,vul,via
puta,held,1,vus,vuc,catch
puta,held,1,vus,vus,flex
puta,held,1,vut,vot,vote
puta,held,1,vuz,voz,voice
taka,held,1,dag,dag,dog
taka,held,1,dag,lag,organ (body)
taka,held,1,daj,raj,range
taka,held,1,dak,dak,physical
taka,held,1,dak,lak,like
taka,held,1,dak,rak,rock
taka,held,1,dax,lax,add
taka,held,1,sag,sag,beyond (extra- or hyper-)
taka,held,1,saj,saj,etc
taka,held,1,sak,cak,thank
taka,held,1,sax,sax,wash
taka,held,1,taj,taj,down (to be cool with something)
taka,held,1,tak,tak,talk
taka,held,1,zak,zak,effect
tama,held,1,dam,dam,morality
tama,held,1,dam,lam,real
tama,held,1,dam,ram,dark
tama,held,1,sam,cam,then
tama,held,1,sam,sam,sound
tama,held,1,tam,tam,meditate
tana,held,1,dan,dan,the
tana,held,1,dan,lan,land
tana,held,1,dan,laq,object feature type
tana,held,1,dan,ran,frog
tana,held,1,dan,raq,wrong
tana,held,1,san,san,sun
tana,held,1,san,saq,song
tana,held,1,tan,taq,tongue
tana,held,1,zan,Can,than/compare
tana,held,1,zan,zan,one
tana,held,1,zan,zaq,presence
tapa,held,1,dab,rab,ride
tapa,held,1,daf,daf,previous
tapa,held,1,daf,laf,four
tapa,held,1,daf,raf,reference
tapa,held,1,dap,rap,wrap
tapa,held,1,dav,dav,divine
tapa,held,1,dav,lav,love
tapa,held,1,dav,rav,particle
tapa,held,1,sab,sab,describe
tapa,held,1,sap,sap,present (now)
tapa,held,1,sav,sav,silver
tapa,held,1,tab,tab,stable
tapa,held,1,taf,taf,good
tapa,held,1,zab,zab,public
tapa,held,1,zaf,zaf,equal (iso-)
tapa,held,1,zap,zap,zap
tapa,held,1,zav,zav,lie
tatu,held,1,das,dac,death
tatu,held,1,das,das,understand
tatu,held,1,das,ras,in
tatu,held,1,daz,laz,very much of (-some)
tatu,held,1,daz,raC,rhythm
tatu,held,1,daz,raz,resonate
tatu,held,1,sad,cad,life
tatu,held,1,sad,sal,like (similar)
tatu,held,1,sad,sar,surf
tatu,held,1,sat,cat,mud
tatu,held,1,sat,sat,sight
tatu,held,1,tas,tac,set (get)
tatu,held,1,tas,tas,test
tatu,held,1,zad,Car,there (abstract reference)
tatu,held,1,zad,Car,other
tatu,held,1,zad,zar,vowel
tika,held,1,dig,dig,sine
tika,held,1,dig,lig,square root
tika,held,1,dig,reg,edit
tika,held,1,dij,dej,orange
tika,held,1,dij,lij,orient
tika,held,1,dik,lek,collect
tika,held,1,dik,lik,link
tika,held,1,dik,rik,up
tika,held,1,dix,rex,array
tika,held,1,sig,sig,front
tika,held,1,sik,sek,percept
tika,held,1,sik,sik,seek
tika,held,1,six,six,all encompasing thing
tika,held,1,tik,tek,take
tika,held,1,tix,tix,tingle
tika,held,1,zig,zig,gain
tima,held,1,dim,dim,you
tima,held,1,dim,lem,low
tima,held,1,sim,sem,same (sym-)
tima,held,1,tim,tim,team
tima,held,1,zim,zem,plasma (matter)
tima,held,1,zim,zim,pleasure
tina,held,1,din,lin,learn
tina,held,1,din,liq,simulate
tina,held,1,din,ren,rain
tina,held,1,din,rin,run
tina,held,1,sin,ciq,thing (hatchling)
tina,held,1,tin,ten,tan (color)
tina,held,1,tin,teq,like (as if)
tina,held,1,tin,tin,between
tina,held,1,tin,tiq,mental experience
tina,held,1,zin,zin,decision
tina,held,1,zin,ziq,zing
tipa,held,1,dib,dib,connect
tipa,held,1,dib,rib,ribbit
tipa,held,1,dif,dif,define
tipa,held,1,dif,lif,leaf
tipa,held,1,dif,ref,success
tipa,held,1,dif,rif,close (near)
tipa,held,1,dip,dip,tree
tipa,held,1,dip,lep,push
tipa,held,1,dip,lip,chain
tipa,held,1,dip,rip,rich
tipa,held,1,div,div,drive
tipa,held,1,div,riv,to/arrive
tipa,held,1,sif,sef,continue
tipa,held,1,sif,sif,purple
tipa,held,1,sip,sep,swipe
tipa,held,1,sip,sip,asleep
tipa,held,1,siv,sev,save
tipa,held,1,siv,siv,perceive
tipa,held,1,tif,tef,left
tipa,held,1,tip,tip,step
tipa,held,1,tiv,tiv,conscious
tipa,held,1,zip,zip,graph
tipa,held,1,ziv,Cev,without
tita,held,1,dis,dis,number
tita,held,1,dis,les,air
tita,held,1,dis,ric,straight
tita,held,1,dis,ris,express
tita,held,1,diz,dez,dynamic
tita,held,1,diz,leC,point
tita,held,1,diz,reC,progress
tita,held,1,diz,riC,algorithm
tita,held,1,diz,riz,rise
tita,held,1,sid,sid,seed
tita,held,1,sid,sil,more (-er)
tita,held,1,sit,cit,get
tita,held,1,sit,sit,medium
tita,held,1,tis,tic,fourteen
tita,held,1,tiz,tiz,ellipse
tita,held,1,zid,zil,perspective
tita,held,1,zid,zir,pertaining to x (pleasantry)
tita,held,1,zit,zet,olive (color)
tuka,held,1,dug,dug,drink
tuka,held,1,dug,log,permute
tuka,held,1,dug,log,bet (gamble)
tuka,held,1,dug,log,murmur
tuka,held,1,dug,log,glimmer
tuka,held,1,dug,rog,thirteen
tuka,held,1,dug,rug,this
tuka,held,1,duj,luj,logic
tuka,held,1,duk,duk,minute
tuka,held,1,duk,lok,place (space location)
tuka,held,1,duk,luk,look
tuka,held,1,duk,ruk,location
tuka,held,1,dux,dux,condition (general state)
tuka,held,1,dux,lox,string (computing)
tuka,held,1,sug,sog,reason
tuka,held,1,suk,cok,spec
tuka,held,1,suk,cuk,eleven
tuka,held,1,suk,sok,around/surround
tuka,held,1,suk,suk,top
tuka,held,1,sux,cux,key
tuka,held,1,tuk,tok,structure
tuka,held,1,tux,tox,text
tuka,held,1,tux,tux,intuition
tuka,held,1,zug,Cog,though/regard
tuka,held,1,zuk,zok,try
tuka,held,1,zuk,zuk,where
tuka,held,1,zux,zox,sense
tuma,held,1,dum,dom,state
tuma,held,1,dum,dum,negative
tuma,held,1,dum,lom,plural (many)
tuma,held,1,dum,lum,branch
tuma,held,1,dum,rum,realm
tuma,held,1,sum,som,drug
tuma,held,1,tum,tom,atom
tuma,held,1,zum,zom,so/great
tuma,held,1,zum,zum,zoom
tuna,held,1,dun,dun,join (to one)
tuna,held,1,dun,lon,loan
tuna,held,1,dun,lun,moon
tuna,held,1,dun,luq,question
tuna,held,1,dun,ron,environment
tuna,held,1,dun,run,glyph
tuna,held,1,tun,ton,agent (one who does x)
tuna,held,1,tun,tuq,type
tuna,held,1,zun,Con,transition
tuna,held,1,zun,zon,zone
tupa,held,1,dub,dob,two
tupa,held,1,dub,dub,aware
tupa,held,1,dub,lob,error
tupa,held,1,dub,rub,logarithm
tupa,held,1,duf,luf,far (large-distance-focus)
tupa,held,1,dup,lup,loop
tupa,held,1,dup,rup,right (time)
tupa,held,1,duv,rov,copper
tupa,held,1,duv,ruv,local
tupa,held,1,sub,cub,torture
tupa,held,1,sub,sub,I
tupa,held,1,suf,sof,each
tupa,held,1,suf,suf,self (auto-)
tupa,held,1,sup,sop,so/transition
tupa,held,1,sup,sup,above (super)/hover
tupa,held,1,suv,cov,brown
tupa,held,1,suv,cuv,field (ether)
tupa,held,1,suv,suv,observe
tupa,held,1,tub,tub,tube
tupa,held,1,tup,tup,impure
tupa,held,1,tuv,tuv,input (computing)
tupa,held,1,zub,zub,absorb
tuta,held,1,dus,dus,reduce
tuta,held,1,dus,los,less of (-less) empty
tuta,held,1,dus,ros,force
tuta,held,1,duz,doz,here
tuta,held,1,duz,duz,do
tuta,held,1,duz,roz,rose
tuta,held,1,duz,ruz,consonant
tuta,held,1,sud,sod,mystery
tuta,held,1,sud,sol,soul
tuta,held,1,sud,sor,file (computer)
tuta,held,1,sud,sul,still (time)
tuta,held,1,sud,sur,assert
tuta,held,1,sud,sur,out
tuta,held,1,sut,sut,store
tuta,held,1,tus,tos,task
tuta,held,1,tus,tuc,emotion
tuta,held,1,tuz,toz,position (cardinal)
tuta,held,1,tuz,tuz,because
tuta,held,1,zud,zul,animal
tuta,held,1,zud,zur,fall
tuta,held,1,zut,zut,identity
kaku kika,held,2,kax.kix,kaxkix,babble
kaku maka,held,2,gax.max,gaxax,scout
kaku maka,held,2,kax.mak,haxak,launch of new product
kaku mata,held,2,kax.mad,kaxad,suspicion
kaku mata,held,2,kax.mad,haxmad,extermination
kaku mata,held,2,xag.mat,xagat,shrug
kaku mika,held,2,gax.mik,gaxek,gash
kaku mina,held,2,kax.min,haxin,lean
kaku mina,held,2,kax.min,kaxiq,cash
kaku mina,held,2,xag.min,xagin,shag
kaku mipa,held,2,kax.miv,haxiv,reply
kaku mita,held,2,jak.mit,jaket,jacket
kaku mita,held,2,kax.mid,haxir,molt
kaku mita,held,2,kax.mit,haxmit,omit
kaku mita,held,2,xak.mid,yakid,designate
kaku mita,held,2,xak.mid,yakir,darling
kaku mita,held,2,xak.mit,xakit,salmon
kaku muka,held,2,gax.mux,gaxox,probe
kaku muna,held,2,kax.mun,kaxon,quash
kaku muna,held,2,kax.mun,kaxun,caution
kaku muta,held,2,kaj.mud,hajur,aperture
kaku muta,held,2,kaj.mud,kajul,cashew
kaku muta,held,2,kax.mud,haxor,usher
kaku nima,held,2,xak.nim,xakim,rehabilitate
kaku paka,held,2,kax.pak,haxpak,influence
kaku pata,held,2,kax.pad,haxpal,humiliation
kama kama,held,2,gam.gam,gag,child
kama kama,held,2,kam.kam,hak,hack (work)
kama kama,held,2,kam.kam,hakam,establish
kama kama,held,2,xam.jam,yaj,measure
kama kama,held,2,xam.xam,xax,eternal
kama kana,held,2,kam.kan,hakan,icon
kama kapa,held,2,kam.kab,hakab,obstacle
kama kapa,held,2,kam.kav,hakav,heel
kama kapa,held,2,xam.xav,yaxav,sit
kama kata,held,2,kam.kad,hakar,recognition
kama kata,held,2,kam.kad,kakal,quell
kama kata,held,2,kam.kaz,hakaC,captivate
kama kata,held,2,xam.xas,yaxas,worthy
kama kika,held,2,kam.gix,hagix,serve
kama kipa,held,2,kam.kif,hakif,enforcement
kama kita,held,2,kam.git,haget,await
kama kita,held,2,kam.kid,hakir,acquaint
kama kita,held,2,kam.kit,hakit,acquit
kama kita,held,2,kam.kit,kakit,oyster
kama kuma,held,2,kam.kum,hakom,accompany
kama kuna,held,2,kam.kun,hakun,meadow
kama kuta,held,2,gam.gud,gagor,gag
kama kuta,held,2,kam.gud,hagol,haggle
kama kuta,held,2,kam.kud,kakol,cackle
kama kuta,held,2,kam.kud,kakor,basin
kama kuta,held,2,kam.kuz,kakuz,cuckoo
kama nata,held,2,gam.nad,gamal,camel
kama nata,held,2,kam.nad,kamar,gamble
kama nata,held,2,kam.nat,kamat,flour
kama nika,held,2,kam.nik,hamik,pelt
kama nika,held,2,kam.nix,kamix,commission
kama nima,held,2,kam.nim,hamem,stun
kama nita,held,2,kam.nis,hamis,melt
kama nita,held,2,kam.nit,kamet,comet
kama nita,held,2,kam.niz,hamez,amaze
kama nuta,held,2,gam.nud,gamor,gum
kama nuta,held,2,kam.nus,hamos,ferret
kama nuta,held,2,kam.nus,hamus,hummus
kama nuta,held,2,kam.nut,hamot,hum
kama nuta,held,2,kam.nut,kamut,commute
kama nuta,held,2,kam.nuz,hamuz,amuse
kama paka,held,2,kam.bax,hambax,ambush
kama paka,held,2,kam.pak,kampak,compact
kama pama,held,2,kam.pam,hamp,ampere (electric current)
kama pama,held,2,kam.pam,kamp,camp
kama pana,held,2,kam.ban,kamban,combine
kama pana,held,2,kam.pan,hampan,hump
kama pana,held,2,xam.ban,xaman,shaman
kama pata,held,2,kam.bas,hambas,emboss
kama pata,held,2,kam.bat,kambat,combat
kama pata,held,2,kam.pad,kampal,compile
kama pata,held,2,kam.pas,kampas,compass
kama pina,held,2,xam.pin,xampen,champagne
kama pita,held,2,gam.bid,gambir,serious
kama pita,held,2,kam.pid,hampid,impede
kama pita,held,2,kam.pid,kampir,compare
kama pita,held,2,kam.pit,kampit,compete
kama puna,held,2,kam.bun,hamon,crowd/mob
kama puna,held,2,kam.bun,kamon,common
kama puta,held,2,kam.pud,hampor,hamper
kama puta,held,2,kam.put,kamput,computer
kama puta,held,2,kam.puz,kampoz,compose
kama puta,held,2,xam.bud,xambol,shamble
kama tana,held,2,kam.dan,kamran,camera
kama tana,held,2,kam.san,kamsan,thief
kama tina,held,2,kam.din,kamdin,comedy
kama tina,held,2,kam.tin,kamtiq,committee
kana kana,held,2,kan.xan,hanxaq,serene
kana kata,held,2,gan.gad,gaqgal,ad
kana kika,held,2,kan.gij,haqgej,engage
kana kima,held,2,kan.xim,hanxim,resuscitate
kana kipa,held,2,xan.xip,yanxip,maneuver
kana kita,held,2,kan.kid,haqkid,honk
kana kita,held,2,kan.kit,hanket,antiquate
kana kita,held,2,kan.kit,hankit,impose
kana kita,held,2,kan.xit,hanxet,initiate
kana kuma,held,2,kan.kum,hankom,honeycomb
kana kuna,held,2,xan.xun,yanxun,perpetuate
kana kupa,held,2,xan.xuf,yanxuf,owl
kana kuta,held,2,kan.jud,kanjur,conjure
kana kuta,held,2,kan.kud,hankod,encode
kana kuta,held,2,kan.kud,kankur,concur
kana kuta,held,2,kan.xud,hanxur,insure
kana kuta,held,2,xan.kut,yaqkut,infancy
kana maka,held,2,kan.mak,hanak,giant
kana maka,held,2,kan.mak,kaqak,goose
kana mana,held,2,gan.man,ganan,reckon
kana mana,held,2,kan.man,hanan,onion
kana mana,held,2,kan.man,kanan,canyon
kana mapa,held,2,gan.mav,ganav,steal
kana mika,held,2,kan.mik,hanmik,diminish
kana mina,held,2,kan.min,kaniq,cunning
kana mipa,held,2,xan.mip,xanip,shine
kana mita,held,2,gan.mis,ganis,gneiss
kana mita,held,2,kan.mit,hanit,initialize
kana muka,held,2,kan.muk,hanuk,dedicate
kana muka,held,2,xan.muk,yanuk,smog
kana muna,held,2,kan.mun,hanon,park (vehicle)
kana muna,held,2,xan.mun,yanmon,inundate
kana mupa,held,2,kan.mup,kanop,canopy
kana muta,held,2,gan.mud,ganol,gown
kana muta,held,2,kan.mud,hanod,annoy
kana muta,held,2,kan.mud,hanol,annul
kana muta,held,2,kan.mut,kanot,connotation
kana pana,held,2,kan.fan,kanfan,confine
kana pana,held,2,xan.fan,xaqfaq,counterpart
kana pata,held,2,kan.bad,hanbal,enable
kana pata,held,2,kan.fad,kanfad,confide
kana pata,held,2,kan.fat,kanfat,attitude
kana pata,held,2,kan.pas,hanpas,encompass
kana pata,held,2,kan.vas,kanvas,canvas
kana pika,held,2,kan.fig,kanfig,configure
kana pika,held,2,kan.vik,kanvik,convict
kana pina,held,2,kan.vin,kanven,convey
kana pina,held,2,kan.vin,kanvin,convene
kana pita,held,2,kan.vit,hanvit,envy
kana pupa,held,2,kan.vup,hanvop,envelope
kana puta,held,2,kan.fud,kanfur,confer
kana puta,held,2,kan.fuz,hanfuz,infuse
kana taka,held,2,kan.dag,handag,hound
kana taka,held,2,kan.dag,hanlag,analog
kana tama,held,2,gan.tam,gant,-gon (polygon)
kana tama,held,2,kan.dam,kand,command
kana tama,held,2,kan.dam,kandam,condemn
kana tama,held,2,kan.tam,hant,hunt
kana tama,held,2,kan.tam,kantam,quantity/quanta
kana tama,held,2,kan.zam,hanz,house
kana tama,held,2,xan.tam,xant,ancient
kana tana,held,2,kan.dan,handan,bleak
kana tana,held,2,kan.san,kansan,consign
kana tana,held,2,kan.tan,hantan,intertwine
kana tana,held,2,kan.zan,hanzaq,mount
kana tana,held,2,xan.dan,xanlaq,hearty
kana tana,held,2,xan.zan,xaqzaq,twiddle
kana tapa,held,2,kan.dav,handav,endeavor
kana tatu,held,2,kan.sad,kansal,cancel
kana tika,held,2,kan.dik,haqlek,queue
kana tika,held,2,kan.tik,hantik,antique
kana tima,held,2,gan.dim,gaqdem,disk
kana tina,held,2,kan.tin,kanten,contain
kana tina,held,2,xan.din,yanlin,stern
kana tipa,held,2,kan.siv,kansiv,conceive
kana tita,held,2,kan.diz,kandiz,candy
kana tita,held,2,kan.sid,kansid,concede
kana tita,held,2,kan.sit,kansit,conceit
kana tuka,held,2,kan.tuj,hantoj,haunt
kana tuna,held,2,kan.dun,kandon,condone
kana tuna,held,2,kan.sun,kansoq,baggy
kana tuna,held,2,kan.zun,kanzoq,fancy
kana tuna,held,2,xan.zun,yanzoq,severe
kana tuta,held,2,kan.sud,hansul,ensue
kana tuta,held,2,kan.sud,kansol,console
kana tuta,held,2,kan.sud,kansur,connoisseur
kapa kama,held,2,kap.xam,kapxam,caption
kapa kapa,held,2,kaf.kaf,kafkaf,flip-flop
kapa kita,held,2,kaf.kid,hafkid,deposit
kapa kita,held,2,kaf.kid,hafkir,forfeit
kapa kita,held,2,kaf.kis,hafkes,efficacy
kapa kuta,held,2,kab.jud,habjur,abjure
kapa kuta,held,2,kap.xud,kapxur,capture
kapa maka,held,2,kab.mak,habak,embrace
kapa maka,held,2,kaf.mak,hafak,production
kapa maka,held,2,kav.mak,havak,havoc
kapa maka,held,2,kav.mak,kavak,dust
kapa mana,held,2,gav.man,gavan,guava
kapa mana,held,2,kaf.man,hafan,often
kapa mana,held,2,kap.man,hapan,happen
kapa mapa,held,2,kab.mav,habav,cherish
kapa mapa,held,2,kaf.maf,hafaf,huff
kapa mapa,held,2,kaf.maf,kafaf,extenuate
kapa mata,held,2,jab.mad,jabar,math
kapa mata,held,2,jav.mad,javal,swathe
kapa mata,held,2,kab.mad,habad,abide
kapa mata,held,2,kab.mad,habal,rope
kapa mata,held,2,kab.maz,habaC,applaud
kapa mata,held,2,kaf.mad,kafar,close oneself off
kapa mata,held,2,kaf.mas,hafas,fuss
kapa mata,held,2,kaf.mat,hafat,curb
kapa mata,held,2,kap.mad,hapal,appall
kapa mata,held,2,kav.mas,havas,obvious
kapa mata,held,2,kav.mat,kavat,caveat
kapa mata,held,2,xab.mat,xabat,rest
kapa mata,held,2,xap.mad,yapad,destination
kapa mata,held,2,xav.mas,xavas,fame
kapa mika,held,2,kaf.mik,hafik,derive
kapa mika,held,2,kav.mik,havik,walrus
kapa mika,held,2,kav.mik,kavik,wolverine
kapa mina,held,2,kap.min,hapiq,hype
kapa mina,held,2,xab.min,yabiq,import
kapa mipa,held,2,kaf.mif,hafif,congruence (geometry)
kapa mipa,held,2,kaf.mif,kafif,subordinate
kapa mipa,held,2,xav.miv,xaviv,flash
kapa mita,held,2,gab.mid,gabil,knead
kapa mita,held,2,jab.mid,jabir,legging
kapa mita,held,2,kab.mid,habil,sabotage
kapa mita,held,2,kab.mit,habet,habituate
kapa mita,held,2,kaf.mid,hafid,conserve
kapa mita,held,2,kaf.mid,hafil,encourage
kapa mita,held,2,kap.mid,hapil,appeal
kapa mita,held,2,kap.miz,hapiz,appease
kapa mita,held,2,kav.mid,havid,avid
kapa mita,held,2,kav.mid,kavid,liver
kapa mita,held,2,kav.mis,havis,oblation
kapa mita,held,2,kav.mit,havit,hive
kapa mita,held,2,xab.mis,xabic,cling
kapa muna,held,2,gab.mun,gaboq,gob
kapa muna,held,2,kav.mun,kavon,cavern
kapa muta,held,2,gab.mud,gabol,gobble
kapa muta,held,2,kab.mud,habol,hobble
kapa muta,held,2,kab.mud,habor,abhor
kapa muta,held,2,kab.mud,kabol,cobble
kapa muta,held,2,kab.mus,habus,abuse
kapa muta,held,2,kap.mud,kapor,concave
kapa muta,held,2,kap.mut,hapot,overlap
kapa muta,held,2,kap.mut,kapot,skim
kapa muta,held,2,kap.muz,hapoz,oppose
kapa muta,held,2,kav.mud,kavod,honor/respect
kapa muta,held,2,kav.mut,havot,constitute
kapa muta,held,2,xav.mud,xavol,shovel
kapa nama,held,2,kaf.nam,kafam,however
kapa nita,held,2,kab.nit,habnet,hibernate
kapa nita,held,2,kab.nit,kabnet,cabinet
kapa nuta,held,2,kaf.nut,hafnot,refer
kapa taka,held,2,kab.dak,habdak,abduct
kapa tama,held,2,kab.zam,habz,abstract
kapa tatu,held,2,kap.sat,hapsat,upset
kapa tika,held,2,kab.dix,hablix,abolish
kapa tika,held,2,kav.dix,havrix,brush
kapa tina,held,2,kap.tin,kapten,captain
kapa tita,held,2,kav.diz,havriz,shirk
kapa tupa,held,2,kab.dup,habrop,abrupt
kapa tuta,held,2,kap.sud,hapsod,episode
kata kaku,held,2,kad.jak,hadjak,hijack
kata kama,held,2,gat.xam,gatx,german i vowel sound
kata kama,held,2,kad.jam,hadj,hedge
kata kama,held,2,kas.kam,hask,explore
kata kama,held,2,kat.xam,hatx,hole
kata kama,held,2,xas.kam,xask,ask
kata kana,held,2,kad.jan,hadjan,convince
kata kapa,held,2,kat.kaf,hatkaf,seizure (taking)
kata kata,held,2,kad.gad,hargal,habit
kata kata,held,2,kad.jad,hadjal,agile
kata kata,held,2,kad.jat,hadjat,propel
kata kata,held,2,xat.xat,yatxat,sustain
kata kika,held,2,kad.gix,halgex,allegation
kata kika,held,2,kat.xik,hatxik,hatch
kata kima,held,2,kad.gim,hadgim,demonstrate
kata kima,held,2,kas.kim,haskim,consent
kata kina,held,2,kad.jin,hadjin,adjoin
kata kipa,held,2,kat.xip,katxip,chip (block)
kata kipa,held,2,kat.xiv,hatxiv,achieve
kata kita,held,2,kad.giz,hargiz,irritate
kata kita,held,2,kas.kid,kasked,cascade
kata kita,held,2,kas.kit,hacket,authenticate
kata kita,held,2,kas.kit,haskit,husk
kata kuka,held,2,xat.xuk,xatxuk,sag
kata kuna,held,2,kat.xun,hatxuq,estuary
kata kuta,held,2,kad.gud,halgor,allegory
kata kuta,held,2,kad.jud,kadjul,ashamed
kata kuta,held,2,kat.xud,hatxol,cooperate
kata kuta,held,2,xas.kud,xaskur,ask out
kata maka,held,2,kad.mag,krag,node
kata maka,held,2,kad.mak,hark,arc
kata maka,held,2,kad.mak,kark,quark
kata maka,held,2,kad.mak,klak,clock
kata maka,held,2,kad.mak,krak,crack
kata maka,held,2,kad.mak,halak,law
kata maka,held,2,kad.max,halx,hair
kata maka,held,2,kad.max,krax,crash
kata maka,held,2,kad.max,hadax,lens
kata maka,held,2,kad.max,harax,dull
kata maka,held,2,kat.mak,hatak,attack
kata maka,held,2,xad.mak,xark,society
kata mana,held,2,gad.man,garm,arm
kata mana,held,2,gad.man,glan,glide
kata mana,held,2,kad.man,halm,hue
kata mana,held,2,kad.man,klan,claw
kata mana,held,2,kad.man,kraq,ring (sound)
kata mana,held,2,kad.man,haran,heron
kata mana,held,2,kad.man,karan,car
kata mana,held,2,kas.man,kasan,instant
kata mana,held,2,kaz.man,haCan,announce
kata mana,held,2,kaz.man,hazman,invitation
kata mana,held,2,xad.man,xarm,10^21
kata mana,held,2,xad.man,xalaq,jot
kata mapa,held,2,gad.map,grap,issue
kata mapa,held,2,gad.map,galap,gallop
kata mapa,held,2,gad.mav,glav,glove
kata mapa,held,2,gad.mav,grav,graviton
kata mapa,held,2,gas.mav,gasav,pride
kata mapa,held,2,jad.maf,jalf,j sound
kata mapa,held,2,kad.maf,kraf,comfort
kata mapa,held,2,kad.map,karp,keep
kata mapa,held,2,kad.map,klap,danish a vowel sound
kata mapa,held,2,kad.map,hadap,adapt
kata mapa,held,2,kad.mav,halav,milk
kata mapa,held,2,kas.map,hasap,convect
kata mapa,held,2,xad.mab,xarab,wine
kata mapa,held,2,xad.map,xarp,x sound
kata mapa,held,2,xad.mav,xlav,calculate
kata mapa,held,2,xad.mav,xalav,phase
kata mata,held,2,gad.mad,gard,g sound
kata mata,held,2,gad.mad,grad,grid
kata mata,held,2,gad.mad,gral,foot
kata mata,held,2,gad.mad,gadar,fence
kata mata,held,2,gad.mas,grac,jaw
kata mata,held,2,gad.mas,gras,grass
kata mata,held,2,gad.mas,gadas,lentil
kata mata,held,2,gad.mat,galt,guilt
kata mata,held,2,gad.mat,galat,recite
kata mata,held,2,gad.maz,garaz,lubricate
kata mata,held,2,gas.mad,gacar,affect
kata mata,held,2,kad.mad,hald,elm
kata mata,held,2,kad.mad,hard,hard (vs. soft)
kata mata,held,2,kad.mad,kard,can
kata mata,held,2,kad.mad,klad,cloud
kata mata,held,2,kad.mad,hadal,idle
kata mata,held,2,kad.mad,halal,permissible
kata mata,held,2,kad.mad,harad,arid
kata mata,held,2,kad.mad,haral,convert
kata mata,held,2,kad.mad,harar,mull
kata mata,held,2,kad.mad,kadal,cuddle
kata mata,held,2,kad.mad,kalad,collide
kata mata,held,2,kad.mad,kalal,scour
kata mata,held,2,kad.mad,hadmar,admire
kata mata,held,2,kad.mas,halc,ethnicity
kata mata,held,2,kad.mas,hals,ice
kata mata,held,2,kad.mas,kras,cross
kata mata,held,2,kad.mas,hadas,myrtle
kata mata,held,2,kad.mas,harac,cultivate
kata mata,held,2,kad.mas,haras,grip
kata mata,held,2,kad.mas,karmac,karma
kata mata,held,2,kad.mat,kalt,cult
kata mata,held,2,kad.mat,kart,crown
kata mata,held,2,kad.mat,klat,cat
kata mata,held,2,kad.mat,harat,till
kata mata,held,2,kad.mat,kadat,succumb
kata mata,held,2,kad.maz,kalaz,equalize
kata mata,held,2,kad.maz,karmaz,carve
kata mata,held,2,kas.mad,hasad,aside
kata mata,held,2,kas.mas,kacac,furniture
kata mata,held,2,kas.mat,kasat,allot
kata mata,held,2,kat.mad,hatar,attire
kata mata,held,2,kat.mad,katar,ooze
kata mata,held,2,kaz.mad,kaCal,disposition
kata mata,held,2,kaz.mad,kazar,return at regular intervals
kata mata,held,2,xad.mad,yard,yard (measurement)
kata mata,held,2,xas.mad,xasal,kid
kata mika,held,2,kad.mig,haleg,dial
kata mika,held,2,kad.mig,halig,mock
kata mika,held,2,kad.mig,kalig,colleague
kata mika,held,2,kad.mij,hadij,ideology
kata mika,held,2,kad.mik,klek,click
kata mika,held,2,kad.mik,krek,cake
kata mika,held,2,kad.mik,karik,query
kata mika,held,2,kad.mix,karix,shark
kata mika,held,2,kad.mix,hadmix,admission
kata mika,held,2,kas.mig,hasig,recall
kata mika,held,2,kat.mik,hatik,transfer
kata mika,held,2,kaz.mik,haCik,proficient
kata mika,held,2,xad.mik,xlik,shriek
kata mika,held,2,xad.mik,xadik,pair
kata mika,held,2,xad.mik,yarek,thigh
kata mina,held,2,gad.min,glen,gluon
kata mina,held,2,kad.min,klin,clean
kata mina,held,2,kad.min,kliq,k sound
kata mina,held,2,kad.min,kriq,care
kata mina,held,2,kad.min,halen,highway
kata mina,held,2,kad.min,halin,cushy
kata mina,held,2,kad.min,karin,carry
kata mina,held,2,kas.min,haseq,assay
kata mina,held,2,kas.min,hasin,essay
kata mina,held,2,kat.min,haten,attain
kata mina,held,2,kaz.min,hazmin,invite
kata mina,held,2,xad.min,xadiq,shoddy
kata mipa,held,2,gad.mip,glip,lip
kata mipa,held,2,gad.mip,grep,grape
kata mipa,held,2,gad.miv,griv,grieve
kata mipa,held,2,kad.mif,halif,suit (clothing)
kata mipa,held,2,kad.mif,kalif,successor
kata mipa,held,2,kad.mip,krep,crypto
kata mipa,held,2,kad.mip,hadep,adept
kata mipa,held,2,kad.miv,kliv,cave
kata mipa,held,2,kad.miv,krev,crave
kata mipa,held,2,kad.miv,hariv,expand
kata mipa,held,2,kat.mif,hatif,advocate
kata mipa,held,2,kat.mif,katif,shoulder
kata mipa,held,2,kaz.mif,hazif,frown
kata mipa,held,2,kaz.mif,kaCif,projectile
kata mipa,held,2,xad.miv,xaliv,inspire
kata mipa,held,2,xad.miv,yariv,opponent
kata mita,held,2,gad.mid,gled,lay
kata mita,held,2,gad.mid,gred,grade (score)
kata mita,held,2,gad.mid,gril,case (container)
kata mita,held,2,gad.mis,gres,guess
kata mita,held,2,gad.mit,glet,gate
kata mita,held,2,gad.mit,grit,hello
kata mita,held,2,gad.miz,glez,10^4
kata mita,held,2,jad.mit,jaret,jar
kata mita,held,2,kad.mid,klir,clear
kata mita,held,2,kad.mid,kred,credit
kata mita,held,2,kad.mid,krid,liquid
kata mita,held,2,kad.mid,kadid,helmet
kata mita,held,2,kad.mid,kalil,scarcity
kata mita,held,2,kad.mid,karir,career
kata mita,held,2,kad.mis,klis,nucleus
kata mita,held,2,kad.mis,hadic,news
kata mita,held,2,kad.mis,haris,iris
kata mita,held,2,kad.mis,kares,caress
kata mita,held,2,kad.mit,kret,secret
kata mita,held,2,kad.mit,hadit,audit
kata mita,held,2,kad.mit,halit,haul
kata mita,held,2,kad.mit,kalit,leporidae (hare)
kata mita,held,2,kad.miz,halez,always
kata mita,held,2,kas.mid,hacid,acid
kata mita,held,2,kas.mid,hasid,piety
kata mita,held,2,kas.mid,kacir,viscous
kata mita,held,2,kas.mis,hases,assess
kata mita,held,2,kas.mis,hasis,assist
kata mita,held,2,kat.mit,hatit,pry
kata mita,held,2,kat.miz,hatiC,festival
kata mita,held,2,kat.miz,hatiz,squirt
kata mita,held,2,kaz.mid,haCir,cautious
kata mita,held,2,kaz.mis,kazis,piece
kata mita,held,2,kaz.mit,kazit,facade
kata mita,held,2,xad.mid,yalid,native
kata mita,held,2,xad.mit,yarit,intercept
kata mita,held,2,xas.mid,yasir,arrogant
kata mita,held,2,xat.mid,yatir,obsolete
kata muka,held,2,gad.muk,glok,your
kata muka,held,2,gad.muk,gluk,lick
kata muka,held,2,kad.muk,klok,quick
kata muka,held,2,kad.muk,krok,croak
kata muka,held,2,kad.muk,harok,squeak
kata muka,held,2,kad.muk,kaluk,trout
kata muka,held,2,kad.mux,kalox,dominate
kata muna,held,2,gad.mun,groq,lion
kata muna,held,2,gad.mun,grun,grow
kata muna,held,2,gad.mun,garon,deficit
kata muna,held,2,kad.mun,klun,community
kata muna,held,2,kad.mun,halon,alone
kata muna,held,2,kad.mun,halun,hyena
kata muna,held,2,kad.mun,haron,arrow
kata muna,held,2,kat.mun,haton,hot
kata muna,held,2,kat.mun,katoq,cut
kata muna,held,2,xad.mun,xadon,shadow
kata mupa,held,2,gad.mub,glob,planet
kata mupa,held,2,gad.mup,grup,group (math)
kata mupa,held,2,gad.muv,gruv,rub
kata mupa,held,2,kad.mub,klub,kill
kata mupa,held,2,kad.muf,hadof,repel
kata mupa,held,2,kad.muf,haluf,option
kata mupa,held,2,kas.muf,hasof,expose
kata muta,held,2,gad.mud,glor,glare
kata muta,held,2,gad.mud,gror,growl
kata muta,held,2,gad.mud,garur,delusion
kata muta,held,2,gad.mus,garos,gregarious
kata muta,held,2,gad.mut,glot,goat
kata muta,held,2,gad.mut,grut,grit (strength)
kata muta,held,2,gad.mut,galut,exile
kata muta,held,2,gad.mut,garot,provoke
kata muta,held,2,gat.mud,gator,gutter
kata muta,held,2,gaz.mud,gazol,guzzle
kata muta,held,2,gaz.mud,gazor,geyser
kata muta,held,2,jad.mus,jalus,jealous
kata muta,held,2,jaz.mud,jazur,gossip
kata muta,held,2,kad.mud,klor,color
kata muta,held,2,kad.mud,krol,cull
kata muta,held,2,kad.mud,halud,allude
kata muta,held,2,kad.mud,halur,allure
kata muta,held,2,kad.mud,kadol,coddle
kata muta,held,2,kad.mud,kalor,cower
kata muta,held,2,kad.mud,kalud,collude
kata muta,held,2,kad.mud,halmor,helm
kata muta,held,2,kad.mut,klut,cute
kata muta,held,2,kad.mut,krot,right (vs. wrong)
kata muta,held,2,kad.muz,kloz,close
kata muta,held,2,kad.muz,haroz,arouse
kata muta,held,2,kas.mud,hacor,author
kata muta,held,2,kas.mud,hasol,hustle
kata muta,held,2,kat.mud,kator,cruel
kata muta,held,2,kat.mut,hatot,tilt
kata muta,held,2,kaz.mut,hazot,rave
kata muta,held,2,xad.mud,xadur,shudder
kata muta,held,2,xat.mud,xator,shutter
kata naka,held,2,kad.nak,harnak,purse
kata naka,held,2,xaz.nak,yaCnak,dwindle
kata nama,held,2,gad.nam,gram,gram (measure)
kata nama,held,2,gad.nam,garam,cost
kata nama,held,2,kad.nam,harq,along
kata nama,held,2,kad.nam,kaln,kaon
kata nama,held,2,kad.nam,haram,forbidden/taboo
kata nama,held,2,kas.nam,hasam,placement
kata nama,held,2,xad.nam,yarn,y sound
kata nama,held,2,xas.nam,yacam,kneel
kata napa,held,2,kad.nab,karnab,cauliflower
kata napa,held,2,kad.naf,karnaf,rhino
kata nata,held,2,kad.nad,karnal,kernel
kata nika,held,2,gad.nix,garnix,garnish
kata nima,held,2,gad.nim,grem,grim
kata nima,held,2,gad.nim,galim,embody
kata nima,held,2,gaz.nim,gaCim,magnificent
kata nima,held,2,jad.nim,jalim,jelly
kata nima,held,2,kad.nim,klem,claim
kata nima,held,2,kad.nim,krem,chemical
kata nipa,held,2,kad.niv,karnev,call off
kata nita,held,2,kad.nit,halnet,alternate
kata nita,held,2,kat.nit,katnet,concatenate
kata nita,held,2,xad.nit,yarnet,yarn
kata numa,held,2,gad.num,grum,row
kata numa,held,2,kad.num,klum,cue
kata numa,held,2,kad.num,krom,ohm (measurement)
kata numa,held,2,kad.num,kadom,precede
kata numa,held,2,kad.num,karom,heal
kata numa,held,2,kas.num,hasom,awe
kata numa,held,2,kas.num,hasum,assume
kata numa,held,2,kat.num,hatom,automatic
kata numa,held,2,xad.num,xlum,mushroom
kata numa,held,2,xad.num,xalom,welfare
kata nuta,held,2,gad.nud,garnur,garner
kata pama,held,2,kad.vam,kalv,kelvin
kata pata,held,2,gad.bad,garbal,garble
kata pata,held,2,kad.vas,hadvas,advice
kata pata,held,2,kad.vat,hadvat,non-dual
kata pata,held,2,kad.vat,karvat,market
kata pika,held,2,kad.vik,harvik,whale
kata pika,held,2,kas.pix,haspex,especially
kata pita,held,2,kad.bit,karbet,carbonate
kata puna,held,2,kad.bun,halbon,protein
kata puna,held,2,kad.bun,karbon,carb
kata puna,held,2,kad.vun,halvon,hallow
kata puta,held,2,kad.bud,harbor,harbor
kata puta,held,2,kas.pud,haspur,aspire
kata puta,held,2,kas.put,haspot,expert
kata tama,held,2,gad.zam,garz,again (re-)
kata tama,held,2,kad.zam,halz,hell (emphasize surprise)
kata tama,held,2,kas.tam,kast,cast
kata tama,held,2,kas.tam,kastam,custom
kata tama,held,2,xad.zam,xarz,opposite (anti)
kata tapa,held,2,kat.sap,hatsap,offer
kata tika,held,2,kas.tik,hastek,oust
kata tika,held,2,kas.tik,kastik,caustic
kata tika,held,2,kat.sik,katsek,tip (peak)
kata tika,held,2,kaz.dik,hazrik,inject
kata tina,held,2,gad.zin,garzin,axe
kata tina,held,2,jas.tin,jasten,joust
kata tipa,held,2,kaz.dif,hazlif,sprinkle
kata tuna,held,2,gas.tun,gaston,gust
kata tuna,held,2,kad.zun,hadzon,odds
kata tuta,held,2,kad.zud,harCur,rigorous
kika kuta,held,2,kix.kud,hixkol,cluster
kika mana,held,2,kij.man,kejan,occasion
kika mana,held,2,xik.man,xekan,shake
kika mata,held,2,kix.mad,kixar,knot
kika mata,held,2,xik.mad,yikal,depend
kika mina,held,2,gix.min,gexiq,personality
kika muna,held,2,kij.mun,kijon,cajole
kika muta,held,2,kix.mut,kixut,decorate
kika muta,held,2,xig.mud,xigur,launch
kika puta,held,2,kix.puz,hixpuz,hospital
kima kama,held,2,gim.kam,gik,user
kima kama,held,2,kim.kam,hek,hour
kima kama,held,2,kim.kam,hik,hike
kima kama,held,2,kim.kam,kek,agree
kima kama,held,2,kim.kam,kik,kick
kima kama,held,2,xim.xam,yix,something
kima kama,held,2,xim.xam,xixam,student
kima kana,held,2,kim.kan,hikan,squid
kima kapa,held,2,kim.kab,kikab,maple (tree)
kima kata,held,2,gim.gad,gigal,giggle
kima kata,held,2,kim.gad,higar,eager
kima kata,held,2,kim.gat,hegat,egg
kima kata,held,2,kim.kad,hikal,hall
kima kata,held,2,kim.kad,kikar,plaza
kima kika,held,2,xim.xik,yixik,faintly
kima kina,held,2,xim.xin,yexin,ambition
kima kina,held,2,xim.xin,yixeq,doctor
kima kipa,held,2,kim.kip,hikep,equip
kima kipa,held,2,kim.kip,kekep,harsh
kima kipa,held,2,xim.xiv,yixiv,session
kima kita,held,2,kim.kid,hekir,characteristic
kima kuka,held,2,xim.xuk,xixuk,sparse
kima kuna,held,2,kim.kun,kikuq,finch (bird)
kima kuta,held,2,kim.gut,higot,ego
kima kuta,held,2,kim.guz,higoz,vanish
kima naka,held,2,xim.nak,ximak,shim
kima nata,held,2,kim.nat,himat,emit
kima nika,held,2,kim.nix,himex,emission
kima nuka,held,2,kim.nux,himux,ammunition
kima nuta,held,2,xim.nud,ximor,shimmer
kima paka,held,2,kim.pak,himpak,impact
kima pama,held,2,kim.bam,hembam,embalm
kima pama,held,2,xim.pam,ximp,shrimp (fish)
kima pana,held,2,kim.ban,hemaq,hem
kima pata,held,2,kim.pad,himpal,impale
kima pata,held,2,kim.pas,hempac,empathy
kima puna,held,2,kim.bun,hemun,confidence
kima puna,held,2,xim.bun,ximun,oil
kima tama,held,2,gim.zam,gemz,vowel e sound
kima tama,held,2,xim.zam,ximz,happy
kima tana,held,2,gim.dan,gimlan,benefut
kima tina,held,2,kim.sin,himsiq,invent
kina kama,held,2,kin.kam,heqk,angry
kina kama,held,2,kin.kam,kiqk,10^15
kina kama,held,2,kin.kam,hiqkam,income
kina kama,held,2,xin.kam,yiqk,vowel large I sound
kina kata,held,2,kin.kad,hinkar,inquire
kina kata,held,2,kin.xad,hinxal,initial (beginning)
kina kupa,held,2,kin.kub,hiqkub,incubate
kina kuta,held,2,kin.kud,heqkor,anchor
kina kuta,held,2,kin.kud,hinkor,incur
kina kuta,held,2,xin.kuz,yeqkoC,yank
kina maka,held,2,kin.mak,hinak,enact
kina mana,held,2,kin.man,kenan,canidae
kina mana,held,2,xin.man,xinaq,shank/shin (leg)
kina mana,held,2,xin.man,yinan,murky
kina mana,held,2,xin.man,yiqaq,nutritious
kina mata,held,2,kin.mas,henas,anus
kina mata,held,2,kin.mat,kenat,kin
kina mata,held,2,kin.mat,kinat,louse
kina mipa,held,2,xin.mip,xinip,sheen
kina muka,held,2,xin.mux,yenux,despair
kina muna,held,2,xin.mun,yinoq,application
kina mupa,held,2,kin.muf,hinuf,enough
kina muta,held,2,kin.mus,kenos,rape
kina pama,held,2,kin.bam,kinam,lamentation
kina pana,held,2,xin.ban,yiqban,strain (force)
kina pika,held,2,kin.fik,hinfek,infect
kina pita,held,2,kin.fis,hinfes,interface
kina pita,held,2,kin.vit,hinvet,innovate
kina puka,held,2,kin.vuk,hinvok,invoke
kina puna,held,2,kin.vun,heqvun,hang on
kina puta,held,2,kin.fud,hinfur,infer
kina puta,held,2,kin.vus,hinvos,invoice
kina puta,held,2,xin.fud,yiqful,cope
kina taka,held,2,kin.dak,hindak,induct
kina tama,held,2,kin.tam,hint,hint
kina tana,held,2,kin.dan,hinlaq,inlay
kina tapa,held,2,kin.sab,hinsab,inhabit
kina tatu,held,2,gin.zad,geqzal,worse
kina tatu,held,2,kin.sad,hinsal,inhale
kina tatu,held,2,kin.tas,hentas,entice
kina tika,held,2,kin.dik,henrik,henry (measurement)
kina tina,held,2,kin.din,kendiq,approve
kina tina,held,2,kin.tin,hinten,intend
kina tuta,held,2,kin.dus,hendus,induce
kina tuta,held,2,kin.sud,heqsur,hang out
kipa maka,held,2,kib.max,hibax,bash
kipa mana,held,2,kip.man,hipan,hip
kipa mana,held,2,kip.man,kipan,ghast
kipa mapa,held,2,xiv.mav,xivav,chip (like computing)
kipa mata,held,2,gip.mad,gepar,scold
kipa mata,held,2,kif.mad,kifal,crease
kipa mata,held,2,kip.mad,kepal,capable
kipa mata,held,2,kiv.mad,hivad,slave
kipa mata,held,2,kiv.mad,kival,isolation
kipa mata,held,2,kiv.mad,kivar,quiver (shake)
kipa mika,held,2,kiv.mik,hivik,heave
kipa mina,held,2,giv.min,gevin,cheese
kipa mina,held,2,kip.min,hepin,hippie
kipa mita,held,2,kib.mit,hibit,inhibit
kipa mita,held,2,kib.mit,kebit,evil
kipa mita,held,2,kiv.miz,heviz,aves (birds)
kipa mita,held,2,xiv.miz,xeviz,shave
kipa muka,held,2,gib.mux,gibux,consolidate
kipa muka,held,2,kib.muk,hibuk,hug
kipa muka,held,2,kiv.muk,hivok,evoke
kipa muka,held,2,kiv.mux,hivux,rustle
kipa muta,held,2,gib.mud,gibor,hero
kipa muta,held,2,kib.mud,kibol,quibble
kipa muta,held,2,kif.muz,hifuz,effusion
kipa muta,held,2,kip.mud,hipul,impel
kipa muta,held,2,kip.mud,kipod,hedgehog
kipa muta,held,2,kiv.mud,hevor,behavior
kipa muta,held,2,kiv.mud,kevur,grave
kipa muta,held,2,xip.mud,xepol,shape
kipa muta,held,2,xip.mud,xipur,improve
kipa tama,held,2,kip.sam,heps,ape
kipa tama,held,2,xif.tam,xift,shift
kipa tatu,held,2,kip.taz,hiptaz,hypnotize
kita kama,held,2,kid.jam,hedj,age
kita kama,held,2,kid.jam,hidj,polyhedron
kita kama,held,2,kid.jam,kedj,accept
kita kama,held,2,kit.xam,hetxam,yawn
kita kama,held,2,kit.xam,kitxam,kitchen
kita kana,held,2,xid.jan,yedjan,nocturnal
kita kapa,held,2,kit.kaf,hitkaf,spasm
kita kata,held,2,kid.gat,hirgat,irrigate
kita kata,held,2,kit.kat,hitkat,ingratiate
kita kina,held,2,kit.xin,hitxiq,hitch
kita kipa,held,2,kis.kip,hiskep,escape
kita kita,held,2,gid.jiz,gedjiz,gauge
kita kuta,held,2,kid.jut,kedjot,cage
kita kuta,held,2,kit.xud,ketxul,demand
kita maka,held,2,jit.maj,jetaj,throw away
kita maka,held,2,kid.mak,hilk,elk
kita maka,held,2,kid.mak,hilak,elect
kita maka,held,2,kid.mak,kelak,quail
kita maka,held,2,kid.mak,kelak,kayak
kita maka,held,2,kid.mak,kidak,gun
kita maka,held,2,kis.mak,kisak,kiss
kita maka,held,2,kit.mak,hitak,thrust
kita maka,held,2,kiz.mak,hizak,exact
kita mana,held,2,kid.man,hidan,hidden
kita mana,held,2,kit.man,hetaq,hate
kita mana,held,2,xid.man,xelan,shale
kita mana,held,2,xid.man,xidaq,appropriate (behavior)
kita mana,held,2,xit.man,xitan,urine
kita mapa,held,2,gid.map,gilp,gill
kita mapa,held,2,kid.mav,hirav,sword
kita mata,held,2,gid.mad,girar,gear (wear)
kita mata,held,2,jid.mad,jidar,jitter
kita mata,held,2,jid.mad,jirar,swear
kita mata,held,2,kid.mad,kilar,cucumber
kita mata,held,2,kid.mas,kelas,chaos
kita mata,held,2,kid.mat,helat,hail (acclaim)
kita mata,held,2,kid.mat,hilat,elite
kita mata,held,2,kid.mat,kilat,keel
kita mata,held,2,kis.mad,hicar,aether
kita mata,held,2,kiz.mad,hiCal,whip
kita mata,held,2,xid.mad,xild,shield
kita mata,held,2,xid.mad,yild,yield
kita mata,held,2,xid.mad,xedar,shed
kita mata,held,2,xid.mad,yilal,treat (patient)
kita mika,held,2,xid.mik,xilek,deem
kita mina,held,2,git.min,getiq,gait
kita mina,held,2,kid.min,kiden,equidae
kita mina,held,2,kis.min,hesin,hasten
kita mina,held,2,xid.min,xireq,shear
kita mina,held,2,xid.min,yiliq,collar
kita mipa,held,2,kid.mip,hedip,eddy
kita mipa,held,2,xid.mip,yelip,appointment
kita mita,held,2,giz.mit,gezit,gaze
kita mita,held,2,kid.mit,helet,determine
kita mita,held,2,kit.mit,hitmet,intimate
kita mita,held,2,kiz.mit,hizet,impersonate
kita muka,held,2,kid.muk,hiluk,partition
kita muka,held,2,kit.muk,hituk,bisect
kita muka,held,2,xid.muk,yeluk,amateur
kita muna,held,2,jit.mun,jeton,token
kita muna,held,2,kiz.mun,hizun,equilibrium
kita muna,held,2,xid.mun,yeduq,peruse
kita mupa,held,2,kid.muf,hiluf,replace
kita mupa,held,2,kid.muv,kiluv,obligate
kita muta,held,2,gid.mus,gilus,recruitment
kita muta,held,2,kid.mud,hilud,elude
kita muta,held,2,kid.mud,hilul,desecrate
kita muta,held,2,kid.mud,hirod,erode
kita muta,held,2,kid.mut,hidot,idiot
kita muta,held,2,kid.mut,hirut,hire
kita muta,held,2,kis.mud,hisul,eliminate
kita muta,held,2,kit.mud,ketor,cater
kita muta,held,2,kiz.mud,hiCor,either
kita muta,held,2,kiz.mut,hizut,ease
kita muta,held,2,xid.mut,xirut,cohesion (physics)
kita muta,held,2,xis.mud,yesud,praise
kita muta,held,2,xis.mud,yisud,founding
kita muta,held,2,xit.mud,yetor,hypotenuse
kita muta,held,2,xit.mud,yitur,chord
kita nama,held,2,kid.nam,kirn,cure
kita nama,held,2,kid.nam,hiram,flounder (fish)
kita nama,held,2,xis.nam,xicam,sheath
kita napa,held,2,kid.nap,kidnap,kidnap
kita nika,held,2,kiz.nik,hiznik,neglect
kita numa,held,2,kid.num,hirum,emergency
kita numa,held,2,kid.num,kidum,promotion
kita nupa,held,2,kis.nup,hesnop,hail (snow)
kita paka,held,2,kit.pak,hitpak,explode
kita pika,held,2,kis.pik,hispik,suffice
kita puna,held,2,kid.bun,helbon,insult
kita tama,held,2,gis.tam,gest,guest
kita tipa,held,2,kit.sif,ketsef,sequence
kita tuka,held,2,xis.tuk,xistok,schist
kuka mana,held,2,guj.man,gojan,gouge (indent)
kuka mana,held,2,kuj.man,kujan,recursion
kuka mana,held,2,xug.man,yugman,even
kuka mana,held,2,xuk.man,yukan,yucca
kuka mika,held,2,gux.mik,guxik,scam
kuka muna,held,2,kux.mun,kuxon,cushion
kuka nama,held,2,guj.nam,gojam,parrot
kuma kama,held,2,gum.kam,gokam,factor
kuma kama,held,2,kum.kam,hok,okay
kuma kama,held,2,kum.kam,huk,hook
kuma kama,held,2,kum.kam,kok,disagree
kuma kama,held,2,xum.xam,yoxam,priority
kuma kana,held,2,kum.kan,kukan,"cock (action, gun)"
kuma kana,held,2,xum.xan,xoxaq,hurt
kuma kana,held,2,xum.xan,yuxaq,bruise
kuma kapa,held,2,xum.xav,yoxav,inhabitant
kuma kata,held,2,gum.gad,gugal,outlandish
kuma kata,held,2,kum.gad,hogal,ogle
kuma kata,held,2,kum.kat,kukat,infamy
kuma kata,held,2,xum.jad,yujal,usual
kuma kina,held,2,kum.kin,koken,coke
kuma kuma,held,2,kum.kum,kumkum,kettle
kuma kuna,held,2,xum.xun,xoxon,sell
kuma kuta,held,2,kum.gud,hogor,hoard
kuma kuta,held,2,kum.kud,hokur,occur
kuma nata,held,2,kum.nad,humad,humid
kuma nata,held,2,kum.nat,kumat,pear
kuma pama,held,2,gum.pam,gump,new
kuma pana,held,2,kum.ban,koman,coma
kuma pana,held,2,xum.ban,xuman,fat
kuma taka,held,2,kum.taj,kumtaj,back down
kuma tika,held,2,kum.dik,kumrik,back up
kuna kama,held,2,kun.kam,huqk,hunger
kuna kata,held,2,jun.xad,jonxar,scatter
kuna kata,held,2,kun.gat,huqgat,aunt/uncle
kuna kita,held,2,jun.kid,joqkil,daffodil
kuna maka,held,2,kun.mak,hunak,harpoon
kuna mata,held,2,kun.mas,honas,onus
kuna mata,held,2,kun.mat,hoqat,owe
kuna mata,held,2,kun.mat,hunmat,frantic
kuna mata,held,2,xun.mat,yunat,unite
kuna mika,held,2,gun.mik,goqik,craft
kuna mika,held,2,kun.mik,hunik,sea urchin
kuna mika,held,2,xun.mik,yunik,unique
kuna mina,held,2,kun.min,honiq,hoe
kuna mipa,held,2,gun.mip,goqep,industry
kuna mipa,held,2,jun.mip,junip,juniper (tree)
kuna mipa,held,2,xun.mif,yunif,unify
kuna mita,held,2,xun.mit,yunit,unit
kuna muka,held,2,gun.muk,goquk,apartment
kuna muna,held,2,xun.mun,yunoq,wield
kuna muta,held,2,kun.mut,honot,swindle
kuna muta,held,2,xun.mud,yoqol,retain
kuna pama,held,2,gun.bam,gunam,quality
kuna pina,held,2,gun.pin,gonpiq,fair (just)
kuna puna,held,2,kun.vun,hoqvun,hold on
kuna taka,held,2,xun.dax,xunrax,shoe
kuna tama,held,2,kun.dam,kund,kind (good)
kuna tana,held,2,xun.dan,xunlan,drill (training)
kuna tatu,held,2,kun.sad,konsad,coincide
kuna tipa,held,2,gun.sip,goqsip,firm
kuna tipa,held,2,jun.tif,jontif,contiguous
kuna tipa,held,2,kun.dip,koqdip,vacate
kuna tuka,held,2,kun.duk,konduk,conduct (electricity)
kuna tuna,held,2,xun.dun,yundoq,campaign
kupa maka,held,2,guv.mak,govak,height
kupa maka,held,2,xuv.mak,yovak,consequence
kupa mana,held,2,kup.man,hopan,opine
kupa mana,held,2,kuv.man,hovan,debt
kupa mapa,held,2,guf.map,gufap,goof
kupa mata,held,2,juv.mad,joval,jovial
kupa mata,held,2,kup.mad,hopal,opal
kupa mata,held,2,kup.mad,kopal,compel
kupa mata,held,2,kuv.mat,kovat,covet
kupa mata,held,2,xuf.mad,xofar,horn (instrument)
kupa mata,held,2,xuv.mad,xoval,spade (shovel)
kupa mika,held,2,xub.mik,yubik,ubiquitous
kupa mina,held,2,kub.min,hoben,obey
kupa mina,held,2,xup.min,xupiq,horizontal
kupa mina,held,2,xuv.min,xoviq,shove
kupa mita,held,2,kuv.mis,hovis,oversee
kupa muka,held,2,kub.mux,kubox,conquer
kupa muka,held,2,kup.muk,hopok,perky
kupa muna,held,2,guv.mun,govun,govern
kupa muna,held,2,kup.mun,kupun,coal
kupa muna,held,2,xuf.mun,xufun,fix
kupa mupa,held,2,kub.mub,hubob,hub
kupa muta,held,2,gup.mut,guput,quaint
kupa muta,held,2,guv.mud,guvul,border
kupa muta,held,2,xub.mud,xubor,shatter
kupa muta,held,2,xuf.mud,xufol,shuffle
kupa nima,held,2,kuv.nim,kovem,cove
kupa taka,held,2,xup.sak,xopsak,dashing
kupa tana,held,2,xuv.dan,yuvlan,uvula
kupa tatu,held,2,jup.tas,juptas,jupiter
kupa tika,held,2,kub.dik,hoblik,oblique
kuta kama,held,2,kud.gam,korg,encounter
kuta kama,held,2,kud.jam,hudj,vowel u sound
kuta kama,held,2,kut.xam,hutx,itch
kuta kana,held,2,kud.gan,horgan,organic
kuta kana,held,2,xud.jan,xudjan,trim
kuta kika,held,2,kut.xik,hutxik,train (car)
kuta kika,held,2,xut.xik,xutxik,shame
kuta kipa,held,2,xud.jip,yudjip,estimate
kuta kita,held,2,kud.jiz,kodjiz,caliber
kuta kita,held,2,kut.xit,hutxit,accustom
kuta kuka,held,2,kut.xuk,hutxuk,fetch
kuta kuna,held,2,kud.jun,hudjun,huge
kuta kuna,held,2,xud.gun,xolgoq,handmade
kuta kuna,held,2,xut.xun,xutxuq,export
kuta kuta,held,2,gud.gud,gorgol,gurgle
kuta maka,held,2,gud.max,golx,only
kuta maka,held,2,kud.mag,korag,core
kuta maka,held,2,kud.mak,kork,curl
kuta maka,held,2,kud.max,horx,oh
kuta maka,held,2,kud.max,korx,xor
kuta maka,held,2,kud.max,kulx,answer
kuta maka,held,2,kut.mak,hutak,seam
kuta maka,held,2,xud.mak,york,10^2
kuta maka,held,2,xus.mak,xusak,fling
kuta mana,held,2,kud.man,holan,hull
kuta mana,held,2,kut.man,kotan,quota
kuta mana,held,2,xud.man,yorm,uniform (consistent)
kuta mapa,held,2,kud.mab,kolab,collaborate
kuta mapa,held,2,kud.mav,kolav,rack
kuta mapa,held,2,xus.maf,yosaf,increase
kuta mapa,held,2,xuz.map,yuCap,nag
kuta mata,held,2,gud.mad,golar,abroad
kuta mata,held,2,gud.mad,goral,destiny
kuta mata,held,2,gud.mad,gudal,thumb
kuta mata,held,2,kud.mad,hold,h sound
kuta mata,held,2,kud.mad,hord,ahead
kuta mata,held,2,kud.mad,kold,cold
kuta mata,held,2,kud.mad,hodar,odor
kuta mata,held,2,kud.mad,koral,coral
kuta mata,held,2,kud.mas,hors,horse
kuta mata,held,2,kud.mas,kuras,curious
kuta mata,held,2,kud.mat,hort,heart (body)
kuta mata,held,2,kud.mat,kort,court (justice)
kuta mata,held,2,kud.mat,hurmat,hermit
kuta mata,held,2,kut.mas,kotas,quote
kuta mata,held,2,kut.mat,hotat,scallop
kuta mata,held,2,xud.mat,xort,sure
kuta mata,held,2,xud.maz,yulaz,utilize
kuta mika,held,2,gud.mik,gorik,gore
kuta mika,held,2,gut.mik,gutik,pill
kuta mika,held,2,jud.mix,judix,judicious
kuta mika,held,2,kud.mig,korig,ore
kuta mika,held,2,kud.mik,hodik,ode
kuta mina,held,2,kud.min,holiq,howl
kuta mina,held,2,kud.min,hurin,hurry
kuta mina,held,2,kuz.min,kozin,cozy
kuta mina,held,2,xud.min,yudiq,schedule
kuta mina,held,2,xus.min,yuciq,youth
kuta mita,held,2,kud.mid,holid,holy
kuta mita,held,2,kud.mis,hores,heresy
kuta mita,held,2,kud.mis,koles,coalesce
kuta mita,held,2,kud.mit,kolet,collate
kuta mita,held,2,kus.mid,hosil,tent
kuta mita,held,2,kuz.mid,hozir,hose
kuta muna,held,2,gud.mun,gudoq,agitate
kuta muna,held,2,gud.mun,gulon,bewitched
kuta muna,held,2,kud.mun,kurun,cabbage
kuta muna,held,2,kut.mun,kutun,cottonwood (tree)
kuta muna,held,2,xud.mun,yudoq,sport
kuta mupa,held,2,xud.muf,xulof,extract
kuta muta,held,2,gud.mut,gudut,solitude
kuta muta,held,2,gus.mud,gusul,bath
kuta muta,held,2,kud.mud,korod,corrode
kuta muta,held,2,kud.mud,korol,quarrel
kuta muta,held,2,kud.mud,kulor,peculiar
kuta muta,held,2,kud.mus,kulos,meticulous
kuta muta,held,2,kud.mut,hurot,heir
kuta muta,held,2,kud.mut,kolot,coyote
kuta muta,held,2,kus.mud,kusol,console (help)
kuta muta,held,2,kut.mut,hutut,hoot
kuta muta,held,2,xud.mud,yolul,hesitant
kuta muta,held,2,xud.mud,yolur,superior
kuta nama,held,2,jud.nam,julam,reality
kuta nama,held,2,kud.nam,horn,horn (animal)
kuta nama,held,2,kud.nam,korn,category
kuta nama,held,2,kud.nam,kulam,coulomb
kuta nama,held,2,kuz.nam,kuzam,lavender (vegetable)
kuta nama,held,2,xud.nam,yorn,yearn
kuta nama,held,2,xus.nam,yucam,heap
kuta napa,held,2,kud.nab,kornab,corn
kuta nata,held,2,kud.nad,kornar,corner
kuta nata,held,2,xud.nas,yornas,uranus
kuta nata,held,2,xud.nat,yurnat,urinate
kuta nima,held,2,gud.nim,gorem,factor (math)
kuta nita,held,2,kud.nit,hornit,wasp
kuta numa,held,2,kut.num,hutom,hut
kuta numa,held,2,xud.num,yudum,noxious
kuta pama,held,2,kud.bam,korb,cone
kuta pama,held,2,kud.vam,holv,elbow
kuta pama,held,2,kud.vam,kurv,curve
kuta pana,held,2,kud.ban,korban,victim
kuta pita,held,2,kud.vid,korvid,corvid
kuta puta,held,2,kud.but,horbot,orb
kuta tama,held,2,gus.tam,gost,ghost
kuta tama,held,2,kus.tam,host,thirst
kuta tama,held,2,xus.tam,yust,used to
kuta tana,held,2,kus.tan,hostan,host
kuta tika,held,2,kus.tik,hostik,osteichthyes
kuta tika,held,2,xuz.dik,yuzrik,use up
kuta tima,held,2,kud.zim,holzem,latter
maka kana,held,2,mak.xan,wakxaq,extrovert
maka kina,held,2,max.kin,maxkin,pledge
maka mana,held,2,mag.man,magan,dock
maka mapa,held,2,mag.maf,magaf,boot (shoe)
maka mata,held,2,mag.mat,magat,maggot
maka mata,held,2,mak.mad,wakar,revere
maka mata,held,2,mak.maz,makaz,muck
maka mina,held,2,mag.min,wagin,wag
maka mina,held,2,max.min,waxin,sardine
maka mipa,held,2,mag.mif,magef,epidemic
maka muka,held,2,mag.mux,magux,tray
maka mupa,held,2,mag.mup,magop,mug (rob)
maka mupa,held,2,mak.muv,makov,grief
maka mupa,held,2,max.muv,maxov,feedback
maka muta,held,2,mag.mud,magur,tuna
maka muta,held,2,max.mut,maxot,oar (boat)
maka nita,held,2,mak.niz,makniz,mechanism
maka tama,held,2,mag.zam,magz,moss
maka tama,held,2,mak.sam,maks,maximum
maka tana,held,2,mak.san,waksan,wax
maka tima,held,2,mak.sim,maksim,maxim
maka tina,held,2,mag.zin,magzin,magazine
maka tipa,held,2,mag.dif,magref,rake
mana kama,held,2,man.kam,maqk,monkey
mana kana,held,2,man.xan,manxan,shy
mana kuna,held,2,man.gun,waqgoq,staff
mana kuta,held,2,man.gud,waqgul,stubborn
mana kuta,held,2,man.kud,maqkur,manicure
mana maka,held,2,man.maj,manaj,manage
mana maka,held,2,man.mak,wanak,whine
mana mana,held,2,man.man,mam,mother
mana mana,held,2,man.man,manan,dose
mana mata,held,2,man.mad,mamar,sorrow
mana mata,held,2,man.mad,wanal,stoop
mana mata,held,2,man.mat,mamat,debate
mana mata,held,2,man.mat,manat,ponder
mana mika,held,2,man.mig,mamig,mummy
mana mipa,held,2,man.mip,mamip,mime
mana muka,held,2,man.muk,manok,motor
mana muna,held,2,man.mun,manun,passion
mana muna,held,2,man.mun,wanun,dusk
mana muta,held,2,man.mud,manor,manner
mana muta,held,2,man.mut,manut,occuptation
mana muta,held,2,man.muz,manuC,humanity
mana paka,held,2,man.fak,manfak,manufacture
mana pata,held,2,man.pad,waqpal,trump
mana puta,held,2,man.pud,manpol,monopoly
mana tama,held,2,man.dam,wand,wind (coil)
mana tama,held,2,man.tam,want,want
mana tina,held,2,man.din,manden,mundane
mana tina,held,2,man.tin,wantin,teen
mana tina,held,2,man.zin,wanzeq,intact
mapa mata,held,2,mab.mas,mabac,mob
mapa mata,held,2,map.maz,wapaz,wipe
mapa mata,held,2,mav.mat,mavat,die
mapa mina,held,2,map.min,mapen,mop
mapa muka,held,2,mav.muk,mavok,maze/labyrinth
mapa muna,held,2,map.mun,mapon,habitat
mapa muna,held,2,mav.mun,mavon,introduction
mapa muta,held,2,mab.mud,wabol,wobble
mata kama,held,2,mad.gam,marg,old
mata kama,held,2,mad.jam,madj,image
mata kama,held,2,mas.kam,mask,mask
mata kama,held,2,mat.xam,matx,symmetry
mata kama,held,2,mat.xam,watx,watch
mata kata,held,2,mad.jat,madjat,dive
mata kina,held,2,mad.jin,madjiq,video
mata kina,held,2,mad.jin,marjin,margin
mata kita,held,2,mad.jiz,wadjiz,wedge
mata kita,held,2,mas.kit,maskit,musk
mata kuta,held,2,mat.xud,matxor,mature
mata maka,held,2,mad.mak,wark,work
mata maka,held,2,mad.mak,marak,soup
mata maka,held,2,mad.max,marx,mesh (inter-)
mata maka,held,2,mad.max,warx,worship
mata mana,held,2,mad.man,marm,mammal
mata mana,held,2,mad.man,walan,wall
mata mana,held,2,maz.man,waCan,shore
mata mapa,held,2,mad.maf,madaf,shelf
mata mapa,held,2,mad.map,warp,vowel large A sound
mata mapa,held,2,mas.maf,wasaf,depict
mata mata,held,2,mad.mad,wald,wild
mata mata,held,2,mad.mad,marad,nurse
mata mata,held,2,mad.mad,wadal,waddle
mata mata,held,2,mad.mas,mars,mass
mata mata,held,2,mad.mat,malt,metal
mata mata,held,2,mad.mat,madat,revel
mata mata,held,2,mat.mad,matar,shower (water)
mata mata,held,2,maz.mad,mazal,luck
mata mina,held,2,mad.min,malin,filth
mata mina,held,2,mad.min,wariq,whir
mata mipa,held,2,mas.mib,masib,party
mata mita,held,2,mad.mid,madil,armadillo
mata mita,held,2,mad.mid,marid,sick
mata mita,held,2,mad.mid,walid,bring forth
mata mita,held,2,mad.mis,maric,marry
mata mita,held,2,mad.mit,walet,wallet
mata mita,held,2,mad.miz,maliz,sermon
mata mita,held,2,mas.mid,masmir,nail (carpentry)
mata mita,held,2,maz.mis,mazic,muze
mata muka,held,2,mad.muk,malok,king
mata muna,held,2,mad.mun,marun,maroon
mata muna,held,2,mad.mun,waloq,wallow
mata mupa,held,2,mad.muf,maruf,decend
mata muta,held,2,mad.mud,madol,muddle
mata muta,held,2,mad.mud,malor,maul
mata muta,held,2,mas.mud,masol,mussel
mata muta,held,2,mas.mud,masor,saw (tool)
mata muta,held,2,mas.mud,wasol,whistle
mata muta,held,2,mas.mut,masut,character (nature)
mata muta,held,2,mas.muz,masoz,territory
mata muta,held,2,mat.mud,matod,nematoda
mata muta,held,2,mat.mud,mator,mutter
mata nama,held,2,mad.nam,marn,muon
mata nama,held,2,mad.nam,madam,intoxicate
mata nima,held,2,mad.nim,madim,uniform (clothing)
mata nima,held,2,maz.nim,wazim,sock (foot)
mata nita,held,2,mad.nit,marnet,marinate
mata numa,held,2,mad.num,malum,special
mata puta,held,2,mad.bud,marbol,marble
mata puta,held,2,mad.bud,warbol,warble
mata puta,held,2,mad.vud,marvol,marvel
mata tama,held,2,mad.zam,marC,quite
mata tama,held,2,mas.tam,mast,member
mata tapa,held,2,mat.sav,matsav,situation
mata tatu,held,2,mad.zad,malzal,frizz
mata tika,held,2,maz.dig,mazlig,fork (utensil)
mata tima,held,2,mas.tim,mastim,must (smell)
mata tuka,held,2,maz.dug,mazlog,muzzle
mika kana,held,2,mix.kan,mixkan,ointment
mika kuta,held,2,mik.xud,mekxud,mute
mika kuta,held,2,mik.xud,mikxur,mixture
mika maka,held,2,mix.mak,wixak,scarf
mika mata,held,2,mij.mad,mejar,major
mika mata,held,2,mik.mad,mikar,survey
mika mita,held,2,mig.mit,miget,mitigate
mika mita,held,2,mik.mid,mekir,err
mika mita,held,2,mik.mid,mikil,burrow
mika muta,held,2,mig.mud,migor,meager
mika nima,held,2,mik.nim,wekim,wake
mika tama,held,2,mik.sam,miks,mix
mina kama,held,2,min.kam,miqk,who
mina kita,held,2,min.kis,wiqkis,wink
mina kuna,held,2,min.xun,wenxun,meek
mina maka,held,2,min.mag,minag,custom/traditional practice
mina maka,held,2,min.mak,menak,money
mina maka,held,2,min.mak,mimak,mimic
mina maka,held,2,min.mak,wenak,wane
mina mana,held,2,min.man,wem,warm
mina mana,held,2,min.man,wim,bounty
mina mana,held,2,min.man,minan,offering
mina mapa,held,2,min.maf,winaf,wean
mina mata,held,2,min.mad,winar,win
mina mata,held,2,min.mas,memac,mammoth
mina mata,held,2,min.mas,menas,menace
mina mata,held,2,min.mat,menat,mane
mina mata,held,2,min.mat,miqmat,muskox
mina mika,held,2,min.mik,memik,maim
mina mina,held,2,min.min,miniq,mean (verb)
mina mita,held,2,min.mit,minet,internet
mina muka,held,2,min.muk,minuk,serenity
mina muna,held,2,min.mun,memon,memo
mina muta,held,2,min.mud,minor,lamp
mina muta,held,2,min.mud,wimul,whim
mina pima,held,2,min.bim,winim,ween
mina tama,held,2,min.tam,ment,mate
mina tama,held,2,min.zam,minz,means
mina tana,held,2,min.tan,mintan,mint (make)
mina tatu,held,2,min.sad,minsar,prism
mina tina,held,2,min.din,mendin,mend
mina tina,held,2,min.tin,menten,maintain
mina tuna,held,2,min.zun,wenzoq,sedate
mina tuta,held,2,min.sud,minsul,miniscule
mipa kata,held,2,mif.kad,mifkad,census
mipa mana,held,2,mif.man,wifan,iff
mipa mata,held,2,mib.mad,webar,weber (measurement)
mipa mata,held,2,mip.mad,mepal,maple
mipa mata,held,2,miv.mad,wevar,waver
mipa mata,held,2,miv.mas,wevac,waive
mipa mika,held,2,mip.mik,wipik,weep
mipa muta,held,2,mip.mut,miput,minority
mipa taka,held,2,miv.dak,mivrak,telegram
mita kama,held,2,mid.jam,widj,10^45
mita kama,held,2,mit.xam,wetx,which
mita kama,held,2,mit.xam,witx,w sound
mita kata,held,2,mid.jad,wedjar,wager
mita kata,held,2,mis.kad,weskar,whisker
mita kata,held,2,mis.kas,wiskac,whisk
mita kima,held,2,mid.jim,wedjim,wage
mita kipa,held,2,mid.jip,wedjip,critical
mita kita,held,2,mid.jit,widjet,widget
mita kuna,held,2,mid.jun,wedjun,hypocrite
mita kuta,held,2,mis.kuz,miskuz,promiscuous
mita maka,held,2,mid.maj,miraj,mirage
mita maka,held,2,mid.mak,melak,mail
mita maka,held,2,mid.mak,mirak,miracle
mita maka,held,2,mis.mak,micak,myth
mita maka,held,2,mit.mak,metak,tension
mita mana,held,2,mid.man,midan,media
mita mana,held,2,mid.man,milan,mill
mita mana,held,2,mid.man,mirman,fraud
mita mana,held,2,mit.man,metan,thing about the thing (meta-)
mita mana,held,2,miz.man,mezan,maze
mita mata,held,2,mid.mad,wird,weird
mita mata,held,2,mid.mad,midar,myriad
mita mata,held,2,mid.mad,mirad,revolt
mita mata,held,2,mid.mad,wedal,tang
mita mata,held,2,mid.mas,widc,width
mita mata,held,2,mid.mat,mirt,meter
mita mata,held,2,mid.mat,milat,cement
mita mata,held,2,mis.mad,micad,method
mita mata,held,2,mis.mad,misal,missile
mita mata,held,2,mis.mat,misat,protest
mita mata,held,2,mis.mat,mismat,certificate
mita mata,held,2,mit.mad,metar,chord (math)
mita mata,held,2,mit.mad,wital,whittle
mita mata,held,2,miz.mad,weCar,weather
mita mata,held,2,miz.mad,wiCar,wither
mita mata,held,2,miz.mad,wizal,weasel
mita mika,held,2,mid.mig,welig,weigh
mita mina,held,2,mid.min,miriq,merry
mita mina,held,2,mid.min,weliq,wail
mita mina,held,2,mit.min,witin,witty
mita mita,held,2,mid.mit,milit,filling
mita mita,held,2,mis.mid,mesid,stumble
mita mita,held,2,mis.mis,mismis,apricot
mita mita,held,2,mis.mit,meset,emaciate
mita muka,held,2,mis.muk,misok,erase
mita muna,held,2,mid.mun,medun,median (math)
mita muna,held,2,mid.mun,melon,melon (vegetable)
mita muna,held,2,mid.mun,wilon,willow
mita muta,held,2,mid.mud,midur,compartment
mita muta,held,2,mid.mud,widor,weed
mita muta,held,2,mid.muz,meduz,jellyfish
mita muta,held,2,mis.mud,mesor,tradition
mita nama,held,2,miz.nam,mizam,initiative
mita nima,held,2,miz.nim,miCim,ticket
mita nita,held,2,mit.nis,witnes,witness
mita pina,held,2,mid.vin,milvin,kite
mita puta,held,2,mis.pud,wispur,whisper
mita puta,held,2,mit.fud,metfor,metaphor
mita tatu,held,2,miz.daz,mezraz,mesmerize
muka kama,held,2,muk.xam,mokxam,fly (bug)
muka maka,held,2,mux.mak,muxak,prolonged
muka mana,held,2,mug.man,wugan,extraneous
muka mana,held,2,muk.man,mukan,dumb
muka mita,held,2,mux.mit,muxit,mush
muna mana,held,2,mun.man,wom,well (good)
muna mana,held,2,mun.man,wum,swim
muna mana,held,2,mun.man,wum,womb
muna mina,held,2,mun.min,moniq,moan
muna mina,held,2,mun.min,mumiq,moo
muna muka,held,2,mun.muk,wonuk,snail
muna tama,held,2,mun.dam,mundam,bald
muna tuna,held,2,mun.dun,wundun,wound
mupa mata,held,2,mub.mad,mobal,mobile
mupa muna,held,2,muv.mun,muvun,move on
mupa muta,held,2,muf.mud,mufol,muffle
mupa tama,held,2,mup.sam,wups,whoops
muta kaku,held,2,mud.gaj,morgaj,mortgage
muta kama,held,2,mus.kam,muskam,convention
muta kama,held,2,mut.xam,mutx,much (large-lot-focus)
muta kama,held,2,mut.xam,wutxam,lunch
muta kata,held,2,mut.xad,mutxal,mutual
muta kita,held,2,mus.kit,moskit,mosquito
muta kuka,held,2,mut.xuk,wutxuk,vapid
muta maka,held,2,mus.mag,musag,concept
muta mana,held,2,mud.man,wurm,worm
muta mana,held,2,mud.man,woraq,wary
muta mana,held,2,mus.man,musaq,aardvark
muta mapa,held,2,mud.maf,morf,morph
muta mapa,held,2,mud.maf,wolf,wolf
muta mapa,held,2,mud.map,morp,10^36
muta mata,held,2,mud.mad,mold,mold (shape)
muta mata,held,2,mud.mad,mord,manifold
muta mata,held,2,mud.mad,wold,world
muta mata,held,2,mud.mas,worc,worth
muta mata,held,2,mud.mat,molt,vowel large O sound
muta mata,held,2,mus.mad,mosad,institution
muta mika,held,2,muz.mik,muzik,music
muta mina,held,2,mud.min,moleq,mole
muta mina,held,2,mud.min,woriq,worry
muta mina,held,2,mut.min,mutin,mutiny
muta mipa,held,2,mud.mib,murib,suspicious
muta mipa,held,2,mut.mif,motif,motif
muta mipa,held,2,mut.miv,motiv,motive
muta mita,held,2,mus.mit,musit,overall
muta muna,held,2,mut.mun,muton,moot
muta muta,held,2,muz.mud,muzul,muscle
muta nama,held,2,mud.nam,morn,m sound
muta nuta,held,2,mud.nus,wornuc,warn
muta pama,held,2,mud.vam,morv,maybe
muta pama,held,2,mud.vam,worv,weave
muta pana,held,2,mud.ban,wolban,buddy
muta pika,held,2,mud.vig,morvig,mighty
muta pika,held,2,mut.pik,motpik,peak
muta taka,held,2,mus.tax,mustax,mustache
muta tama,held,2,mud.zam,molz,mow (grass)
muta tama,held,2,mus.tam,most,most (-est) (large-collection-partition-focus)
muta tana,held,2,muz.dan,woCran,whether
muta tika,held,2,muz.dig,muzrig,muse
naka maka,held,2,nag.mak,nagak,goad
naka mapa,held,2,nax.maf,naxaf,breeze
naka mata,held,2,naj.mat,najat,nauseate
naka mata,held,2,nak.mad,nakal,palm tree
naka mika,held,2,nak.mik,nakik,crevice
naka mina,held,2,nag.min,nagin,eel
naka muna,held,2,nag.mun,nagon,melody
naka muta,held,2,nag.mud,nagud,contrast
naka muta,held,2,nak.mud,nakul,cervidae
naka nata,held,2,nax.nad,naxnal,national
naka tuta,held,2,nak.sud,naksur,knock out
nama nama,held,2,nam.nam,nan,negate
nama nata,held,2,nam.nad,nand,nand
nama nata,held,2,nam.nad,namal,port
nama nata,held,2,nam.naz,nanz,noise
nama nita,held,2,nam.nit,namnet,nominate
nama pama,held,2,nam.pam,namp,magnet
nama tana,held,2,nam.dan,namraq,humble
napa kita,held,2,nav.git,navget,navigate
napa maka,held,2,naf.mak,nafak,capacity
napa mana,held,2,nab.man,naban,nub
napa mata,held,2,nap.mad,napar,nap
napa mika,held,2,nap.mik,napek,inflate
napa muka,held,2,nab.mug,nabog,genius
napa muka,held,2,nav.muk,navuk,prophesy
napa muta,held,2,nap.mut,napot,sift
napa tatu,held,2,nap.tas,naptas,neptune
napa tina,held,2,nab.din,nabliq,knob
nata kama,held,2,nad.jam,nadj,knowledge
nata kama,held,2,nat.xam,natx,n sound
nata kapa,held,2,nat.xav,natxav,notch
nata maka,held,2,nad.mak,nark,any
nata maka,held,2,nad.mak,nadak,nod
nata mana,held,2,nat.man,natan,gnat
nata mata,held,2,nad.mad,nadad,wander
nata mata,held,2,nad.mad,nadar,cnidaria
nata mata,held,2,nad.mat,nart,neutron
nata mata,held,2,nat.maz,natz,glory
nata mika,held,2,nas.mig,nasig,retreat
nata mina,held,2,nat.min,natiq,knight
nata mipa,held,2,nad.miv,nadiv,generous
nata mita,held,2,nad.mit,naret,narrate
nata mita,held,2,nas.mid,nasir,ally
nata mita,held,2,nat.mid,natir,monitor
nata muna,held,2,nad.mun,naroq,narrow
nata muta,held,2,nad.mut,nadot,banish
nata muta,held,2,nas.mut,nasot,attempt
nata nima,held,2,nat.nim,natim,parallax
nata pama,held,2,nad.bam,narb,neighbor
nata pama,held,2,nad.vam,narv,river
nata tama,held,2,nad.zam,nalz,analyse
nata tika,held,2,nas.tik,nastik,skeptic
nata tika,held,2,nat.sik,natsik,phocidae (seal animal)
nata tina,held,2,nas.tin,nastin,nasty
nika maka,held,2,nij.mak,nijak,specific
nika mana,held,2,nix.man,nexan,nation
nika mata,held,2,nik.mad,nekad,naked
nika mina,held,2,nix.min,nixin,herring (fish)
nika mipa,held,2,nig.mif,negif,virus
nika muka,held,2,nig.mux,negox,negotiate
nika muta,held,2,nik.mud,nekud,dot
nika nama,held,2,nik.nam,nekam,revenge
nika nata,held,2,nik.nas,niknas,enter a state
nika numa,held,2,nik.num,niknum,nickname
nika tama,held,2,nik.sam,neks,10^27
nima nama,held,2,nim.nam,niq,omniscient
nima nuka,held,2,nim.nuk,nimuk,justification
nipa mata,held,2,niv.mad,neval,navel
nipa mata,held,2,niv.mad,nival,harp
nipa mita,held,2,nif.mid,nefil,tumble
nipa muta,held,2,nib.mud,nebul,nebula
nipa nima,held,2,niv.nim,nivim,prophecy
nita maka,held,2,nis.mag,nesag,steer
nita maka,held,2,nit.mak,nitak,chunk
nita maka,held,2,niz.mak,nizak,damage
nita mana,held,2,nis.man,nisan,necessary
nita mata,held,2,nid.mad,nelar,document
nita mata,held,2,nis.mad,nesal,nestle
nita mika,held,2,nis.mig,nisig,recession
nita mina,held,2,nid.min,neliq,neigh
nita mita,held,2,nid.mid,nedir,vow
nita mita,held,2,nid.mit,nilet,annihilate
nita muka,held,2,nit.muk,nituk,severing
nita muta,held,2,nid.mud,nidol,needle
nita muta,held,2,nid.mud,nilod,neon
nita nama,held,2,nid.nam,nilam,restraint
nita pana,held,2,nid.van,nirvan,extinguish
nita puta,held,2,nid.vus,nirvos,nervous
nita tana,held,2,niz.dan,qizlan,quiz
nuka mana,held,2,nuk.man,nukan,nick
nuka mita,held,2,nuk.mis,nukis,nut
numa naka,held,2,num.nak,nuqk,bear (animal)
numa nama,held,2,num.nam,non,not (un- or -im)
numa nama,held,2,num.nam,nuq,bond
numa pana,held,2,num.ban,numan,numb
numa tina,held,2,num.din,nomliq,anomaly
nupa maka,held,2,nuv.mak,novak,realize
nupa mata,held,2,nuv.mad,noval,novel
nupa muta,held,2,nub.mud,nubol,nibble
nuta kipa,held,2,nud.jip,nudjip,nude
nuta maka,held,2,nud.mak,nork,nor
nuta maka,held,2,nud.max,norx,nourish
nuta mana,held,2,nud.man,norm,normal (math)
nuta mana,held,2,nut.man,nutan,newton (force)
nuta mapa,held,2,nud.maf,nurf,vowel large U sound
nuta mata,held,2,nud.mad,nord,order
nuta mata,held,2,nud.mad,normal,normal
nuta mata,held,2,nud.mas,norc,north
nuta mata,held,2,nud.mas,nors,having some aspects of (-ish)
nuta mata,held,2,nus.mad,nosal,proceed
nuta mipa,held,2,nus.mip,nosep,passenger
nuta mita,held,2,nut.mis,notis,notice
nuta mita,held,2,nut.mit,notet,annotate
nuta muta,held,2,nuz.mud,nuzol,nuzzle
nuta muta,held,2,nuz.mud,nuzul,lodge
nuta nama,held,2,nud.nam,norn,knee
nuta paka,held,2,nut.fak,notfak,notify
nuta pama,held,2,nud.vam,nurv,nerve
nuta tama,held,2,nus.tam,nust,embed
paka kuta,held,2,pak.xud,pakxur,puncture
paka maka,held,2,bak.mak,bakak,hatch (egg)
paka mana,held,2,bak.man,bakan,pecan
paka mapa,held,2,pak.mav,pakav,prevent
paka mata,held,2,bak.mad,bakal,bike
paka mata,held,2,bak.mad,bakar,inspect
paka mata,held,2,bax.mad,baxal,ripe
paka mata,held,2,pak.mad,pakal,digest
paka mata,held,2,pax.mad,paxar,confirm
paka mina,held,2,vak.min,vakiq,vie
paka mipa,held,2,pax.mip,paxip,posh
paka mita,held,2,bak.mid,bakir,senior (rank)
paka mita,held,2,bax.mid,baxir,herald
paka mita,held,2,fax.mid,faxir,compromise
paka mita,held,2,pak.mid,pakid,official
paka mita,held,2,pak.mid,pakil,confiscate
paka mita,held,2,pak.mit,paket,packet
paka mita,held,2,pak.mit,pakit,pocket
paka mita,held,2,vak.mit,vaket,evacuate
paka muna,held,2,bag.mun,bagon,bag
paka muna,held,2,fax.mun,faxon,fashion (style)
paka mupa,held,2,bak.mup,bakop,balk
paka mupa,held,2,pag.muv,pagov,seduce
paka mupa,held,2,pak.muf,pakof,overtake
paka muta,held,2,bak.mud,bakol,buckle
paka muta,held,2,paj.mut,pajot,pit
paka muta,held,2,pak.mud,pakor,displace
paka nama,held,2,fak.nam,fakam,surge
paka nima,held,2,pak.nim,pakim,drift
paka paka,held,2,bak.pak,bakpak,backpack
paka pata,held,2,bak.fad,bakfar,backfire
paka pika,held,2,fax.pix,faxpix,rummage
paka pita,held,2,bak.pid,bakpid,backpedal
paka tama,held,2,bak.sam,baks,rectangle
paka tana,held,2,bak.tan,baktan,portion
paka tima,held,2,bak.tim,baktim,fond
paka tina,held,2,vak.sin,vaksin,vaccine
paka tuna,held,2,vag.dun,vagron,vine
pama napa,held,2,bam.nap,bamap,stage
pama nuta,held,2,pam.nud,pamol,pummel
pama pama,held,2,bam.bam,bab,father
pama pama,held,2,bam.pam,bamp,bump
pama pama,held,2,vam.vam,vav,repeat
pama pana,held,2,pam.pan,papan,vicious
pama pata,held,2,bam.pas,bapas,bypass
pama pata,held,2,pam.pas,pampas,pomp
pama pata,held,2,pam.pat,papat,pipe
pama pika,held,2,vam.vix,vavex,vivacious
pama pima,held,2,pam.pim,pampem,dim
pama pina,held,2,pam.bin,pamen,coach
pama pita,held,2,vam.pid,vampir,vampire
pama puna,held,2,bam.bun,babun,baboon
pama puna,held,2,pam.bun,pamon,bell
pama puna,held,2,pam.pun,pampon,pump
pama puta,held,2,bam.bud,babol,bubble
pama puta,held,2,bam.buz,bambuz,bamboozle
pama puta,held,2,fam.bud,fambol,fumble
pama puta,held,2,pam.bud,pabol,pebble
pama puta,held,2,pam.pud,pampor,pamper
pana kama,held,2,fan.kam,faqk,funk
pana kama,held,2,pan.kam,paqk,punk
pana kama,held,2,pan.xam,panxam,pan (move)
pana kama,held,2,van.kam,vaqk,cow
pana kana,held,2,fan.xan,faqxaq,aroma
pana kina,held,2,ban.xin,banxiq,deform
pana kuta,held,2,ban.xud,banxol,wrench (move with force)
pana maka,held,2,pan.mak,panak,pine
pana mana,held,2,ban.man,banan,banana
pana mana,held,2,pan.man,panan,companion
pana mana,held,2,pan.man,panaq,paw
pana mata,held,2,pan.mas,panas,torch
pana mata,held,2,van.mad,vanal,vinyl
pana mika,held,2,pan.mix,panix,punish
pana mina,held,2,pan.min,panin,pearl
pana mita,held,2,ban.mis,banic,beneath
pana mita,held,2,fan.mis,fanis,fun
pana mita,held,2,fan.mit,fanit,fan (machine)
pana mita,held,2,pan.mis,panis,penis
pana mita,held,2,pan.mit,panit,delight
pana mita,held,2,van.mid,vanir,veneer
pana mupa,held,2,fan.muv,fanov,fawn (over)
pana muta,held,2,fan.mud,faqmul,graze
pana muta,held,2,pan.mud,panol,panel
pana muta,held,2,pan.mut,panot,torment
pana pana,held,2,fan.ban,faqban,handy
pana pina,held,2,ban.bin,banben,variant
pana puta,held,2,ban.fut,banfut,bat (action)
pana taka,held,2,van.taj,vantaj,advantage
pana tama,held,2,ban.dam,band,band (group)
pana tama,held,2,fan.dam,fand,fund
pana tama,held,2,pan.dam,pand,upon
pana tama,held,2,pan.dam,pandam,pendulum
pana tama,held,2,van.tam,vant,archaea
pana tana,held,2,fan.tan,fantan,rebound
pana tapa,held,2,ban.zap,banzap,bounce
pana tika,held,2,fan.dix,fandex,foundation
pana tika,held,2,fan.sik,fansik,fantasy
pana tika,held,2,fan.zik,faqzik,deter
pana tima,held,2,pan.tim,pantim,pint
pana tina,held,2,ban.din,bandiq,band (mark)
pana tina,held,2,ban.din,banlin,transact
pana tina,held,2,fan.tin,fanteq,writhe
pana tita,held,2,fan.dis,fandic,found
pana tita,held,2,pan.sid,pancir,panther
pana tuma,held,2,fan.tum,fantom,phantom
pana tuta,held,2,fan.sud,fansur,find out
pana tuta,held,2,pan.duz,pandoz,pond
pana tuta,held,2,pan.sud,pansul,peninsula
papu mana,held,2,bav.man,bavan,dwell
papu mika,held,2,baf.mik,bafmik,buff (strength)
papu mita,held,2,pav.mit,pavit,distort
papu muta,held,2,baf.mud,bafol,baffle
papu tika,held,2,fab.dik,fabrik,fabric
pata kama,held,2,bas.kam,bask,otherwise
pata kama,held,2,bat.xam,batx,bat (animal)
pata kama,held,2,fad.gam,farg,fog
pata kama,held,2,pad.jam,padj,edge
pata kama,held,2,pat.xam,patx,patch
pata kata,held,2,bat.xat,batxat,batch
pata kata,held,2,fad.jad,fadjal,radish (vegetable)
pata kata,held,2,fad.jat,fadjat,fudge
pata kata,held,2,pas.kad,paskal,pascal (measurement)
pata kima,held,2,bad.jim,badjim,mix
pata kina,held,2,bas.kin,baskin,bask
pata kuna,held,2,pas.kun,paskon,period (mark)
pata kuta,held,2,bad.jud,badjur,badger
pata maka,held,2,bad.maj,baraj,barrage
pata maka,held,2,bad.mak,brak,bacteria
pata maka,held,2,bad.mak,barak,bless
pata maka,held,2,bad.max,badax,bud (flower)
pata maka,held,2,fad.max,flax,flesh
pata maka,held,2,fad.max,frax,fresh
pata maka,held,2,pad.mag,prag,pig
pata maka,held,2,pad.mag,parag,poppy
pata maka,held,2,pad.mak,park,park (car)
pata maka,held,2,pad.mak,plak,pluck
pata maka,held,2,pad.max,plax,accomplish
pata maka,held,2,pad.max,prax,ash
pata maka,held,2,pad.max,parax,perish
pata maka,held,2,pas.maj,pasaj,passage
pata maka,held,2,vad.maj,vraj,average
pata maka,held,2,vad.mak,vark,syllable
pata maka,held,2,vad.max,valax,embarrass
pata mana,held,2,bad.man,badan,bide
pata mana,held,2,bad.man,baran,barren
pata mana,held,2,bad.man,barman,table
pata mana,held,2,fad.man,farm,far
pata mana,held,2,fas.man,fasan,fasten
pata mana,held,2,pad.man,plan,plan
pata mana,held,2,pad.man,palan,pollen
pata mana,held,2,pad.man,palaq,nifty
pata mana,held,2,pad.man,padman,lotus
pata mana,held,2,vad.man,varm,vomit
pata mana,held,2,vas.man,vasan,breadth
pata mapa,held,2,bad.mab,blab,blob
pata mapa,held,2,fad.map,flap,hop
pata mapa,held,2,pad.mab,prab,probable
pata mapa,held,2,pad.mab,parab,parable
pata mapa,held,2,pad.maf,palaf,tame
pata mapa,held,2,pad.map,parp,perpendicular
pata mapa,held,2,pad.map,plap,glottal stop
pata mapa,held,2,pad.mav,parav,involve
pata mata,held,2,bad.mad,bard,b sound
pata mata,held,2,bad.mad,barl,bare
pata mata,held,2,bad.mad,bral,ball
pata mata,held,2,bad.mad,baral,barrel
pata mata,held,2,bad.mas,barc,birth
pata mata,held,2,bad.mat,brat,big
pata mata,held,2,bad.mat,balat,tile
pata mata,held,2,bad.maz,braz,box
pata mata,held,2,bad.maz,balaz,bawl
pata mata,held,2,bas.mad,basal,own
pata mata,held,2,bas.mas,basac,quest
pata mata,held,2,fad.mad,farad,farad (measurement)
pata mata,held,2,fad.mas,fras,sail
pata mata,held,2,fad.mat,fart,fart
pata mata,held,2,fad.mat,flat,flat
pata mata,held,2,fas.mad,fasad,corrupt
pata mata,held,2,pad.mad,pard,pod
pata mata,held,2,pad.mad,plar,play
pata mata,held,2,pad.mas,plas,compassion
pata mata,held,2,pad.mas,pras,press (force)
pata mata,held,2,pad.mat,part,part
pata mata,held,2,pad.mat,prat,apart
pata mata,held,2,pad.mat,padat,topple
pata mata,held,2,pad.mat,palat,pilot
pata mata,held,2,pad.mat,parat,pirate
pata mata,held,2,pad.maz,praz,prize
pata mata,held,2,pas.mad,pacar,prefer
pata mata,held,2,pas.mad,pasal,idol
pata mata,held,2,pas.mad,pasar,sparrow
pata mata,held,2,pat.mas,patas,pout
pata mata,held,2,pat.mat,patat,soar
pata mata,held,2,vad.mat,varat,variety
pata mata,held,2,vas.mad,vasad,vice
pata mata,held,2,vat.mad,vatar,descent
pata mika,held,2,bad.mig,brig,insecta
pata mika,held,2,bad.mik,brek,break (pieces)
pata mika,held,2,bad.mix,balix,embellish
pata mika,held,2,bat.mik,batik,watermelon
pata mika,held,2,fad.mig,farig,ferry
pata mika,held,2,fad.mik,flek,mirror
pata mika,held,2,fad.mik,frik,freak
pata mika,held,2,fad.mik,falek,bland
pata mika,held,2,fad.mix,frix,fish
pata mika,held,2,pad.mig,pleg,plague
pata mika,held,2,pad.mik,plek,their
pata mika,held,2,pad.mik,prik,opaque
pata mika,held,2,pad.mix,prex,precious
pata mika,held,2,pad.mix,palix,polish
pata mika,held,2,pat.mix,patix,hammer
pata mika,held,2,vad.mik,varik,greet
pata mina,held,2,bad.min,bleq,eject
pata mina,held,2,bad.min,blin,belly
pata mina,held,2,bad.min,bren,brain
pata mina,held,2,bad.min,briq,bring
pata mina,held,2,bad.min,baliq,bully
pata mina,held,2,bad.min,bariq,berry
pata mina,held,2,fad.min,fren,danish e vowel sound
pata mina,held,2,fad.min,frin,funny
pata mina,held,2,fad.min,faliq,folly
pata mina,held,2,fad.min,farmiq,farm (activity)
pata mina,held,2,pad.min,plen,plane (geometry)
pata mina,held,2,pad.min,plin,discipline
pata mina,held,2,paz.min,paziq,pause
pata mina,held,2,vad.min,varin,vary
pata mipa,held,2,bad.mif,brif,brief
pata mipa,held,2,bad.mip,brip,beep
pata mipa,held,2,bad.miv,brev,brave
pata mipa,held,2,fad.mip,flip,flip
pata mipa,held,2,pad.mip,plep,plop
pata mipa,held,2,vad.mib,valeb,available
pata mita,held,2,bad.mid,bred,braid
pata mita,held,2,bad.mit,blet,bait
pata mita,held,2,bad.mit,brit,orbit
pata mita,held,2,bad.miz,bliz,our
pata mita,held,2,bad.miz,briz,simple
pata mita,held,2,bas.mid,basir,well-seeing
pata mita,held,2,fad.mid,flid,field (math)
pata mita,held,2,fad.mid,fred,vowel large E sound
pata mita,held,2,fad.mis,fris,hiss
pata mita,held,2,fad.mit,flet,fight
pata mita,held,2,fad.mit,fret,frame
pata mita,held,2,fad.miz,fleC,appear
pata mita,held,2,fad.miz,frez,phrase
pata mita,held,2,fad.miz,friz,freeze
pata mita,held,2,fas.mit,faset,faucet
pata mita,held,2,fas.mit,fasit,facet
pata mita,held,2,faz.miz,faziz,fuzz
pata mita,held,2,pad.mis,pres,pressure
pata mita,held,2,pad.mit,plet,plate
pata mita,held,2,pad.mit,parmit,permit
pata mita,held,2,pad.miz,pliz,please
pata mita,held,2,vad.mid,valid,valid
pata mita,held,2,vad.mit,vret,settle
pata mita,held,2,vad.mit,valet,evaluate
pata mita,held,2,vad.mit,valit,domesticate
pata mita,held,2,vad.mit,varit,ward (off)
pata mita,held,2,vad.miz,vriC,wood
pata mita,held,2,vaz.mid,vazir,disperse
pata muka,held,2,bad.muk,bruk,beak
pata muka,held,2,fad.muk,flok,glow
pata muka,held,2,fad.mux,flux,flush
pata muka,held,2,pad.muk,pruk,pick
pata muka,held,2,pat.mux,patox,pot
pata muka,held,2,vad.mug,vrug,10^18
pata muka,held,2,vas.mux,vasox,stir
pata muna,held,2,bad.mun,broq,membrane
pata muna,held,2,bad.mun,balon,bile
pata muna,held,2,bad.mun,barun,baryon
pata muna,held,2,bas.mun,bason,bustle
pata muna,held,2,fad.mun,flun,few
pata muna,held,2,pad.mun,plon,pion
pata muna,held,2,pad.mun,palon,hostile
pata muna,held,2,vad.mun,vrun,ocean
pata mupa,held,2,bad.mub,brob,decimal
pata mupa,held,2,bad.muf,blof,blow
pata mupa,held,2,fad.mub,flob,lob
pata mupa,held,2,pad.mup,plup,poop
pata mupa,held,2,pad.muv,pruv,prove
pata mupa,held,2,pat.muf,patof,envelop
pata muta,held,2,bad.mud,blor,blur
pata muta,held,2,bad.mud,brod,bone
pata muta,held,2,bad.mud,brol,brow
pata muta,held,2,bad.mut,blut,butt
pata muta,held,2,bad.mut,balut,bout
pata muta,held,2,bad.muz,bloC,blood
pata muta,held,2,bad.muz,bloz,boson
pata muta,held,2,bad.muz,bruz,buzz
pata muta,held,2,bat.mud,batol,bottle
pata muta,held,2,bat.mud,bator,batter
pata muta,held,2,bat.mud,batul,birch (tree)
pata muta,held,2,baz.mud,baCmol,cotton
pata muta,held,2,fad.mud,flor,flower
pata muta,held,2,fad.mud,flud,fluid
pata muta,held,2,fad.mut,flot,float
pata muta,held,2,fad.muz,fluz,complex
pata muta,held,2,fad.muz,froC,fear
pata muta,held,2,fat.mut,fatot,tempt
pata muta,held,2,pad.mud,plod,implode
pata muta,held,2,pad.mud,plud,pound (measure)
pata muta,held,2,pad.mud,padol,puddle
pata muta,held,2,pad.mud,palor,power
pata muta,held,2,pad.mud,palmor,froth
pata muta,held,2,pad.mut,prot,proton
pata muta,held,2,pad.mut,padot,simmer
pata muta,held,2,pad.muz,proz,for/purpose
pata muta,held,2,pas.mud,pasor,ban
pata muta,held,2,pas.mud,pasur,prowl
pata muta,held,2,pat.mud,pator,encircle
pata muta,held,2,vad.mud,valol,vial
pata muta,held,2,vaz.mud,vazor,visor
pata nama,held,2,pad.nam,parn,purr
pata nama,held,2,pad.nam,pram,primordial
pata nama,held,2,vad.nam,vlam,its
pata nama,held,2,vad.nam,vram,insight
pata nama,held,2,vad.nam,varam,circumference
pata nata,held,2,vad.nas,valnas,venus
pata nika,held,2,vad.nix,varnix,varnish
pata nima,held,2,bad.nim,blim,beam
pata nima,held,2,fad.nim,flem,flame
pata nima,held,2,pad.nim,prim,prime (primative)
pata nima,held,2,vad.nim,valim,valley
pata nita,held,2,bad.nit,barnet,barn
pata nita,held,2,baz.nis,baznis,business
pata numa,held,2,bad.num,blum,bloom
pata numa,held,2,bat.num,batum,fellow
pata numa,held,2,fad.num,flom,f sound
pata numa,held,2,fad.num,flum,fly (action)
pata numa,held,2,faz.num,faCom,fathom
pata numa,held,2,pad.num,parom,pile
pata numa,held,2,vad.num,valum,volume (math)
pata numa,held,2,vas.num,vasum,wealth
pata pama,held,2,bad.bam,barb,barb
pata pama,held,2,bad.vam,barv,duck (bird)
pata pama,held,2,fad.vam,farv,10^24
pata pama,held,2,pad.vam,parvam,perform
pata pama,held,2,vad.vam,valv,evolve
pata pana,held,2,pad.van,parvan,fur
pata pata,held,2,bad.bad,barbar,stutter
pata pata,held,2,pad.vat,parvat,rugged
pata pata,held,2,vad.bad,valbal,confuse
pata pika,held,2,fad.bix,farbix,refurbish
pata puta,held,2,bad.but,balbut,bulb
pata taka,held,2,bad.zak,barzak,barrier
pata taka,held,2,bat.sak,batsak,dough
pata tama,held,2,bas.tam,bast,prime
pata tama,held,2,bat.sam,batcam,batcam
pata tama,held,2,fad.zam,farC,feather
pata tama,held,2,fas.tam,fast,fast
pata tama,held,2,pad.zam,parz,p sound
pata tama,held,2,vad.zam,varz,forest
pata tama,held,2,vas.tam,vast,vast
pata tana,held,2,bas.tan,bastan,bust
pata tapa,held,2,vas.tav,vastav,genuine
pata tika,held,2,bas.tik,bastik,bust (action)
pata tina,held,2,bad.zin,balzeq,assure
pata tina,held,2,bad.zin,balziq,guarantee
pika kata,held,2,pik.xad,pikxar,picture
pika kuna,held,2,bik.xun,bikxun,beg
pika mana,held,2,big.man,began,pessimistic
pika mana,held,2,bij.man,bejan,beige
pika mana,held,2,bik.man,bekan,beckon
pika mata,held,2,bik.mad,bikar,bicker
pika mata,held,2,vik.mat,vikat,dread
pika mika,held,2,vik.mix,vekex,vacation
pika mina,held,2,big.min,begin,begin
pika mina,held,2,bik.min,bekin,bake
pika mina,held,2,pik.min,pekiq,peck
pika mina,held,2,vig.min,vegin,vague
pika mipa,held,2,bik.miv,bihev,behave
pika mita,held,2,bik.mis,bikic,bequeath
pika mita,held,2,fix.mit,fixet,officiate
pika muta,held,2,pig.mud,pigur,lag
pika muta,held,2,vig.mud,vigor,vigor
pika nama,held,2,bik.nam,bikam,become
pika numa,held,2,pig.num,pigum,scaffolding
pika puna,held,2,big.vun,bigvun,go on
pika tatu,held,2,pig.das,pegrac,peg
pima nata,held,2,fim.nas,femas,famous
pima nata,held,2,vim.nad,vimal,transparent
pima nuta,held,2,pim.nuz,pimoz,pea (vegetable)
pima pama,held,2,bim.bam,beb,baby
pima pama,held,2,bim.bam,bib,we
pima pama,held,2,bim.pam,bip,output
pima pama,held,2,pim.pam,pip,individual
pima pata,held,2,pim.pad,pipar,peep
pima pata,held,2,vim.vad,vivad,vivid
pima pata,held,2,vim.vad,vivar,viverridae
pima pina,held,2,bim.bin,beben,babe
pima pina,held,2,pim.pin,pipin,pee
pima puna,held,2,bim.bun,bibun,bib
pima puna,held,2,bim.bun,bimon,bemoan
pima puta,held,2,fim.vud,fevor,favor
pina kama,held,2,fin.kam,fiqk,even (though)
pina kana,held,2,bin.gan,biqgan,cookie
pina kata,held,2,bin.kat,beqkat,bank (holding)
pina kipa,held,2,fin.xip,fenxip,analysis
pina kita,held,2,fin.git,feqget,signature
pina kuma,held,2,pin.kum,peqkum,pay back
pina kuta,held,2,fin.gud,fiqgor,finger
pina maka,held,2,fin.mak,fenak,feign
pina mana,held,2,bin.man,binan,benign
pina mata,held,2,bin.mat,binat,violate
pina mata,held,2,fin.mad,final,final
pina mata,held,2,fin.mat,feqat,fang
pina mata,held,2,pin.mad,pinar,pin
pina mata,held,2,vin.mas,venas,vein
pina mina,held,2,fin.min,feqmin,honey
pina mipa,held,2,vin.mip,venip,vane
pina mita,held,2,bin.mit,binit,bean
pina muka,held,2,vin.muk,venuk,venue
pina muta,held,2,pin.mus,pinus,pine (tree)
pina muta,held,2,pin.mut,pinut,peanut
pina pama,held,2,fin.bam,finam,phenomenon
pina tama,held,2,bin.dam,bend,bend
pina tama,held,2,fin.tam,fent,faint (dizzy)
pina tama,held,2,fin.zam,finz,finish
pina tama,held,2,pin.tam,pent,paint
pina tana,held,2,fin.dan,fenlaq,heft
pina tana,held,2,fin.san,fensan,diffract
pina tapa,held,2,fin.tav,fintav,definitive
pina tatu,held,2,fin.das,fendac,fend
pina tatu,held,2,pin.daz,pinlaz,penalize
pina tatu,held,2,pin.tas,pentas,pant
pina tatu,held,2,vin.taz,ventaz,vent
pina tika,held,2,fin.tik,fentik,faint
pina tina,held,2,pin.tin,pentiq,penalty
pina tuka,held,2,fin.dug,fiqdug,poise
pina tupa,held,2,fin.sup,finsup,incinerate
pipa maka,held,2,vip.mak,vipak,fact
pipa mana,held,2,vip.man,vepaq,interface (computing)
pipa mata,held,2,biv.mad,bival,bevel
pipa mata,held,2,fib.mad,fibal,feeble
pipa muta,held,2,vip.mud,vepor,vapor
pipa tama,held,2,piv.dam,pevram,pave
pita kama,held,2,bis.kam,besk,basic
pita kama,held,2,pit.xam,pitx,pitch (sound)
pita kama,held,2,vid.jam,vedj,vegetable
pita kana,held,2,fit.xan,fetxaq,extraordinary
pita kana,held,2,vid.jan,vidjan,young
pita kika,held,2,fid.jik,fidjik,fidget
pita kina,held,2,bit.xin,bitxiq,beach
pita kita,held,2,fit.xid,fitxir,fantastic
pita kuna,held,2,pid.jun,pidjon,pigeon
pita kupa,held,2,bid.jup,bedjup,tragic
pita kuta,held,2,fid.jud,fedjul,fad
pita maka,held,2,viz.mak,viCak,supplement
pita mana,held,2,bid.man,belan,bail
pita mana,held,2,bid.man,bilaq,belong
pita mana,held,2,bid.man,biran,inevitable
pita mana,held,2,bis.man,bisman,horror
pita mana,held,2,bit.man,betan,bat (hit with stick)
pita mana,held,2,bit.man,bitan,beet
pita mana,held,2,fid.man,film,film (material)
pita mana,held,2,fid.man,fedan,fade
pita mana,held,2,fid.man,filan,felidae
pita mana,held,2,pit.man,pitman,nipple
pita mapa,held,2,fiz.mab,fizab,feasible
pita mata,held,2,bid.mad,bild,build
pita mata,held,2,bid.mad,bidal,beetle
pita mata,held,2,bid.mad,bilar,beware
pita mata,held,2,bid.mas,birs,beer
pita mata,held,2,bid.mat,bidat,stoke
pita mata,held,2,bid.mat,bilat,ability
pita mata,held,2,bid.maz,bidaz,bedazzle
pita mata,held,2,bis.mad,bisal,match (competition)
pita mata,held,2,biz.mad,bizar,bizarre
pita mata,held,2,fid.mad,fidal,fiddle
pita mata,held,2,fid.mas,fidas,fetus
pita mata,held,2,fid.mat,filmat,film (residue)
pita mata,held,2,fis.mat,fecat,faith
pita mata,held,2,fiz.mad,fizal,fizzle
pita mata,held,2,fiz.maz,fizaz,fizz
pita mata,held,2,pid.mad,pirad,period
pita mata,held,2,pid.mas,pirs,role/as
pita mata,held,2,pid.mas,pilac,peel
pita mata,held,2,pid.mat,pilat,blame
pita mata,held,2,pit.mad,petal,petal (flower)
pita mata,held,2,pit.maz,pitmaz,epitomize
pita mika,held,2,biz.mik,bezik,cup
pita mika,held,2,pis.mik,pisek,interval
pita mika,held,2,vit.mig,vetig,vet
pita mina,held,2,fid.min,fediq,wun
pita mina,held,2,fid.min,fidiq,feed
pita mina,held,2,pis.min,pisin,piss
pita mina,held,2,piz.min,pizen,rash
pita mina,held,2,piz.min,pizin,pie
pita mina,held,2,vid.min,veliq,veil
pita mipa,held,2,bid.miv,biriv,bereave
pita mita,held,2,bid.mit,belit,belittle
pita mita,held,2,bid.mit,biret,berate
pita mita,held,2,bis.mit,biset,beset
pita mita,held,2,fid.mit,filet,affilliate
pita mita,held,2,fis.miz,fisiz,feces
pita mita,held,2,pid.mid,pedir,herd
pita muka,held,2,bit.muk,bituk,accent
pita muka,held,2,vit.mug,vitog,veto
pita muna,held,2,bid.mun,bedoq,wiggle
pita muna,held,2,bid.mun,beloq,bellow
pita muna,held,2,bid.mun,bidon,fiction
pita muna,held,2,bid.mun,bilon,bill (money)
pita muna,held,2,bid.mun,biloq,billow
pita muna,held,2,fid.mun,feloq,tax
pita muna,held,2,piz.mun,pizmon,chorus
pita mupa,held,2,bis.muv,bicuv,behoove
pita muta,held,2,bid.mud,bedul,battle
pita muta,held,2,bid.mud,birur,inquiry
pita muta,held,2,bit.mud,betor,bet
pita muta,held,2,bit.mud,bitor,bitter
pita muta,held,2,fid.mud,felur,failure
pita muta,held,2,fit.mud,fitor,feat
pita muta,held,2,pid.muz,piroz,pack
pita muta,held,2,pis.mud,pesod,fan (person)
pita muta,held,2,pit.mud,petol,toll
pita muta,held,2,pit.mud,petor,patter
pita muta,held,2,pit.mud,pitul,twist
pita nama,held,2,bid.nam,bilam,brake
pita puta,held,2,pit.put,pitput,chatter
pita taka,held,2,biz.dak,biClak,plead
pita tama,held,2,bis.tam,bist,beast
pita tama,held,2,pis.tam,pest,paste
pita tama,held,2,vis.tam,vist,visit
pita tana,held,2,fis.tan,fistan,feast
pita tana,held,2,vis.tan,vestan,vest (let sit)
puka mata,held,2,buk.mad,bukad,buck
puka mata,held,2,vuk.mad,vokad,avocado
puka mina,held,2,bug.min,bugiq,bug (bother)
puka mita,held,2,puk.mit,poket,poke
puka muna,held,2,vug.mun,vogun,vogue
puka nama,held,2,pux.nam,poxam,potion
puka nima,held,2,vux.nim,vuxim,genitals
puka tama,held,2,pug.zam,pogz,10^5
puma kita,held,2,fum.git,fumget,fumigate
puma naka,held,2,pum.nag,pumag,pumice
puma pama,held,2,bum.bam,bub,boob
puma pama,held,2,bum.pam,bup,energy
puma pama,held,2,pum.pam,pop,property (of object)
puma pama,held,2,vum.vam,vov,axis
puna tama,held,2,bun.dam,bund,boundary
puna tama,held,2,bun.zam,bunz,boon
puna tama,held,2,fun.tam,funt,photon
puna tina,held,2,fun.tin,fonten,fountain
puna tuka,held,2,bun.duk,bunduk,hazelnut
pupa mana,held,2,puf.man,pufan,poof
pupa mina,held,2,buv.min,bovin,bovinae
pupa muta,held,2,buv.mud,bovor,buffer
puta kama,held,2,fud.gam,folg,fungus
puta kama,held,2,pud.jam,podj,purge
puta kama,held,2,put.xam,potx,pi
puta kama,held,2,vut.xam,vutx,entity
puta kana,held,2,vud.jan,vorjan,version
puta kata,held,2,vud.gad,volgar,vulgar
puta kina,held,2,but.xin,botxiq,fickle
puta kipa,held,2,fud.giv,forgiv,forgive
puta kipa,held,2,put.xiv,potxiv,poach
puta kuka,held,2,bud.juk,budjuk,remedy
puta kuna,held,2,but.xun,butxoq,augment
puta kupa,held,2,pud.jup,podjup,rundown
puta kuta,held,2,pud.jut,podjut,shabby
puta maka,held,2,fud.mag,formag,former
puta maka,held,2,fud.mak,fork,ant (animal)
puta maka,held,2,pud.mak,pork,per
puta maka,held,2,vud.mak,vork,electron
puta maka,held,2,vud.mak,vorak,bee
puta maka,held,2,vud.max,vorx,vowel o sound
puta mana,held,2,bud.man,bodan,bode
puta mana,held,2,bud.man,bolaq,bow (arrow)
puta mana,held,2,fud.man,form,form
puta mana,held,2,fud.man,foran,prompt (speed)
puta mana,held,2,pud.man,poraq,pore
puta mana,held,2,pud.man,pulan,pool
puta mapa,held,2,bud.map,borp,burp
puta mapa,held,2,pud.maf,porf,puff
puta mapa,held,2,vud.maf,vurf,verify
puta mata,held,2,bud.mad,bold,10^30
puta mata,held,2,bud.mad,borl,boil
puta mata,held,2,fud.mad,fold,fold
puta mata,held,2,fud.mad,formal,formal
puta mata,held,2,fud.mas,forc,there
puta mata,held,2,fud.mat,fort,fort
puta mata,held,2,fud.mat,format,format
puta mata,held,2,pud.mad,podal,ramp
puta mata,held,2,pud.mad,polar,polar
puta mata,held,2,pud.mat,port,important
puta mata,held,2,pus.mat,pusat,pus
puta mata,held,2,puz.mad,pozar,pose
puta mata,held,2,vud.mad,vord,avoid
puta mata,held,2,vud.mat,volt,volt
puta mata,held,2,vud.maz,volaC,misery
puta mata,held,2,vus.mas,vosas,versus
puta mika,held,2,bud.mig,borig,screw (bolt)
puta mika,held,2,fud.mik,forek,euphoric
puta mika,held,2,fud.mik,formik,ant
puta mika,held,2,vud.mix,vorex,voracious
puta mina,held,2,bud.min,bulin,buoy
puta mina,held,2,fud.min,forin,foreign
puta mipa,held,2,fud.mip,fulep,soothe
puta mipa,held,2,pud.mip,polip,poll
puta mita,held,2,fud.mid,forid,foe
puta mita,held,2,fud.mit,folet,exfoliate
puta mita,held,2,fud.mit,furet,infuriate
puta mita,held,2,pud.mis,polis,police
puta mita,held,2,pud.mit,porit,pour
puta muna,held,2,fud.mun,furoq,furrow
puta muta,held,2,vud.mud,vulol,mingle
puta naka,held,2,pud.nag,pornag,porn
puta nama,held,2,bud.nam,born,bury
puta nama,held,2,fud.nam,forn,fine (good)
puta nama,held,2,fud.nam,folnam,foil
puta nima,held,2,pud.nim,polem,poem
puta nipa,held,2,pud.niv,pulnev,pull off
puta nita,held,2,fud.nis,furnis,furnace
puta pama,held,2,vud.bam,vorb,ever
puta pata,held,2,vud.bad,vorbal,verbal
puta pita,held,2,bud.bid,burbir,barbarian
puta pita,held,2,pud.vid,purved,pervade
puta tama,held,2,bud.zam,borz,poison
puta tama,held,2,bus.tam,bust,burst
puta tama,held,2,pus.tam,post,post (content)
puta tama,held,2,vud.zam,volz,violent
puta tama,held,2,vus.tam,vust,v sound
puta tuna,held,2,fud.zun,forCun,makeup
puta tuna,held,2,pus.tun,puston,thump
puta tuta,held,2,fud.zud,forCor,further
taka kata,held,2,tak.xat,takxat,chisel
taka kika,held,2,dak.xik,rakxik,guard
taka maka,held,2,daj.mak,djak,fingernail
taka maka,held,2,sak.max,skax,squash
taka maka,held,2,tax.mak,txak,check
taka mana,held,2,dak.man,dakan,duck (below)
taka mana,held,2,dak.man,rakan,bow
taka mana,held,2,sag.man,cagan,thug
taka mana,held,2,tak.man,takan,tack
taka mapa,held,2,dak.mav,rakav,rot
taka mapa,held,2,sag.maf,cagaf,culture (society)
taka mapa,held,2,sak.map,skap,skip
taka mapa,held,2,tax.map,txap,chip
taka mata,held,2,dag.mad,lagar,log
taka mata,held,2,daj.mas,djas,justice
taka mata,held,2,daj.mat,djat,deal
taka mata,held,2,daj.maz,djaz,joy
taka mata,held,2,dak.mat,rakat,rocket
taka mata,held,2,sak.mad,skal,scale
taka mata,held,2,sak.mad,skar,square
taka mata,held,2,sak.mad,cakal,heckle
taka mata,held,2,tag.mad,tagal,toggle
taka mata,held,2,tax.mad,txal,shell
taka mata,held,2,tax.maz,txaz,100
taka mata,held,2,zak.mad,Cakar,mention
taka mata,held,2,zak.mad,zakar,masculine
taka mika,held,2,dag.mix,dagix,emphasis
taka mika,held,2,daj.mik,djek,reject
taka mika,held,2,sak.mik,sakik,psychic
taka mina,held,2,daj.min,djin,gene
taka mina,held,2,dax.min,daxen,university
taka mina,held,2,dax.min,daxin,fertilize
taka mina,held,2,sak.min,skin,skin
taka mina,held,2,sak.min,sakin,blade
taka mina,held,2,tag.min,tagen,fry
taka mina,held,2,tak.min,takin,correct
taka mina,held,2,tax.min,txeq,q sound
taka mina,held,2,tax.min,txin,teen
taka mipa,held,2,daj.mip,djip,over
taka mipa,held,2,dak.mib,rakib,perpetrate
taka mipa,held,2,sak.mip,skep,scape (scenery)
taka mita,held,2,daj.mid,djir,deer
taka mita,held,2,daj.mis,rajis,registry
taka mita,held,2,daj.miz,djiz,jeez
taka mita,held,2,dak.mit,raket,racket (tool)
taka mita,held,2,sag.mit,saget,segregate
taka mita,held,2,sak.mid,skil,skill
taka mita,held,2,sak.mit,skit,sweet
taka mita,held,2,sak.mit,saket,socket
taka mita,held,2,tag.mid,tagid,corporation
taka mita,held,2,tak.mid,takir,investigate
taka mita,held,2,tak.mit,taket,tact
taka mita,held,2,tak.mit,takit,aim
taka mita,held,2,tax.mid,txir,cheer
taka mita,held,2,tax.mis,txes,chase
taka mita,held,2,tax.mit,txet,shit
taka muka,held,2,daj.muk,djok,joke
taka muka,held,2,dak.muk,lakok,client
taka muka,held,2,sak.muj,sakoj,psychology
taka muna,held,2,sak.mun,skoq,cease
taka muna,held,2,sak.mun,skun,skew
taka muna,held,2,sak.mun,sakon,sack
taka muna,held,2,tak.mun,takon,octopus
taka muna,held,2,tax.mun,txun,sneeze
taka mupa,held,2,sak.mup,skup,scoop
taka mupa,held,2,tag.muv,taguv,comment
taka mupa,held,2,zak.muf,zakuf,erect
taka muta,held,2,daj.mud,djud,jew
taka muta,held,2,daj.mud,djul,jewel
taka muta,held,2,daj.mus,djus,juice
taka muta,held,2,sag.mud,cagur,naughty
taka muta,held,2,sak.mud,skor,score
taka muta,held,2,sak.mud,skul,school
taka muta,held,2,sak.mud,skur,scare
taka muta,held,2,sak.mud,sakul,succulent
taka muta,held,2,sak.mut,skut,difficult
taka muta,held,2,sak.muz,skuz,excuse
taka muta,held,2,tag.mud,tagmul,compensation
taka muta,held,2,tak.mud,takol,tackle
taka muta,held,2,tax.mud,txor,saturate
taka muta,held,2,tax.mud,txul,actual
taka muta,held,2,tax.mut,txot,loose
taka muta,held,2,tax.mut,txut,chew
taka muta,held,2,tax.muz,txuz,choose
taka muta,held,2,zak.mut,zakut,privilege
taka nama,held,2,daj.nam,djam,jam
taka nama,held,2,dax.nam,raxam,crime
taka nama,held,2,zax.nam,zaxam,slink
taka nata,held,2,dax.nad,raxnal,rational
taka nata,held,2,tag.naz,tagnaz,antagonize
taka nima,held,2,dag.nim,dagim,sample
taka nima,held,2,sak.nim,skim,minimum
taka nita,held,2,dak.nid,raknid,arachnid
taka numa,held,2,sak.num,skum,scheme
taka numa,held,2,tax.num,txum,tissue
taka nuta,held,2,tak.nud,taknol,technology
taka tama,held,2,dag.dam,dagram,diagram
taka tama,held,2,dak.sam,laks,lack
taka tatu,held,2,dag.das,dagras,digress
taka tika,held,2,dak.six,laksex,relaxation
taka tina,held,2,dak.sin,laksen,diagonal
taka tina,held,2,sak.sin,saksin,spectate
taka tipa,held,2,dak.tip,daktip,duct
taka tita,held,2,sak.sid,saksid,succeed (come next)
taka tuna,held,2,dag.dun,lagron,lug
tama naka,held,2,sam.nax,smax,smash
tama napa,held,2,dam.nap,damap,dam
tama nata,held,2,sam.nad,smal,small
tama nata,held,2,tam.nad,tamar,date (fruit)
tama nata,held,2,zam.nad,zamar,prune (fruit)
tama nika,held,2,sam.nik,smek,smack
tama nima,held,2,zam.nim,Camim,obnoxious
tama nita,held,2,dam.nid,lamid,tutor
tama nita,held,2,dam.nit,lamnet,laminate
tama nita,held,2,sam.nid,smil,smell
tama nita,held,2,sam.nid,camil,drunk
tama nita,held,2,tam.nit,tamnet,contaminate
tama nuka,held,2,sam.nuk,smok,smoke
tama nuta,held,2,dam.nus,ramos,trample
tama nuta,held,2,sam.nud,smul,smile
tama nuta,held,2,sam.nud,samor,summer
tama pama,held,2,dam.pam,ramp,r sound
tama pama,held,2,sam.pam,samp,sentence (text)
tama pama,held,2,tam.pam,tamp,temperature
tama pana,held,2,dam.ban,laman,lamb
tama pana,held,2,tam.ban,taman,price
tama pana,held,2,tam.pan,tampan,tampon
tama pata,held,2,dam.pat,dampat,damp
tama pina,held,2,sam.bin,smin,meson
tama pina,held,2,zam.bin,zamin,examine
tama pita,held,2,dam.pid,ramped,romp
tama puna,held,2,dam.pun,lampoq,lump
tama puna,held,2,sam.bun,samon,summon
tama puta,held,2,dam.bud,lambor,lumber
tama puta,held,2,dam.bud,rambol,ramble
tama puta,held,2,dam.bus,rambus,rhombus
tama puta,held,2,sam.put,camput,impute
tama puta,held,2,tam.pud,tampor,tamper
tama puta,held,2,zam.pud,zampol,example
tama taka,held,2,dam.dag,dalg,magnitude
tama taka,held,2,dam.dag,larg,element
tama taka,held,2,dam.dag,dalag,dialogue
tama taka,held,2,dam.daj,ladj,l sound
tama taka,held,2,dam.dak,drak,harm
tama taka,held,2,dam.dak,dalak,grate
tama taka,held,2,dam.dax,larx,10^12
tama taka,held,2,dam.tax,ratx,vowel a sound
tama taka,held,2,tam.dag,trag,10^42
tama taka,held,2,tam.dak,trak,track (path)
tama taka,held,2,tam.tax,tatx,touch
tama tama,held,2,dam.dam,dad,content
tama tama,held,2,dam.dam,dal,matter (physics)
tama tama,held,2,dam.dam,lad,yellow
tama tama,held,2,dam.dam,lal,y-axis
tama tama,held,2,dam.dam,ral,raw
tama tama,held,2,dam.dam,rar,rare
tama tama,held,2,dam.dam,dram,human
tama tama,held,2,dam.dam,larm,limb
tama tama,held,2,dam.dam,dalam,pity
tama tama,held,2,dam.tam,dat,word
tama tama,held,2,dam.tam,rat,write
tama tama,held,2,sam.sam,sas,parent
tama tama,held,2,sam.zam,saz,emphasize
tama tama,held,2,tam.dam,tad,tail
tama tama,held,2,tam.dam,tal,tell
tama tama,held,2,tam.dam,tar,tire (sleep)
tama tama,held,2,tam.tam,tat,sibling
tama tama,held,2,zam.sam,Cas,thus
tama tana,held,2,dam.dan,darn,damn/dam
tama tana,held,2,dam.dan,dadan,bold
tama tana,held,2,dam.dan,ralan,interview
tama tana,held,2,dam.tan,rataq,cart
tama tana,held,2,sam.tan,samtan,wholesome
tama tana,held,2,sam.zan,sazan,size
tama tana,held,2,tam.dan,tarn,10^39
tama tana,held,2,tam.dan,traq,triangle
tama tana,held,2,tam.dan,talaq,talent
tama tapa,held,2,dam.dab,darb,follow
tama tapa,held,2,dam.dap,drap,drop
tama tapa,held,2,dam.dap,larp,lepton
tama tapa,held,2,dam.dap,dalap,weapon
tama tapa,held,2,dam.dav,drav,candela (measurement)
tama tapa,held,2,dam.dav,larv,larva
tama tapa,held,2,tam.dab,trab,tribe
tama tapa,held,2,tam.dap,tarp,topology
tama tapa,held,2,tam.dap,trap,trap
tama tatu,held,2,dam.das,ralas,rile
tama tatu,held,2,dam.tas,latas,lattice
tama tatu,held,2,sam.sad,casal,assail
tama tatu,held,2,sam.sad,samsar,course
tama tatu,held,2,tam.das,tals,tall
tama tatu,held,2,tam.das,tras,torus
tama tatu,held,2,tam.daz,tarz,reptile
tama tika,held,2,dam.dig,dreg,drag
tama tika,held,2,dam.dig,drig,degree
tama tika,held,2,dam.dik,dalik,approximate
tama tika,held,2,dam.dik,ralik,rally
tama tika,held,2,dam.dix,drex,hyphen
tama tika,held,2,dam.dix,drix,direction
tama tika,held,2,dam.dix,radex,radish
tama tika,held,2,dam.tik,ratik,fascinate
tama tika,held,2,tam.dij,trij,treasure
tama tika,held,2,tam.dik,trik,trick
tama tima,held,2,dam.dim,drim,dream
tama tina,held,2,dam.din,dalin,dally
tama tina,held,2,dam.din,ladin,laud
tama tina,held,2,sam.din,samriq,summary
tama tina,held,2,tam.din,trin,neutrino
tama tina,held,2,tam.din,talin,tally
tama tipa,held,2,dam.dib,drib,10^6
tama tipa,held,2,dam.dif,dref,definite
tama tipa,held,2,dam.dif,dalif,leak
tama tipa,held,2,dam.div,driv,fate
tama tipa,held,2,dam.tif,latif,entertain
tama tipa,held,2,sam.sib,sasib,associate
tama tita,held,2,dam.diz,dareC,dash
tama tita,held,2,tam.dis,tres,trace
tama tita,held,2,tam.dis,tris,interest
tama tita,held,2,tam.diz,taliC,spell (charm)
tama tuka,held,2,tam.duk,taluk,chin
tama tuma,held,2,dam.dum,drum,drum
tama tuma,held,2,tam.dum,trom,spectrum
tama tuna,held,2,dam.dun,dron,drone (sound)
tama tuna,held,2,dam.dun,dalun,road
tama tuna,held,2,dam.tun,raton,rat
tama tuna,held,2,tam.dun,talon,towel
tama tupa,held,2,dam.dup,drup,d sound
tama tupa,held,2,dam.duv,drov,multicellular life
tama tuta,held,2,dam.dus,drus,radius
tama tuta,held,2,dam.dus,daluc,cuckold
tama tuta,held,2,dam.dus,larus,gull
tama tuta,held,2,dam.duz,droz,enter
tama tuta,held,2,dam.tus,latus,lettuce
tama tuta,held,2,zam.sut,zasot,recognise
tana kama,held,2,dan.kam,laqk,wool
tana kama,held,2,san.kam,saqk,sign
tana kama,held,2,tan.kam,taqk,toy
tana kana,held,2,tan.xan,tanxan,attention
tana kana,held,2,zan.kan,zaqkan,scene
tana kata,held,2,san.kat,saqkat,suspect
tana kina,held,2,dan.xin,laqxiq,virtuous
tana kina,held,2,tan.xin,tanxiq,elastic
tana kita,held,2,dan.kit,daqkit,donkey
tana kita,held,2,dan.kit,laqkit,lanky
tana kupa,held,2,tan.gup,taqgop,adopt
tana kuta,held,2,dan.gud,raqgol,ring (shape)
tana kuta,held,2,dan.kut,daqkot,dunk
tana maka,held,2,zan.mak,zanak,abandon
tana mana,held,2,zan.man,zanan,delve
tana mapa,held,2,san.map,snap,snap
tana mata,held,2,san.mad,snar,snare (drum)
tana mata,held,2,tan.mad,tanal,tunnel
tana mika,held,2,san.mik,snik,sneak
tana mika,held,2,san.mix,canmex,enmesh
tana mina,held,2,dan.min,danin,donation
tana mina,held,2,dan.min,daniq,dine
tana mina,held,2,dan.min,lanmeq,league
tana mina,held,2,tan.min,tanmin,sweet (emotion)
tana mipa,held,2,san.mif,snif,sniff
tana mita,held,2,tan.mit,tanit,tiny
tana muna,held,2,dan.mun,lanoq,blush
tana mupa,held,2,san.muv,sanov,swallow (bird)
tana mupa,held,2,tan.mub,tanub,fir (tree)
tana muta,held,2,san.mud,snor,s sound
tana pama,held,2,dan.bam,danam,dawn
tana pika,held,2,dan.fik,laqfek,lavish
tana pika,held,2,tan.big,tanbig,transduction
tana puma,held,2,san.bum,snom,snow
tana taka,held,2,dan.sak,ransak,ransack
tana tama,held,2,dan.dam,randam,random
tana tama,held,2,dan.tam,rant,rant
tana tama,held,2,dan.zam,danz,dance
tana tama,held,2,dan.zam,ranz,ram
tana tama,held,2,san.dam,sand,sand
tana tana,held,2,dan.zan,ranzaq,grime
tana tana,held,2,san.zan,sanzaq,bulk
tana tana,held,2,zan.dan,zanlan,exhibit
tana tika,held,2,san.dik,sanrik,sign up
tana tika,held,2,san.tig,santig,scent
tana tika,held,2,tan.tij,tantij,taunt
tana tika,held,2,tan.zik,tanzik,blanket
tana tima,held,2,zan.zim,zanzim,transpose
tana tina,held,2,dan.din,dandeq,pawn
tana tina,held,2,dan.din,randin,rind
tana tina,held,2,tan.tin,tantiq,snoop
tana tina,held,2,tan.zin,tanzen,naive
tana tina,held,2,zan.zin,zanzeq,war
tana tipa,held,2,san.siv,sansiv,sensitive
tana tipa,held,2,zan.dip,zaqlip,funeral
tana tita,held,2,san.diz,canlez,analyze
tana tuma,held,2,tan.dum,tanlum,turbulent
tana tuma,held,2,tan.tum,tantum,wire
tana tuta,held,2,dan.sud,dansor,dinosaur
tana tuta,held,2,tan.sud,tansor,tensor
tapa kata,held,2,dap.xad,rapxar,rupture
tapa kita,held,2,dap.kit,rapket,replicate
tapa kita,held,2,saf.kit,safket,suffocate
tapa kita,held,2,taf.kid,tafkid,duty
tapa maka,held,2,dab.mak,dabak,adhere
tapa maka,held,2,daf.mak,rafak,raisard
tapa maka,held,2,dap.max,rapax,rap
tapa maka,held,2,dav.maj,ravaj,ravish
tapa maka,held,2,dav.mak,ravak,profut
tapa maka,held,2,sap.mak,spak,spike
tapa maka,held,2,sap.mak,sapak,supplier
tapa mana,held,2,dav.man,lavan,satellite
tapa mana,held,2,sap.man,span,spine
tapa mana,held,2,sav.man,savan,savanna
tapa mata,held,2,dab.mat,rabat,rabbit
tapa mata,held,2,daf.mad,rafad,rife
tapa mata,held,2,daf.mad,rafal,mist
tapa mata,held,2,dap.mad,rapal,repeal
tapa mata,held,2,sab.mat,sabat,mackerel
tapa mata,held,2,saf.mad,safar,sapphire
tapa mata,held,2,sap.mad,sapar,barber
tapa mata,held,2,sap.mas,spas,spice
tapa mata,held,2,sap.maz,capmaz,optimize
tapa mata,held,2,sav.mad,caval,avow
tapa mata,held,2,sav.mas,svas,sigh
tapa mika,held,2,saf.mix,safix,sufficient
tapa mika,held,2,sap.mik,spek,respect
tapa mika,held,2,sap.mik,spik,speak
tapa mika,held,2,sav.mik,svik,knife
tapa mika,held,2,tap.mik,tapik,topic
tapa mina,held,2,dab.min,labin,lobby
tapa mina,held,2,sap.min,spin,spin
tapa mipa,held,2,dab.miv,dabiv,dub
tapa mita,held,2,dab.mit,dabit,debit
tapa mita,held,2,daf.mit,dafit,defeat
tapa mita,held,2,dap.mid,raped,pad
tapa mita,held,2,sab.mid,sabir,patient
tapa mita,held,2,sab.mis,sabmis,submissive
tapa mita,held,2,sab.mit,sabit,swab
tapa mita,held,2,saf.mid,sfir,sphere
tapa mita,held,2,sap.mit,spit,spit
tapa mita,held,2,tab.mid,tabil,spice (action)
tapa mita,held,2,tab.mis,tabic,gazelle
tapa mita,held,2,zav.mit,zavit,angle
tapa muka,held,2,dap.muk,dapok,shiver
tapa muka,held,2,sap.muk,spok,spoke (wheel)
tapa muna,held,2,sab.mun,sabon,soap
tapa muta,held,2,dab.mud,rabor,rob
tapa muta,held,2,dab.mut,labot,fan (action)
tapa muta,held,2,daf.mud,rafol,ruffle
tapa muta,held,2,daf.muz,dafuz,diffuse
tapa muta,held,2,sap.mud,sapud,meal
tapa muta,held,2,sap.muz,sapoz,suppose
tapa muta,held,2,sav.mud,svur,very
tapa muta,held,2,tav.mut,tavut,tuck
tapa nama,held,2,sab.nam,sabam,polite
tapa nama,held,2,zap.nam,zapam,fury
tapa nima,held,2,tap.nim,tapem,coordinate (action)
tapa taka,held,2,sab.dag,sabrag,sob
tapa tama,held,2,daf.tam,laft,laugh
tapa tama,held,2,daf.tam,raft,raft
tapa tama,held,2,dap.sam,dapc,depth
tapa tama,held,2,saf.tam,saft,soft
tapa tina,held,2,dap.sin,lapsin,lapse
tapa tina,held,2,dap.sin,lapsiq,lapse
tapa tipa,held,2,sab.div,sabdiv,subdivide
tapa tuma,held,2,sab.zum,sabzum,subsume
tapa tupa,held,2,tav.dup,tavrup,sanitation
tatu kama,held,2,das.kam,dask,desk
tatu kama,held,2,das.kam,rask,reminiscent of (-esque)
tatu kama,held,2,sad.jam,sadj,beside
tatu kama,held,2,sad.jam,sadjam,equipment
tatu kama,held,2,sat.xam,satx,such
tatu kata,held,2,sad.jad,sadjad,bow down in respect
tatu kata,held,2,sat.xad,catxar,chair
tatu kima,held,2,zad.jim,zadjim,acrobat
tatu kita,held,2,tas.kid,taskil,frustrate
tatu maka,held,2,das.mak,dasak,stress
tatu maka,held,2,das.mak,lasak,flock
tatu maka,held,2,das.mak,rasak,moisture
tatu maka,held,2,daz.maj,razaj,rouse
tatu maka,held,2,sad.mag,slag,slug (animal)
tatu maka,held,2,sad.mak,crak,10^33
tatu maka,held,2,sad.mak,salk,circle
tatu maka,held,2,sad.mak,sark,discern
tatu maka,held,2,sad.max,slax,slash
tatu maka,held,2,tas.maj,tasaj,toss
tatu maka,held,2,zad.mak,zark,open
tatu maka,held,2,zad.max,zalx,toe
tatu mana,held,2,daz.man,lazan,almond
tatu mana,held,2,sad.man,caraq,plenty
tatu mana,held,2,sad.man,sadan,sudden
tatu mana,held,2,tas.man,tasman,testament
tatu mana,held,2,zad.man,zaran,tragedy
tatu mapa,held,2,sad.map,slap,slop
tatu mapa,held,2,sad.mav,crav,thrive
tatu mapa,held,2,sat.mab,stab,stab
tatu mapa,held,2,sat.maf,staf,stuff
tatu mata,held,2,das.mat,rasat,furnish
tatu mata,held,2,daz.mad,dazal,dazzle
tatu mata,held,2,daz.mad,laCad,stack
tatu mata,held,2,daz.maz,raCaC,drizzle
tatu mata,held,2,sad.mad,cral,hill
tatu mata,held,2,sad.mad,sard,side
tatu mata,held,2,sad.mad,sarl,swirl
tatu mata,held,2,sad.mad,slad,slide
tatu mata,held,2,sad.mad,sadal,saddle
tatu mata,held,2,sad.mas,sals,celsius
tatu mata,held,2,sad.mas,slas,faint (light)
tatu mata,held,2,sad.mas,saras,potent
tatu mata,held,2,sad.mat,sart,certain
tatu mata,held,2,sad.mat,slat,10^9
tatu mata,held,2,sad.maz,caraz,arise
tatu mata,held,2,sat.mad,stal,stall
tatu mata,held,2,sat.mad,star,star
tatu mata,held,2,sat.mat,stat,stat
tatu mata,held,2,sat.maz,catmaz,itemize
tatu mata,held,2,tas.mad,tasal,tassel
tatu mata,held,2,taz.mad,taCar,apologize
tatu mata,held,2,zad.mat,zart,lizard
tatu mata,held,2,zad.mat,zarat,sow
tatu mata,held,2,zat.mad,zatad,march (foot)
tatu mika,held,2,das.mik,dasik,dice
tatu mika,held,2,das.mik,rasik,mash
tatu mika,held,2,daz.mik,raCik,velocity
tatu mika,held,2,sad.mig,salig,swell
tatu mika,held,2,sad.mix,slix,wish
tatu mika,held,2,sat.mik,stek,mistake
tatu mika,held,2,sat.mik,stik,stick (plant)
tatu mika,held,2,sat.mik,catik,apathy
tatu mika,held,2,tas.mik,tasik,lake
tatu mika,held,2,zat.mik,zatik,exotic
tatu mina,held,2,daz.min,dazin,dizzy
tatu mina,held,2,daz.min,razin,resin
tatu mina,held,2,sad.min,salin,silly
tatu mina,held,2,sad.min,sariq,sorry
tatu mina,held,2,sat.min,sten,stain
tatu mina,held,2,tas.min,tasmin,symptom
tatu mina,held,2,zat.min,zatin,anxiety
tatu mipa,held,2,das.mif,rasif,hover
tatu mipa,held,2,sad.mip,slip,sleep
tatu mipa,held,2,sat.mif,stef,safe
tatu mipa,held,2,sat.miv,stev,stay
tatu mita,held,2,das.mis,rasis,spray
tatu mita,held,2,das.mis,dasmis,dismiss
tatu mita,held,2,das.mit,lasit,hit (popular)
tatu mita,held,2,das.mit,rasit,rice
tatu mita,held,2,daz.mid,laCir,lather
tatu mita,held,2,daz.miz,daziz,disease
tatu mita,held,2,sad.mid,slid,swing
tatu mita,held,2,sad.mid,sadir,tidy
tatu mita,held,2,sad.mit,crit,threat
tatu mita,held,2,sad.mit,slet,slight
tatu mita,held,2,sad.mit,salet,insulate
tatu mita,held,2,sad.mit,sarit,tape
tatu mita,held,2,sad.miz,sliC,therefore
tatu mita,held,2,sad.miz,sriz,series
tatu mita,held,2,sat.mid,stil,still (motion)
tatu mita,held,2,sat.mit,stet,status
tatu mita,held,2,sat.mit,catmet,automate
tatu mita,held,2,tas.mit,tasit,tacit
tatu mita,held,2,zad.mid,Calil,dispicable
tatu muka,held,2,das.muk,dasuk,skid
tatu muka,held,2,sad.mug,crug,amphibian
tatu muka,held,2,sad.mug,slog,slug
tatu muka,held,2,sad.muk,slok,weak
tatu muka,held,2,sat.muj,stoj,storage
tatu muka,held,2,sat.muk,stok,stomach
tatu muna,held,2,das.mun,racon,wrath
tatu muna,held,2,sad.mun,cron,south
tatu muna,held,2,sad.mun,slun,soon
tatu muna,held,2,sad.mun,saloq,swallow
tatu muna,held,2,sat.mun,ston,stone
tatu muna,held,2,sat.mun,catun,atone
tatu mupa,held,2,daz.mup,lazup,candle
tatu mupa,held,2,sad.mup,crop,c sound
tatu mupa,held,2,sad.mup,slop,slope
tatu mupa,held,2,sad.mup,slup,swoop
tatu mupa,held,2,sat.mup,stup,stupid
tatu muta,held,2,das.mud,rasul,messenger
tatu muta,held,2,daz.mud,laCor,leather
tatu muta,held,2,daz.mud,raCor,rather
tatu muta,held,2,sad.mud,slur,my
tatu muta,held,2,sad.mus,cros,art
tatu muta,held,2,sad.mus,salos,cellulose
tatu muta,held,2,sad.mut,crut,puzzle
tatu muta,held,2,sat.mud,stud,sad
tatu muta,held,2,sat.mud,satol,subtle
tatu muta,held,2,zad.mut,zalot,grill
tatu nama,held,2,sad.nam,carn,ion
tatu nama,held,2,sad.nam,caram,revolution (society)
tatu nama,held,2,sat.nam,satam,sincere
tatu nama,held,2,zad.nam,zarn,alien
tatu nima,held,2,daz.nim,lazim,due
tatu nima,held,2,sad.nim,slim,submit
tatu nima,held,2,sat.nim,stim,steam
tatu nima,held,2,tas.nim,tasim,delineate
tatu nita,held,2,sad.nid,sarned,serenade
tatu numa,held,2,daz.num,razom,rhizome
tatu numa,held,2,sad.num,crum,through/tunnel
tatu numa,held,2,sad.num,slom,slow
tatu numa,held,2,sat.num,stom,install
tatu pama,held,2,zad.bam,zalb,fermion
tatu pama,held,2,zad.vam,Carv,forever
tatu pama,held,2,zad.vam,zalv,dissolve
tatu pana,held,2,sad.van,sarvan,entire
tatu pika,held,2,sad.vix,salvex,salvation
tatu pita,held,2,das.pit,daspet,dissipate
tatu puma,held,2,sad.vum,sarvom,swerve
tatu puta,held,2,das.pud,raspod,rasp
tatu tama,held,2,das.tam,last,last
tatu tama,held,2,das.tam,rast,rest (remainder)
tatu tama,held,2,sad.zam,sarz,feature
tatu tika,held,2,zad.zik,zalzek,marsh (land)
tatu tina,held,2,das.tin,dastin,disparity
tatu tuna,held,2,das.tun,raston,rust
tatu tuna,held,2,daz.dun,razdun,residue
tika kama,held,2,dik.xam,rikxam,reaction
tika kama,held,2,sik.xam,sekxam,section
tika kana,held,2,dik.xan,likxaq,mangle
tika kuta,held,2,zik.xud,zikxur,philosophy
tika maka,held,2,tig.mak,tegak,dare
tika mana,held,2,dig.man,regan,rag
tika mana,held,2,dig.man,rigan,rig
tika mana,held,2,dij.man,dijan,indecision
tika mana,held,2,dik.man,likan,liken
tika mana,held,2,dix.man,dixaq,boy/girl friend
tika mana,held,2,dix.man,lixaq,ideal
tika mana,held,2,tik.man,tekan,standard
tika mapa,held,2,dik.map,rikap,recap
tika mapa,held,2,zik.map,zikap,affinity
tika mata,held,2,dig.mad,rigal,wriggle
tika mata,held,2,dik.mad,dekal,palm
tika mata,held,2,dik.mad,rikar,require
tika mata,held,2,dik.mas,rekac,wreck
tika mata,held,2,sik.mad,sikad,cicada
tika mata,held,2,tik.mad,tikal,tickle
tika mata,held,2,zix.mad,zixal,least
tika mina,held,2,dig.min,regin,reign
tika mina,held,2,dik.min,diken,decay
tika mina,held,2,dix.min,rexin,zeal
tika mipa,held,2,dig.miv,rigiv,clod of earth
tika mipa,held,2,dik.miv,rekiv,ingredient
tika mita,held,2,dix.mit,rixet,net
tika mita,held,2,sik.mit,ciket,equate
tika mita,held,2,six.mit,sixet,satiate
tika mita,held,2,tik.mis,tekes,ceremony
tika muka,held,2,zik.muk,zikuk,flare
tika muna,held,2,dij.mun,rijon,origin
tika mupa,held,2,dik.mup,rikup,recoup
tika mupa,held,2,sik.muv,sikuv,refusal
tika muta,held,2,dig.mud,digor,dig
tika muta,held,2,dij.mud,dijor,relative
tika muta,held,2,dij.mud,lijur,leisure
tika muta,held,2,dik.mud,dikod,decode
tika muta,held,2,dik.mud,dikur,remembrance
tika muta,held,2,dik.mud,rikol,recoil
tika muta,held,2,dik.mud,rikur,recur
tika muta,held,2,dik.mus,dikos,cram
tika muta,held,2,dik.muz,rikuz,concentration
tika muta,held,2,dix.mut,rixut,permission
tika muta,held,2,sik.mut,sekut,execute
tika muta,held,2,tik.mud,tikol,tweak
tika nama,held,2,dik.nam,dikam,predicament
tika nama,held,2,sik.nam,cikam,rely
tika napa,held,2,dig.naf,dignaf,dignify
tika nata,held,2,dik.naz,reknaz,recognize
tika nika,held,2,tik.nik,teknik,technique
tika nipa,held,2,tik.niv,teknev,take off
tika numa,held,2,dix.num,rixum,record
tika taka,held,2,tik.tak,tiktak,tick (sound)
tika taka,held,2,zig.zag,zigzag,zigzag
tika tama,held,2,dig.zam,legz,leg
tika tita,held,2,tig.dis,tigris,tiger
tika tuka,held,2,dig.dug,liglug,ridicule
tika tuta,held,2,sig.duz,sigroC,cigarette
tima nata,held,2,dim.naz,dimaz,devise
tima nata,held,2,dim.naz,rimaz,revise
tima nata,held,2,sim.nad,semnar,seminar
tima nata,held,2,tim.nad,timad,timid
tima nita,held,2,dim.nit,remit,remit
tima nuka,held,2,dim.nux,dimnux,diminution
tima nupa,held,2,dim.nuv,rimuv,remove
tima nuta,held,2,dim.nut,dimot,demote
tima nuta,held,2,dim.nut,dimut,figure
tima nuta,held,2,dim.nut,rimot,remote (distance)
tima pama,held,2,dim.pam,limp,limp
tima pana,held,2,dim.ban,diman,demon
tima pana,held,2,sim.ban,seman,partial (semi-)
tima pana,held,2,sim.ban,simaq,seem
tima pata,held,2,dim.pad,dempal,extend
tima pata,held,2,dim.pat,limpat,smear
tima pata,held,2,sim.bad,sembal,resemble
tima pina,held,2,dim.bin,limeq,leeway
tima pina,held,2,dim.bin,rimen,remain
tima pina,held,2,tim.bin,timiq,teem
tima puna,held,2,dim.bun,dimon,imagination
tima puna,held,2,sim.bun,simun,indicate
tima puna,held,2,tim.pun,tempon,tempo
tima puta,held,2,dim.puz,dimpoz,decompose
tima puta,held,2,sim.bus,simbos,symbiosis
tima puta,held,2,tim.pud,tempur,temper
tima taka,held,2,dim.daj,dedj,appendage
tima taka,held,2,dim.daj,ledj,theory
tima taka,held,2,dim.dak,lirk,ratio
tima taka,held,2,dim.dak,didak,tick tock
tima taka,held,2,dim.dak,dilak,delectable
tima taka,held,2,dim.dak,dirak,direct (focus)
tima taka,held,2,dim.dak,redak,irradiate
tima taka,held,2,dim.tak,ditak,detect
tima taka,held,2,dim.tax,retx,rate (change)
tima taka,held,2,dim.tax,ritx,ring (math)
tima taka,held,2,sim.dak,cimrak,theme
tima taka,held,2,sim.sak,sisak,sex
tima taka,held,2,tim.tax,titx,teach
tima tama,held,2,dim.dam,did,deed
tima tama,held,2,dim.dam,lid,lead
tima tama,held,2,dim.dam,lil,boolean
tima tama,held,2,dim.dam,red,red
tima tama,held,2,dim.dam,rid,read
tima tama,held,2,dim.dam,ril,relation
tima tama,held,2,dim.tam,det,datetime stamp/instance in time
tima tama,held,2,dim.tam,lit,light
tima tama,held,2,dim.tam,ret,after
tima tama,held,2,dim.tam,rit,soil
tima tama,held,2,sim.zam,seC,etc.
tima tama,held,2,sim.zam,sez,sir
tima tama,held,2,sim.zam,siC,hush
tima tama,held,2,sim.zam,siz,peace
tima tama,held,2,tim.dam,tir,TRUE
tima tama,held,2,tim.tam,tet,signal
tima tama,held,2,zim.zam,Ciz,kaledoscope
tima tana,held,2,dim.dan,didaq,site
tima tana,held,2,dim.dan,dilan,dill
tima tana,held,2,dim.dan,lilaq,might
tima tana,held,2,dim.dan,ridaq,rid
tima tana,held,2,sim.zan,siCan,page
tima tana,held,2,sim.zan,sizan,season (period)
tima tana,held,2,tim.dan,tirn,tour
tima tapa,held,2,tim.daf,tiraf,prey
tima tatu,held,2,dim.daz,rilz,reel
tima tatu,held,2,dim.zat,rimzat,rim
tima tatu,held,2,sim.sad,cisal,thistle
tima tatu,held,2,sim.zad,sizal,sizzle
tima tatu,held,2,tim.das,tidas,tedious
tima tatu,held,2,tim.daz,tiraz,tear (cry)
tima tatu,held,2,zim.sat,zist,resist
tima tika,held,2,dim.dij,relij,religion
tima tika,held,2,dim.dik,direk,directory
tima tika,held,2,dim.dik,rilik,calendar
tima tika,held,2,dim.dik,ririk,rear
tima tika,held,2,sim.zig,siCig,seethe
tima tima,held,2,dim.dim,dilem,dilemma
tima tima,held,2,dim.dim,ridim,redeem
tima tima,held,2,sim.sim,sisim,fraction
tima tina,held,2,dim.din,dilen,delay
tima tina,held,2,dim.din,lirin,leer
tima tina,held,2,dim.din,redin,ready
tima tina,held,2,dim.din,reliq,rail
tima tina,held,2,dim.din,rilen,relay
tima tina,held,2,dim.tin,diten,detain
tima tina,held,2,dim.tin,retiq,rate
tima tina,held,2,sim.sin,sisen,easy-going
tima tina,held,2,sim.tin,simten,simultaenous
tima tina,held,2,tim.din,tiriq,tea
tima tipa,held,2,dim.dif,relif,relief
tima tita,held,2,dim.dis,rilis,release
tima tita,held,2,dim.sit,demsit,democracy
tima tuka,held,2,dim.duk,diduk,deduct
tima tuka,held,2,sim.suk,sisuk,conflict
tima tuka,held,2,tim.duk,tirok,slam
tima tuma,held,2,tim.dum,telom,abyss
tima tuma,held,2,zim.sum,zisum,pollute
tima tuma,held,2,zim.zum,zimzum,contraction
tima tuna,held,2,dim.dun,dilun,discuss
tima tuna,held,2,dim.dun,ridun,redo
tima tuna,held,2,tim.dun,telun,rail (track)
tima tuna,held,2,tim.dun,tiron,noob
tima tuta,held,2,dim.dus,didus,deduce
tima tuta,held,2,sim.zud,sizol,fringe
tima tuta,held,2,zim.zut,zizut,haste
tina kaku,held,2,din.kax,liqkax,relinquish
tina kama,held,2,din.kam,diqk,deny
tina kama,held,2,din.kam,reqk,rank
tina kama,held,2,din.kam,riqk,rhyme
tina kama,held,2,sin.kam,ciqk,think
tina kama,held,2,sin.kam,siqk,sink (down)
tina kama,held,2,zin.kam,zeqk,hand
tina kata,held,2,din.gad,deqgal,dangle
tina kata,held,2,din.gad,reqgal,wrangle
tina kata,held,2,tin.kad,tiqkal,twinkle
tina kata,held,2,tin.xad,tenxal,potential
tina kika,held,2,din.gix,leqgix,languish
tina kika,held,2,din.xik,linxik,temporary
tina kina,held,2,din.xin,rinxiq,ductile
tina kipa,held,2,zin.xip,zenxip,authentic
tina kita,held,2,sin.kit,siqket,syncopate
tina kita,held,2,tin.kit,teqket,tank (do bad)
tina kupa,held,2,din.guv,riqgov,wring
tina kuta,held,2,din.kud,riqkol,wrinkle
tina kuta,held,2,sin.xud,senxur,censure
tina kuta,held,2,tin.gud,teqgol,tangle
tina mana,held,2,din.man,renan,wren (bird)
tina mapa,held,2,sin.map,cinap,inept
tina mata,held,2,din.mad,linmar,courtesy
tina mata,held,2,sin.mat,senat,senate
tina mata,held,2,tin.mat,tinat,twin
tina mata,held,2,tin.mat,tinmat,tin
tina mika,held,2,din.mig,rineg,renege
tina mika,held,2,din.mix,renix,ray
tina mina,held,2,din.min,reniq,rein
tina mina,held,2,din.min,renmen,folk
tina mina,held,2,din.min,renmin,citizen
tina mita,held,2,sin.mid,senir,sane
tina mita,held,2,sin.mit,sinet,insinuate
tina muka,held,2,zin.muk,zinuk,dash (spurt)
tina muna,held,2,din.mun,riqoq,artificial
tina muta,held,2,din.mud,rinul,renew
tina muta,held,2,din.mus,rinos,rhinoceros
tina muta,held,2,din.mut,dinot,denote
tina muta,held,2,sin.mud,sinor,senior
tina pata,held,2,din.fat,linfat,lean (fat)
tina pima,held,2,din.bim,denim,responsible
tina tama,held,2,din.dam,rend,french r sound
tina tama,held,2,din.tam,lint,lint
tina tama,held,2,sin.sam,sinc,synthetic
tina tama,held,2,sin.tam,sent,saint
tina tama,held,2,sin.zam,senz,essence
tina tama,held,2,zin.zam,zeqzam,flounder
tina tana,held,2,din.dan,rendan,grace
tina tana,held,2,sin.tan,cintan,thin
tina tana,held,2,zin.dan,zindaq,oscillate
tina tapa,held,2,din.taf,lintaf,lynch
tina tatu,held,2,tin.das,tendas,tend (to tend to)
tina tika,held,2,din.sik,linsek,miserly
tina tika,held,2,zin.zik,zeqzik,integrity
tina tina,held,2,din.zin,renzen,earnest
tina tita,held,2,din.sit,linset,stingy
tina tita,held,2,din.zit,deqzit,stool
tina tita,held,2,tin.tis,tintec,tint
tina tita,held,2,zin.zit,zeqzit,politics
tina tuka,held,2,din.tuk,dentok,dent
tina tuna,held,2,din.dun,liqloq,exquisite
tina tuna,held,2,tin.tun,teqtoq,ache
tina tuna,held,2,zin.tun,zenton,monotone
tina tuta,held,2,din.sud,liqsul,nimble
tina tuta,held,2,din.zud,linzol,drip
tipa kita,held,2,dip.kit,depket,deprecate
tipa maka,held,2,dif.mak,difak,defy
tipa maka,held,2,dip.mak,dipak,kindle
tipa maka,held,2,div.mak,divak,glue
tipa maka,held,2,ziv.mak,zevak,sacrifice
tipa mana,held,2,dib.man,diban,slander
tipa mana,held,2,dif.man,rifan,refine
tipa mana,held,2,div.man,devan,hobby
tipa mana,held,2,div.man,divan,echo
tipa mana,held,2,sib.man,seban,say
tipa mana,held,2,sip.man,sipan,sip
tipa mapa,held,2,div.mav,revav,lot (amount)
tipa mapa,held,2,div.mav,rivav,revive
tipa mata,held,2,dib.mad,lebal,label/characterization
tipa mata,held,2,dib.mad,rebal,rebel
tipa mata,held,2,dib.mad,ribar,rebar
tipa mata,held,2,dib.mas,ribac,intermediate
tipa mata,held,2,dip.mad,lipar,leap
tipa mata,held,2,dip.mad,ripar,repair
tipa mata,held,2,dip.mas,ripas,fault
tipa mata,held,2,div.mad,divar,devour
tipa mata,held,2,div.mat,rivat,rivet
tipa mata,held,2,sip.mad,sipar,sweep
tipa mata,held,2,siv.mad,seval,civil
tipa mata,held,2,siv.mad,sivar,hypothesis
tipa mata,held,2,zif.mat,zifat,tar
tipa mika,held,2,div.mik,livik,evict
tipa mina,held,2,dif.min,difen,deify
tipa mina,held,2,div.min,reven,revenue
tipa mita,held,2,dib.mit,ribit,interest (banking)
tipa mita,held,2,dif.mis,difes,deface
tipa mita,held,2,div.mid,lived,evade
tipa mita,held,2,div.mid,revil,rival
tipa mita,held,2,div.mit,livet,alleviate
tipa mita,held,2,tif.mid,tefir,stitch
tipa muka,held,2,dib.muk,ribuk,rebuke
tipa muka,held,2,div.muk,rivok,revoke
tipa muka,held,2,sib.muk,sibuk,complication
tipa muna,held,2,dib.mun,ribon,rule (control)
tipa muna,held,2,div.mun,rivun,review
tipa muna,held,2,sip.mun,sipun,deck
tipa muna,held,2,tip.mun,tipun,case (law)
tipa muna,held,2,ziv.mun,zivon,style
tipa mupa,held,2,dip.mub,repub,republican
tipa muta,held,2,dib.mud,debol,dabble
tipa muta,held,2,dib.mud,debor,dab
tipa muta,held,2,dib.mud,lebor,labor
tipa muta,held,2,dif.mud,difor,defer
tipa muta,held,2,dif.mud,difur,differ
tipa muta,held,2,dif.mut,rifut,refute
tipa muta,held,2,dif.muz,rifuz,refuse
tipa muta,held,2,dip.mud,lepor,leporidae
tipa muta,held,2,dip.mud,ripol,ripple
tipa muta,held,2,dip.mut,reput,reputation
tipa muta,held,2,dip.mut,riput,repute
tipa muta,held,2,div.mus,divus,diverse
tipa muta,held,2,div.mut,divot,devote
tipa muta,held,2,sif.mud,cefur,stench
tipa muta,held,2,sip.mud,sipur,tale
tipa muta,held,2,siv.mud,sevor,savor
tipa muta,held,2,tip.mud,tepur,taper
tipa nama,held,2,siv.nam,sivam,service
tipa nika,held,2,sif.nik,sifnik,symphony
tipa numa,held,2,dif.num,rifom,reform
tipa taka,held,2,dib.dak,ribrak,rib
tipa tana,held,2,dib.dan,libran,library
tipa tapa,held,2,dif.tap,liftap,lift
tipa tupa,held,2,tif.tuf,tiftuf,trickle
tita kama,held,2,dis.kam,disk,discover
tita kama,held,2,dis.kam,risk,risk
tita kama,held,2,sid.jam,sedj,sage (person)
tita kama,held,2,sit.xam,sitx,second (time)
tita kama,held,2,zit.xam,zetx,1000
tita kana,held,2,sid.jan,sidjan,obsidian
tita kika,held,2,zid.jik,zidjek,direct (immediate)
tita kita,held,2,sit.xit,sitxet,situate
tita kuna,held,2,sid.jun,sedjun,sage (plant)
tita kuta,held,2,zid.jud,zidjul,sentience
tita maka,held,2,dis.mak,disak,dissect
tita maka,held,2,dis.max,risax,purchase
tita maka,held,2,diz.mak,dezak,daze
tita maka,held,2,diz.mak,riCak,sway
tita maka,held,2,sid.mak,silak,select
tita maka,held,2,sit.mak,cetak,pathetic
tita mana,held,2,sid.man,silan,seal (connect)
tita mana,held,2,tis.man,tesan,fig
tita mapa,held,2,dis.mab,disab,disable
tita mapa,held,2,dis.maf,disaf,decipher
tita mapa,held,2,dis.map,disap,disciple
tita mapa,held,2,sid.mab,silab,garment
tita mata,held,2,dis.mas,recas,recess
tita mata,held,2,dis.mat,lisat,elicit
tita mata,held,2,dis.mat,risat,reset
tita mata,held,2,diz.mad,dizar,desire
tita mata,held,2,diz.mad,rezal,wrestle
tita mata,held,2,sid.mad,sedar,cedar
tita mata,held,2,sid.mad,siral,cereal
tita mata,held,2,sid.mas,sidas,insidious
tita mata,held,2,sit.mad,citar,theater
tita mata,held,2,sit.mad,setar,satire
tita mata,held,2,sit.mad,sitar,city
tita mata,held,2,sit.mas,setas,cetacea
tita mata,held,2,tis.mad,tesal,tessellation
tita mata,held,2,zid.maz,ziraz,catalyze
tita mata,held,2,zit.mad,zital,stance
tita mika,held,2,sid.mik,sidik,astringent
tita mika,held,2,sid.mik,silek,torn
tita mina,held,2,dis.min,lesiq,lace
tita mina,held,2,dis.min,lisiq,lease
tita mina,held,2,diz.min,deziq,daisy
tita mina,held,2,diz.min,lezin,lazy
tita mina,held,2,diz.min,reCin,rage
tita mina,held,2,diz.min,reziq,raise
tita mina,held,2,sid.min,siliq,ceiling
tita mina,held,2,sid.min,siren,axle
tita mina,held,2,sit.min,setiq,setting
tita mipa,held,2,dis.miv,disiv,deceive
tita mita,held,2,dis.mid,risid,recede
tita mita,held,2,dis.mis,risis,sliver
tita mita,held,2,dis.mit,resit,race
tita mita,held,2,dis.miz,diseC,diss
tita mita,held,2,sid.mit,cilet,elate
tita mita,held,2,sid.mit,silit,silhouette
tita mita,held,2,sid.miz,sileC,seal
tita mita,held,2,sit.mid,sitir,slack
tita mita,held,2,zid.mit,ziret,factorial (math)
tita muka,held,2,dis.mux,risux,asset
tita muka,held,2,zid.muk,zirok,consume
tita muna,held,2,dis.mun,leson,lesson
tita mupa,held,2,dis.muv,resov,street
tita mupa,held,2,sid.mup,sirup,syrup
tita muta,held,2,diz.mud,reCur,irrational (number)
tita muta,held,2,diz.mud,rezor,razor (tool)
tita muta,held,2,diz.mud,rizod,reside
tita muta,held,2,sid.mut,silut,nightmare
tita muta,held,2,sid.mut,sirut,rent
tita muta,held,2,sid.muz,siroz,sear
tita muta,held,2,tiz.mud,teCur,tether
tita muta,held,2,tiz.mud,tizor,tease
tita nama,held,2,sid.nam,ciram,theorem
tita nama,held,2,zid.nam,zilam,xylem
tita nama,held,2,zid.nam,ziram,movement (political/etc.)
tita nima,held,2,dis.nim,lisem,bread
tita nita,held,2,dis.nit,disnet,disseminate
tita numa,held,2,diz.num,rizum,resume
tita pata,held,2,dis.pad,dispal,dispel
tita pata,held,2,dis.pad,dispar,disability
tita pata,held,2,dis.pat,dispat,despite
tita pata,held,2,dis.paz,dispaz,despise
tita pita,held,2,dis.pid,dispir,disappear
tita puta,held,2,dis.pus,lispus,lisp
tita puta,held,2,dis.put,disput,dispute
tita taka,held,2,diz.dak,rezrak,resurrect
tita tama,held,2,dis.tam,list,list
tita tama,held,2,sit.sam,cets,mole (measurement)
tita tama,held,2,tis.tam,test,taste
tita tika,held,2,dis.tik,ristik,restrict
tuka maka,held,2,tug.mak,tugak,ivory
tuka mana,held,2,duk.man,dokan,portrait
tuka mana,held,2,duk.man,dukan,suffer
tuka mana,held,2,duk.man,lokan,open space
tuka mapa,held,2,sux.mav,suxav,dear
tuka mata,held,2,duk.mat,lokmat,warfare
tuka mata,held,2,duk.mat,lukmat,look forward to
tuka mata,held,2,sux.mad,soxal,social
tuka mina,held,2,duk.min,rukmin,radiant
tuka mina,held,2,dux.min,duxiq,inert
tuka mina,held,2,dux.min,luxiq,popular
tuka mita,held,2,duk.mit,loket,locate
tuka muta,held,2,suk.mud,sokur,soak
tuka nama,held,2,duj.nam,dojam,marijuana
tuka nama,held,2,dux.nam,doxam,fertile
tuka nama,held,2,dux.nam,roxam,impression
tuka nama,held,2,sug.nam,sugam,convenient
tuka tama,held,2,sug.dam,cugram,gap
tuka tama,held,2,tuk.sam,toks,easy
tuka tuka,held,2,tuk.tuk,tuktuk,caribou
tuka tuka,held,2,tuk.tuk,tuktuk,caribou
tuka tuka,held,2,tuk.tuk,tuktuk,caribou
tuka tuta,held,2,tuk.sud,tuksul,flinch
tuka tuta,held,2,tuk.sud,tuksul,flinch
tuka tuta,held,2,tuk.sud,tuksul,flinch
tuma naka,held,2,dum.nag,rumag,room
tuma nata,held,2,dum.nad,romar,roam
tuma nita,held,2,dum.nit,lumet,loom
tuma nita,held,2,dum.nit,rumnet,ruminate
tuma numa,held,2,zum.num,zumom,plot
tuma nuta,held,2,dum.nud,rumor,rumor
tuma pama,held,2,dum.pam,domp,dump
tuma pana,held,2,dum.ban,luman,lumen (measurement)
tuma pata,held,2,dum.bat,lumbat,harass
tuma puna,held,2,dum.bun,dumun,doom
tuma taka,held,2,dum.dag,lorg,log (diary)
tuma taka,held,2,tum.tax,totx,attach
tuma tama,held,2,dum.dam,dor,door
tuma tama,held,2,dum.dam,dud,friend
tuma tama,held,2,dum.dam,dul,delete
tuma tama,held,2,dum.dam,lod,load
tuma tama,held,2,dum.dam,lor,lord
tuma tama,held,2,dum.dam,rol,cycle
tuma tama,held,2,dum.dam,rud,update
tuma tama,held,2,dum.dam,rul,rule (in system)
tuma tama,held,2,dum.tam,lot,lot (land)
tuma tama,held,2,dum.tam,rot,FALSE
tuma tama,held,2,sum.zam,soz,also
tuma tama,held,2,sum.zam,suC,three
tuma tama,held,2,tum.dam,tod,term
tuma tama,held,2,tum.dam,tor,before
tuma tama,held,2,tum.dam,tul,tool
tuma tama,held,2,tum.dam,tur,turf
tuma tama,held,2,zum.sam,zus,experience
tuma tama,held,2,zum.zam,Coz,except
tuma tama,held,2,zum.zam,zuz,converse (talk)
tuma tana,held,2,dum.dan,lorn,line
tuma tana,held,2,dum.dan,luran,lure
tuma tana,held,2,dum.dan,rodan,dictator
tuma tana,held,2,dum.tan,dotan,dote
tuma tana,held,2,sum.dan,sumran,sum (addition)
tuma tana,held,2,tum.dan,torn,turn
tuma tapa,held,2,dum.dav,dolv,deliver
tuma tapa,held,2,dum.dav,lurv,leave
tuma tapa,held,2,tum.dap,torp,interpolate
tuma tatu,held,2,dum.das,dors,desert
tuma tatu,held,2,dum.taz,rutz,race (event)
tuma tatu,held,2,sum.sad,susad,suicide
tuma tatu,held,2,sum.zad,suCal,weld
tuma tatu,held,2,zum.zad,zuzal,book
tuma tika,held,2,dum.dik,lulek,reed (plant)
tuma tina,held,2,dum.din,doriq,during
tuma tina,held,2,dum.din,rulin,ruin
tuma tina,held,2,dum.tin,dotiq,doting
tuma tina,held,2,dum.tin,rutin,routine
tuma tina,held,2,sum.zin,suCiq,sooth
tuma tipa,held,2,dum.div,duliv,dew
tuma tipa,held,2,dum.tiv,rotiv,sauce
tuma tita,held,2,dum.dis,doles,adolescent
tuma tita,held,2,dum.diz,duliz,duly
tuma tuka,held,2,sum.zuk,suzuk,bass (fish)
tuma tuna,held,2,tum.dun,tudoq,nudge
tuna kama,held,2,zun.kam,zuqk,z sound
tuna kina,held,2,tun.xin,toqxin,correspond
tuna kina,held,2,tun.xin,toqxin,correspond
tuna kina,held,2,tun.xin,toqxin,correspond
tuna kuma,held,2,dun.kum,lunkom,profile
tuna kuta,held,2,tun.kut,toqkut,anguish
tuna kuta,held,2,tun.kut,toqkut,anguish
tuna kuta,held,2,tun.kut,toqkut,anguish
tuna maka,held,2,dun.mak,doqak,animate
tuna maka,held,2,dun.mak,lonak,lone
tuna mana,held,2,dun.man,luqan,lung
tuna mana,held,2,sun.man,sunan,blank
tuna mata,held,2,dun.mad,lonal,loyal
tuna mata,held,2,tun.mad,tonar,tow
tuna mika,held,2,dun.mik,roqik,apt
tuna mita,held,2,dun.mit,donet,donate
tuna mita,held,2,sun.mit,sunit,neat
tuna pama,held,2,sun.bam,sonam,soy
tuna pata,held,2,dun.pat,dunpat,dune
tuna taka,held,2,zun.dak,zondak,crucial
tuna tama,held,2,dun.dam,rond,gnaw
tuna tana,held,2,tun.dan,toqlaq,flux
tuna tana,held,2,tun.dan,toqlaq,flux
tuna tana,held,2,tun.dan,toqlaq,flux
tuna tana,held,2,zun.dan,zonlaq,weight
tuna tina,held,2,dun.sin,lunsiq,lunacy
tuna tuta,held,2,zun.sud,zonsur,zone out
tupa kita,held,2,dup.kit,dupket,duplicate
tupa mana,held,2,dub.man,loban,boss
tupa mana,held,2,dup.man,dopan,dope
tupa mana,held,2,dup.man,rupaq,outward appearance
tupa mana,held,2,tuf.man,tufan,tuff (rock)
tupa mata,held,2,dub.mas,robas,robust
tupa mata,held,2,sup.maz,supmaz,supervise
tupa mika,held,2,dup.mik,dupik,dupe
tupa mina,held,2,duv.min,doven,dove (bird)
tupa mina,held,2,zuf.min,zofin,cipher
tupa mipa,held,2,tuf.mif,tofif,tap
tupa mita,held,2,suv.mit,covit,overheat
tupa muna,held,2,zup.mun,zupon,conceal
tupa muta,held,2,dub.mud,rubor,rubber
tupa tama,held,2,dup.sam,rups,10^39
tupa tana,held,2,dub.dan,roblan,robe
tupa tika,held,2,dub.dik,lubrik,lube
tupa tuka,held,2,suv.duk,covluk,overlook
tupa tuma,held,2,dup.sum,lupsum,bolt
tuta kama,held,2,dus.kam,dusk,across (trans-)/cross
tuta kama,held,2,dus.kam,rusk,vowel english r sound
tuta kama,held,2,sud.gam,sorg,recent
tuta kama,held,2,sut.xam,cutx,tooth
tuta kama,held,2,sut.xam,sutx,set (math)
tuta kata,held,2,sut.xat,sotxat,gleam
tuta kita,held,2,sud.git,surget,surrogate
tuta kita,held,2,sud.jid,sudjil,stochastic
tuta maka,held,2,sud.mak,sodak,soda
tuta maka,held,2,zud.mak,Cork,large C sound
tuta mana,held,2,sud.man,sorm,some
tuta mana,held,2,sud.man,solan,swollen
tuta mana,held,2,sud.man,soran,sour
tuta mana,held,2,sut.man,cotaq,rush
tuta mana,held,2,zud.man,zulaq,earn
tuta mapa,held,2,duz.maf,dozaf,doze
tuta mapa,held,2,sud.maf,sorf,surface
tuta mapa,held,2,sud.map,solp,swap
tuta mata,held,2,dus.mad,lusad,lucid
tuta mata,held,2,duz.mas,ruzas,ruse
tuta mata,held,2,sud.mad,sold,solid
tuta mata,held,2,sud.mad,codal,dye
tuta mata,held,2,sud.mat,corat,revolution
tuta mata,held,2,sud.maz,surmaz,surmise
tuta mata,held,2,sut.mas,sutas,soot
tuta mata,held,2,zud.mad,zord,exit
tuta mata,held,2,zud.mat,zolt,column
tuta mika,held,2,duz.mig,loCig,loathe
tuta mika,held,2,tus.mik,tusik,plover (bird)
tuta mina,held,2,sud.min,suliq,sew
tuta mipa,held,2,dus.miv,lusiv,elusive
tuta mita,held,2,zut.mit,zotet,eavesdrop
tuta muna,held,2,sud.mun,sudon,somewhat (pseudo-)
tuta muta,held,2,dus.mud,lusul,halogen
tuta muta,held,2,duz.mud,loCud,loath
tuta muta,held,2,duz.mut,ruzot,slim
tuta nama,held,2,sud.nam,corn,british o vowel sound
tuta nama,held,2,sud.nam,cornam,thorn
tuta nama,held,2,zud.nam,zorn,ear
tuta nipa,held,2,tus.niv,tucnev,set off
tuta nipa,held,2,tus.niv,tucnev,set off
tuta nipa,held,2,tus.niv,tucnev,set off
tuta pama,held,2,sud.bam,corb,distance (tele-)
tuta tama,held,2,dus.tam,rost,past (distance)
kaku mapa tama,held,3,kax.map.sam,haxaps,inspiration
kaku mata maka,held,3,kax.mad.mak,haxlak,implication
kaku mata mana,held,3,xak.mad.man,xakran,wheel
kaku mata mika,held,3,kax.mad.mix,haxrix,implant
kaku mata mita,held,3,xak.maz.mid,xakzir,restore
kaku mata nima,held,3,kax.mad.nim,haxlim,reconcile
kaku mita mana,held,3,xak.mid.man,xkidaq,persevere
kaku mita mana,held,3,xak.mid.man,xkilaq,consider
kaku mita mata,held,3,kax.mit.maz,haxitz,reproduce
kaku tima tama,held,3,kax.tim.dam,haxtil,transplant
kaku tima tama,held,3,xag.dim.dam,xagrir,envoy
kaku tuma tama,held,3,jak.tum.dam,jaktor,chat
kama kaku mata,held,3,kam.kax.mad,hakxar,imperishable
kama kaku mata,held,3,kam.kax.maz,hakxaz,actualize
kama kaku mipa,held,3,kam.kax.miv,hakxiv,esteem
kama kaku muna,held,3,kam.kax.mun,hakxun,auction
kama kama kama,held,3,kam.kam.kam,kakak,quack
kama kana mika,held,3,kam.gan.mix,kagnix,cognition
kama kana mika,held,3,kam.kan.mik,haknik,choke
kama kana mina,held,3,kam.kan.min,hakniq,subdue
kama kana mita,held,3,kam.gan.mid,hagnid,agony
kama kana mita,held,3,kam.gan.mit,kagnet,cognate
kama kana tama,held,3,kam.kan.tam,hakant,account
kama kapa mana,held,3,kam.kap.man,hakpan,occupy
kama kapa mata,held,3,kam.kab.mad,hakbar,mouse
kama kapa mita,held,3,kam.gab.mid,hagbir,boost
kama kapa mita,held,3,kam.kab.mid,hakbid,burden
kama kapa mita,held,3,kam.kav.mit,hakvet,activate
kama kapa mita,held,3,kam.kav.miz,hakveC,determinant (math)
kama kapa muta,held,3,kam.kab.mud,hakbod,hexapoda
kama kata maka,held,3,kam.gad.max,hagalx,agriculture
kama kata mana,held,3,kam.kas.man,haksan,axon
kama kata mapa,held,3,kam.kad.mav,hakrav,scorpion
kama kata mata,held,3,kam.gad.mat,hagrat,fee
kama kata mata,held,3,kam.kad.mad,hakrad,awkward
kama kata mata,held,3,kam.kad.mat,haklat,resolution
kama kata mata,held,3,kam.kas.mad,haksal,accelerate
kama kata mata,held,3,kam.kat.mad,haktad,tie
kama kata mata,held,3,kam.kat.mas,kaktas,cactus
kama kata mipa,held,3,kam.kad.miv,hakliv,staple (action)
kama kata mipa,held,3,kam.kat.miv,haktiv,activity
kama kata mita,held,3,kam.gad.mid,haglid,scar
kama kata mita,held,3,kam.kad.mit,hakret,accurate
kama kata mita,held,3,kam.kas.mid,haksid,exceed
kama kata mita,held,3,kam.kas.mis,hakses,access
kama kata muna,held,3,kam.kad.mun,hakrun,accrue
kama kata muta,held,3,kam.gad.mut,hagrot,hag
kama kata muta,held,3,kam.kad.mud,haklud,occlude
kama kata muta,held,3,kam.kas.mud,haksol,axel
kama kata muta,held,3,kam.kat.mud,haktor,act
kama kata nama,held,3,kam.gaz.nam,hagzam,exaggeration
kama kata nima,held,3,kam.gaz.nim,hagzim,exaggerate
kama kata nima,held,3,kam.kad.nim,haklem,acclaim
kama kata nima,held,3,kam.kas.nim,haksim,enchant
kama kata numa,held,3,kam.kas.num,haksom,axiom
kama kima kama,held,3,kam.kim.kam,hakik,engraving
kama kuta mata,held,3,kam.kud.mad,hakord,accord
kama nata mata,held,3,kam.nad.mas,kamars,commerce
kama nuta maka,held,3,kam.nud.max,kamorx,commercial (tv)
kama pana kama,held,3,kam.ban.kam,kamaqk,comma
kama pana tama,held,3,kam.ban.tam,hamant,amount
kama pina tama,held,3,kam.bin.tam,hament,amend
kama tima tama,held,3,kam.dim.dam,hamrid,instigate
kama tima tama,held,3,kam.dim.dam,kamdir,commandeer
kama tima tama,held,3,kam.tim.tam,hamtet,amputate
kana kama kama,held,3,kan.kam.kam,kankak,concoct
kana maka tama,held,3,kan.mak.sam,hanaks,annex
kana mana tama,held,3,kan.man.dam,hanand,bliss
kana mata mata,held,3,kan.mad.mat,hanart,inherit
kana mata mata,held,3,kan.mad.mat,kanart,con
kana mina mana,held,3,xan.min.man,xninan,wit
kana muta maka,held,3,kan.mud.max,hanorx,xnor
kana tama tama,held,3,jan.dam.tam,janrat,degenerate
kana tama tama,held,3,kan.dam.tam,hanlat,enlighten
kana tama tama,held,3,kan.tam.dam,hantal,entail
kana tama tama,held,3,xan.dam.dam,xaqdal,anticipate
kana tima tama,held,3,kan.dim.dam,handid,indeed
kana tima tama,held,3,kan.dim.tam,kandet,candidate
kana tima tama,held,3,kan.sim.sam,kanses,consist
kana tima tama,held,3,kan.tim.dam,hantil,until
kana tima tama,held,3,kan.tim.tam,kantit,quantity
kana tuma tama,held,3,kan.dum.dam,handur,endure
kana tuma tama,held,3,kan.dum.dam,hanrol,enroll
kana tuma tama,held,3,kan.tum.dam,kantor,counter
kapa maka mina,held,3,kav.mak.min,havkin,distinguish
kapa maka mita,held,3,kaf.max.mid,hafxir,thaw
kapa mapa mita,held,3,kaf.mab.mit,hafbet,alphabet
kapa mata maka,held,3,kav.mat.mak,havtak,ensure
kapa mata mana,held,3,kap.mad.man,haplan,apply
kapa mata mata,held,3,kaf.mas.mat,hafsat,offset
kapa mata mata,held,3,kap.mad.mas,haplas,helpless
kapa mata mata,held,3,kap.mad.mat,hapdat,expedite
kapa mata mata,held,3,kap.mad.mat,kaprat,copyright
kapa mata mata,held,3,kap.mad.maz,hapraz,oppose/against
kapa mata mata,held,3,xap.mad.mat,xaprat,shop
kapa mata mika,held,3,kaf.mad.mik,haflik,afflict
kapa mata mika,held,3,kap.mad.mik,kaprik,cap
kapa mata mita,held,3,kab.mas.mis,habses,obsess
kapa mata mita,held,3,kaf.mad.mid,hafrid,afford
kapa mata mita,held,3,kaf.mad.mit,haflet,affiliate
kapa mata mita,held,3,kap.mad.mit,hapret,operate
kapa mata mita,held,3,kap.mad.miz,haprez,appraise
kapa mata muta,held,3,kab.mat.mus,habtus,obtuse
kapa mata muta,held,3,kaf.mad.mut,haflot,discriminate
kapa mata muta,held,3,kap.mad.mut,haprut,uproot
kapa mika tama,held,3,kaf.mik.sam,hafiks,affix
kapa mina tama,held,3,kaf.min.dam,hafend,offend
kapa mina tama,held,3,kaf.min.zam,hafenz,offence
kapa mina tama,held,3,kap.min.dam,hapend,append
kapa mita mata,held,3,kaf.mit.maz,kafitz,coil
kapa mita mata,held,3,xab.mit.maz,xabitz,assign
kapa mita mata,held,3,xap.mit.maz,xapetz,renovate
kapa muna tama,held,3,kap.mun.tam,hapont,appoint
kapa muta mana,held,3,kaf.mud.man,haform,affirm
kapa muta mata,held,3,kab.mud.mat,habort,abort
kapa muta mata,held,3,kaf.mud.mat,hafort,effort
kapa muta mata,held,3,kav.mud.mat,havort,avert
kapa muta mata,held,3,xap.mud.mad,xapord,shepherd
kapa tama tama,held,3,kap.sam.zam,kapsaz,capsize
kapa tama tama,held,3,kap.tam.tam,haptat,appetite
kapa tima tama,held,3,kab.dim.dam,habrid,hybrid
kapa tima tama,held,3,kaf.tim.dam,haftir,exempt
kapa tima tama,held,3,kav.dim.tam,havlit,highlight
kapa tuma tama,held,3,gab.dum.dam,gabrod,gabbro
kapa tuma tama,held,3,kaf.tum.dam,kaftor,button
kapa tuma tama,held,3,kap.tum.dam,haptor,opt
kapa tuma tama,held,3,kap.tum.dam,haptud,aptitude
kata maka maka,held,3,kad.max.mak,harxak,conviction
kata maka mana,held,3,kad.max.man,kalxaq,oven
kata maka mata,held,3,kad.mak.mad,halkal,alcohol
kata maka mata,held,3,kad.mak.mad,kalkal,economy
kata maka mata,held,3,kas.mag.mad,hasgar,closure
kata maka mata,held,3,kat.mag.mad,hatgar,challenge
kata maka mika,held,3,kad.mak.mik,hadkik,repress
kata maka mika,held,3,kad.mak.mix,karkix,rattle
kata maka mika,held,3,kad.max.mik,kraxik,crush
kata maka mina,held,3,gad.max.min,galxiq,loud
kata maka mina,held,3,kad.mak.min,harkiq,hierarchy
kata maka mina,held,3,kad.max.min,hadxen,audition
kata maka mita,held,3,kad.mak.mid,harked,arcade
kata maka mita,held,3,kad.mak.mit,hadket,adequate
kata maka mita,held,3,kad.mak.mit,halket,allocate
kata maka mita,held,3,kaz.mak.mid,hazkir,remind
kata maka muna,held,3,kad.mak.mun,harkun,argue
kata maka muna,held,3,kad.mak.mun,kalkun,caulk
kata maka muna,held,3,kad.max.mun,klaxon,clash
kata maka muta,held,3,kad.mak.mud,krakol,crackle
kata maka nama,held,3,kad.max.nam,harxam,registration
kata maka nama,held,3,xad.max.nam,xalxam,lily
kata maka nima,held,3,kad.max.nim,harxim,impress
kata mana mata,held,3,gad.man.mat,granat,granite
kata mana mika,held,3,kad.man.mik,kranik,chronic
kata mana tama,held,3,gad.man.dam,gland,gland
kata mana tama,held,3,gad.man.dam,grand,grand
kata mana tama,held,3,kad.man.dam,haland,island
kata mana tama,held,3,kad.man.dam,harand,errand
kata mana tama,held,3,kad.man.zam,klanz,cleanse
kata mana tama,held,3,kat.man.dam,hatand,attend
kata mapa mana,held,3,kad.map.man,halpan,span
kata mapa mata,held,3,kad.mab.mas,krabac,crab
kata mapa mata,held,3,kad.maf.mas,karafs,celery
kata mapa mata,held,3,kad.maf.mat,harfat,artifact (museum object)
kata mapa mina,held,3,kad.map.min,halpen,help
kata mapa mita,held,3,gad.mab.mis,grabic,grab
kata mapa mita,held,3,kad.map.mit,karpit,carpet
kata mapa mita,held,3,kad.map.mit,klapit,clap
kata mapa mita,held,3,kad.map.miz,krapiz,crop (cut)
kata mapa mita,held,3,kat.mab.mid,hatbil,dip
kata mapa mita,held,3,xad.map.mis,yalpic,yelp
kata mapa muka,held,3,kad.map.mux,kalpox,kelp
kata mapa muna,held,3,gad.mab.mun,glabun,glob
kata mapa muna,held,3,kad.maf.mun,karfon,cuff
kata mapa muna,held,3,kat.mav.mun,katvun,cut back on
kata mapa muta,held,3,gad.map.mud,grapol,grapple
kata mapa muta,held,3,gad.mav.mud,gravol,grovel
kata mapa muta,held,3,kad.map.mus,karpuc,keep up with
kata mapa muta,held,3,kad.map.muz,krapoC,crop (food)
kata mapa muta,held,3,kat.mab.mus,hatbus,bus
kata mapa muta,held,3,kat.mav.mut,hatvot,outline
kata mapa tama,held,3,gad.maf.tam,graft,graft
kata mata kama,held,3,kad.mad.jam,haladj,allege
kata mata kama,held,3,kad.mas.kam,halask,ayahuasca
kata mata kama,held,3,kad.mat.xam,haratx,auroch
kata mata maka,held,3,kad.mad.mak,halark,luxury
kata mata maka,held,3,kad.mad.mak,klalak,curse
kata mata maka,held,3,kad.mas.mak,hadsak,displacement of water by submerged body
kata mata maka,held,3,kad.mat.maj,hartaj,heritage
kata mata maka,held,3,kad.mat.mak,hartak,architect
kata mata maka,held,3,kat.mad.mag,katlag,catalog
kata mata maka,held,3,kat.mad.mak,hatrak,attract
kata mata mana,held,3,kad.mas.man,karsaq,audience
kata mata mana,held,3,kad.mat.man,kartan,carton
kata mata mana,held,3,kat.maz.man,hatzan,cool (action)
kata mata mapa,held,3,gad.mas.map,grasap,grasshopper
kata mata mapa,held,3,kat.maz.mav,katzav,butcher
kata mata mata,held,3,kad.mas.mas,harcas,planet earth
kata mata mata,held,3,kas.mad.mad,kacard,coward
kata mata mata,held,3,kas.mad.mat,hasalt,assault
kata mata mata,held,3,kas.mad.mat,hasrat,film (video)
kata mata mata,held,3,kat.maz.mad,hatzal,shade
kata mata mata,held,3,kat.maz.mad,hatzar,declaration
kata mata mata,held,3,kat.maz.mat,hatzat,ignite
kata mata mata,held,3,kaz.mad.mat,kazalt,casualty
kata mata mika,held,3,kad.mad.mig,harlig,early
kata mata mika,held,3,kad.mas.mik,klasik,classic
kata mata mika,held,3,kad.mat.mik,kratik,critique
kata mata mika,held,3,kat.mad.mig,katrig,accuse
kata mata mika,held,3,xad.mad.mig,xadrig,upgrade
kata mata mika,held,3,xat.maz.mig,yatzig,represent
kata mata mina,held,3,gas.mad.min,gaslin,gasoline
kata mata mina,held,3,kad.mas.min,halciq,health
kata mata mina,held,3,kad.mat.min,hartiq,discourage
kata mata mina,held,3,xad.mad.min,xalren,villain
kata mata mipa,held,3,kat.mad.mib,hatrib,attribute
kata mata mita,held,3,gad.mad.mis,galric,gallery
kata mata mita,held,3,kad.mad.mis,hadres,address
kata mata mita,held,3,kad.mad.mit,hadret,hydrate
kata mata mita,held,3,kad.mas.mit,karset,incarcerate
kata mata mita,held,3,kad.maz.mit,klazet,closet
kata mata mita,held,3,kas.mad.mid,hasdir,resolve
kata mata mita,held,3,kas.mad.mit,haclit,athlete
kata mata mita,held,3,kat.mad.mid,hatrid,disturb
kata mata mita,held,3,kat.maz.mid,hatzid,parade
kata mata mita,held,3,kat.maz.mid,hatzir,hay
kata mata muka,held,3,kad.mad.mug,kralog,crawl
kata mata muka,held,3,kad.mas.muk,hadsuk,hat
kata mata muna,held,3,kad.mad.mun,hadron,hadron
kata mata muta,held,3,gad.mas.mus,grasuc,grass roots
kata mata muta,held,3,gad.mat.mud,gratud,gratitude
kata mata muta,held,3,kad.mad.mud,kladod,clod
kata mata muta,held,3,kad.mas.mud,kadsul,counsel
kata mata muta,held,3,kad.mas.mud,karsol,ankle
kata mata muta,held,3,kad.mat.mud,haltor,alter
kata mata muta,held,3,kad.mat.mud,haltur,moonlighting
kata mata muta,held,3,kad.mat.mud,klatur,clatter
kata mata muta,held,3,kad.mat.muz,kartoC,character (portray)
kata mata muta,held,3,kat.mad.mud,hatlod,outlaw
kata mata muta,held,3,kat.mad.muz,katloC,catalogue
kata mata nama,held,3,kas.mad.nam,hasram,ridiculous
kata mata nima,held,3,kas.mad.nim,haslim,escalate
kata mata numa,held,3,kat.maz.num,hatzum,petition
kata mata pama,held,3,gad.mas.pam,grasp,grasp
kata mata pama,held,3,kad.mas.pam,klasp,clasp
kata mata tama,held,3,kad.mas.tam,krast,annoint
kata mata tama,held,3,kad.mat.sam,harats,country
kata mika mata,held,3,gad.mig.mad,gligal,glee
kata mika mata,held,3,gad.mix.mad,glexar,glacier
kata mika mata,held,3,xad.mig.mad,xlegal,schlegel
kata mika mita,held,3,kad.mik.mit,kriket,cricket
kata mika muna,held,3,kad.mik.mun,krikun,creak
kata mika muta,held,3,xad.mik.mut,xlikut,mission
kata mina kama,held,3,xad.min.kam,xriqk,shrink
kata mina mana,held,3,gad.min.man,grinaq,grin
kata mina mata,held,3,kad.min.mat,krinat,buy
kata mina mina,held,3,gad.min.min,gliniq,glean
kata mina tama,held,3,kas.min.dam,hasend,ascend
kata mipa mana,held,3,kad.mif.man,klefan,clef
kata mipa mata,held,3,gad.mib.mas,gribas,grebe
kata mipa mita,held,3,kad.mib.mit,kribet,crib
kata mipa muta,held,3,kad.mip.mud,kripol,cripple
kata mita kama,held,3,kad.mid.jam,kaledj,college
kata mita maka,held,3,kad.mit.mak,kritak,diacritic
kata mita mana,held,3,gad.mid.man,gledan,glitter
kata mita mana,held,3,gad.mis.man,glisan,glisten
kata mita mapa,held,3,gad.mis.map,grisap,grease
kata mita mata,held,3,kad.mid.mat,krilat,frolic
kata mita mata,held,3,kad.mis.mat,krisat,collapse
kata mita mata,held,3,kad.mit.maz,haritz,tyrant
kata mita mata,held,3,kad.mit.maz,kaletz,rescue
kata mita mata,held,3,kad.mit.maz,karitz,slot
kata mita mata,held,3,xad.mid.mat,xredat,shred
kata mita mika,held,3,gad.mid.mig,gridig,greed
kata mita mika,held,3,kad.mit.mik,kritik,critic
kata mita mita,held,3,gad.miz.miz,gleziC,glaze
kata mita muna,held,3,kad.mid.mun,klidon,cotyledon
kata mita muta,held,3,kad.mid.mud,kredol,cradle
kata mita muta,held,3,kad.mit.mud,kretor,crater
kata mita tama,held,3,kad.mis.tam,krist,anoint
kata mita tama,held,3,kad.mis.tam,harest,arrest
kata mita tama,held,3,kat.mis.tam,hatest,attest
kata mita tama,held,3,xad.mis.tam,xadist,shroud
kata muna mata,held,3,gad.mun.mad,grunal,well (water)
kata muna mina,held,3,gad.mun.min,groniq,groan
kata muna mita,held,3,gad.mun.mit,gruqit,rung
kata muna tama,held,3,gad.mun.dam,grund,ground
kata mupa mata,held,3,kad.mub.mas,klubas,club (society)
kata mupa mipa,held,3,gad.muv.mib,gruvib,groove
kata mupa muta,held,3,gad.mup.mud,gropor,grope
kata muta kama,held,3,kad.mud.gam,halorg,allow
kata muta kama,held,3,kad.mut.xam,krutx,crouch
kata muta maka,held,3,kad.mud.mak,klolak,shoot
kata muta mata,held,3,kad.mud.mad,halord,award
kata muta mata,held,3,kad.mut.maz,klutz,pioneer
kata muta mata,held,3,kad.mut.maz,harutz,ravine
kata muta mata,held,3,xad.mut.maz,xarotz,infest
kata muta mika,held,3,gad.mud.mig,grolig,roll
kata muta mika,held,3,gad.mus.mig,glosig,gloss
kata muta mika,held,3,gad.mus.mig,glosig,gloss
kata muta mika,held,3,gad.muz.mik,grozik,eat up
kata muta mika,held,3,kad.muz.mig,kruzig,cruise
kata muta mina,held,3,kad.muz.min,kloCiq,clothing
kata muta muta,held,3,gad.mut.mud,glotor,gloat
kata muta muta,held,3,kad.muz.mus,kloCos,clothe
kata muta nama,held,3,kad.mud.nam,hadorn,adorn
kata muta pama,held,3,kad.mud.bam,krolb,unobstruct
kata muta tama,held,3,kad.mud.zam,hadorz,adore
kata nama nata,held,3,gad.nam.nad,gramar,grammar
kata nama pama,held,3,kad.nam.pam,klamp,clamp
kata nama pama,held,3,kad.nam.pam,kramp,cramp
kata nama pama,held,3,kas.nam.pam,hasamp,assemble
kata nima naka,held,3,gad.nim.nag,grimag,grimace
kata nima nama,held,3,kad.nim.nam,kalnin,colony
kata nima nita,held,3,kad.nim.nit,klimet,acclimate
kata nima nita,held,3,kad.nim.nit,krimet,cremate
kata nima nuta,held,3,kad.nim.nud,krimol,cream
kata numa naka,held,3,gad.num.nag,glumag,gloom
kata numa pana,held,3,gad.num.ban,gruman,groom
kika mapa mana,held,3,xik.mav.man,xikvan,level
kika mapa mata,held,3,kix.mav.mad,hixvar,supreme
kika mata nama,held,3,xik.mad.nam,xikdam,chic
kima kama kama,held,3,kim.gam.kam,kigak,beaver
kima kana mipa,held,3,kim.kan.miv,kiknev,kick off
kima kana muta,held,3,kim.gan.mus,hignus,igneous
kima kata mana,held,3,kim.gad.man,higlan,eagle (bird)
kima kata mata,held,3,kim.gaz.mad,hegzal,exhale
kima kata mata,held,3,kim.kad.mad,hiklar,equal
kima kata mata,held,3,kim.kad.mat,hekrat,acre
kima kata mata,held,3,kim.kas.mas,heksas,excess
kima kata mata,held,3,kim.kas.mat,heksat,excite
kima kata mupa,held,3,kim.gad.muf,higruf,fist
kima kata muta,held,3,kim.gad.mut,higlut,bed
kima kata muta,held,3,kim.gaz.mud,hegzud,exude
kima kata muta,held,3,kim.kas.mud,heksul,excel
kima kata numa,held,3,kim.gaz.num,hegzum,exhume
kima kuta nama,held,3,kim.kud.nam,hekorn,acorn
kima nata mata,held,3,kim.nad.mas,himars,immerse
kima tima tama,held,3,kim.tim.tam,himtet,imitate
kina tama tama,held,3,kin.dam.tam,hindat,indict
kina tama tama,held,3,xin.dam.dam,yiqral,linger
kina tima tama,held,3,kin.dim.dam,hendir,endear
kina tima tama,held,3,kin.sim.sam,hinsis,insist
kina tuma tama,held,3,kin.dum.dam,hendol,endow
kina tuma tama,held,3,kin.dum.dam,hindor,hinder
kina tuma tama,held,3,kin.tum.tam,hentot,entitle
kipa mata kama,held,3,giv.mad.jam,givadj,give away
kipa mata muta,held,3,gip.mad.mut,geprot,gape
kipa mata muta,held,3,kip.mad.muz,keproC,cape
kipa muta mata,held,3,kiv.mut.maz,kivutz,compress
kipa nima nama,held,3,kiv.nim.nam,hivniq,evening
kipa tama tama,held,3,xiv.dam.dam,xivral,shrivel
kita maka muna,held,3,kid.max.mun,kilxon,pitchfork
kita mapa nima,held,3,kis.maf.nim,kisfim,longing
kita mapa tama,held,3,kid.map.sam,hilaps,elapse
kita mata maka,held,3,kit.mad.mak,kitrak,kit
kita mata mana,held,3,kid.mad.man,hidlan,headline
kita mata mana,held,3,kid.mad.man,kidran,equation
kita mata mapa,held,3,kit.mad.map,hitrap,recover
kita mata mapa,held,3,kit.maz.maf,kitzaf,foam
kita mata mata,held,3,kid.mad.mas,hirdas,iridescence
kita mata mata,held,3,kid.mat.mas,hiltac,hesitate
kita mata mata,held,3,kis.mad.mad,hecral,ethereal
kita mata mina,held,3,kid.mad.min,hedriq,aid
kita mata mita,held,3,xit.maz.mid,yetzir,instinct
kita mata muna,held,3,kit.maz.mun,kitzon,external
kita mata mupa,held,3,kit.maz.mub,kitzub,ration
kita mata mupa,held,3,kit.maz.muv,hitzuv,design
kita mata numa,held,3,kit.maz.num,hitzum,climax
kita muta mata,held,3,kid.mut.maz,hilutz,constrain
kuka mana tama,held,3,kux.man.tam,koxant,quotient (division)
kuka mata mita,held,3,xuk.mad.mid,yuklid,euclidean
kuma kama kama,held,3,kum.gam.kam,kugak,swan
kuma kata mata,held,3,kum.kas.mat,koksat,coax
kuma kata mipa,held,3,kum.kas.mip,hoksip,hoax
kuma kata mita,held,3,kum.kaz.mit,kokzit,coxeter
kuma kata muka,held,3,kum.kas.muk,huksuk,blubber
kuma kima kama,held,3,kum.kim.kam,hokek,length
kuma nata nama,held,3,kum.nad.nam,komarn,comb (hair)
kuma pina tama,held,3,kum.bin.dam,komind,commend
kuma tima tama,held,3,kum.dim.tam,humlet,humiliate
kuma tima tama,held,3,kum.dim.tam,kumlet,accumulate
kuna mana mipa,held,3,kun.man.miv,hoqnev,hold off
kuna tama tama,held,3,jun.dam.dam,junral,general
kuna tama tama,held,3,jun.tam.dam,jontal,gentle
kuna tama tama,held,3,kun.dam.dam,kundal,bowl
kuna tama tama,held,3,xun.tam.tam,xuntat,shun
kuna tima tama,held,3,kun.dim.tam,hunlit,wedding
kupa maka mana,held,3,kuv.mak.man,huvkan,diagnose
kupa maka mata,held,3,kuv.max.mad,hovxad,overshadow
kupa mata mana,held,3,kub.mat.man,hubtan,obtain
kupa mata mata,held,3,kup.mad.mat,huprat,upright
kupa mata mita,held,3,kup.mad.mis,hopres,oppress
kupa mata muka,held,3,xub.mat.muk,xubtuk,slump
kupa muta nama,held,3,kuf.mud.nam,huforn,hoof
kuta maka mana,held,3,kud.mak.man,kurkan,cook
kuta maka mata,held,3,kud.mak.maz,korkaz,cork
kuta maka mata,held,3,xud.mak.mad,yulkal,pleasant
kuta maka mina,held,3,xud.max.min,yolxiq,tangible
kuta maka mipa,held,3,xud.max.mip,xolxip,punctual
kuta maka mita,held,3,kud.mak.mit,kolket,collocate
kuta maka muta,held,3,kud.mak.mud,kurkul,curriculum
kuta maka muta,held,3,xud.max.mud,yolxur,outstanding
kuta mana tama,held,3,kud.man.tam,kurant,current (recent)
kuta mapa mana,held,3,gud.map.man,golpan,gulp
kuta mapa mana,held,3,kud.maf.man,horfan,orphan
kuta mapa mata,held,3,kud.maf.mad,horfad,horrify
kuta mapa muta,held,3,kud.maf.mus,kurfus,cringe
kuta mata maka,held,3,kus.mad.mak,hocrak,oath
kuta mata mana,held,3,kud.mad.man,kuldan,cool
kuta mata mana,held,3,xud.mad.man,yoldan,merit
kuta mata mata,held,3,kud.mad.mat,kordat,cord
kuta mata mata,held,3,kud.mat.mad,kurtal,curtail
kuta mata mata,held,3,kus.mad.mat,kusrat,cuss
kuta mata mata,held,3,xud.mad.mad,xoldal,receipt
kuta mata mika,held,3,kud.mad.mig,horlig,hurl
kuta mata mika,held,3,xud.mad.mik,xolrik,show up
kuta mata mina,held,3,kud.mad.min,horden,ordain
kuta mata mina,held,3,kud.mas.min,korsiq,currency
kuta mata mina,held,3,kud.mat.min,kurten,curtain
kuta mata mita,held,3,kud.mad.mit,korlet,correlate
kuta mata muna,held,3,kud.mas.mun,korson,cursor
kuta mata mupa,held,3,kud.mas.muf,kursuf,artichoke
kuta mata muta,held,3,kud.mad.mud,hurdor,hood (cover)
kuta mata muta,held,3,kut.mad.mut,hotrut,oat
kuta mata muta,held,3,xud.mad.mud,xulrul,debilitate
kuta mata tama,held,3,kud.mas.tam,holast,last (staying)
kuta mata tama,held,3,kud.mas.tam,hurast,heuristic
kuta mita kama,held,3,kud.mid.jam,koredj,courage
kuta muta mapa,held,3,xus.mud.map,yusorp,usurp
kuta muta tama,held,3,kud.mud.zam,kodorz,coerce
kuta tama tama,held,3,kus.tam.dam,hostar,hoist
maka mata mata,held,3,mak.mad.mas,maklas,refugee
maka mita tama,held,3,mag.mit.sam,magets,iron
mana mapa muta,held,3,man.mab.mud,mambol,mumble
mana tama tama,held,3,man.dam.dam,mandal,round
mana tuma tama,held,3,man.dum.dam,mandor,meander
mana tuma tama,held,3,man.dum.dam,wandor,wonder
mata kama kama,held,3,mat.kam.kam,matkak,paddle
mata maka mana,held,3,mad.mak.man,markan,mark
mata maka muta,held,3,mad.mak.mus,warkus,oak
mata maka muta,held,3,mad.max.mud,marxol,marshal
mata mapa mana,held,3,mad.maf.man,madfan,modify
mata mapa mina,held,3,mat.mab.min,matben,coin
mata mapa muta,held,3,mad.map.mut,warpot,warp
mata mata kama,held,3,mas.mad.gam,masarg,expensive
mata mata kama,held,3,mas.mad.jam,masadj,massage
mata mata mata,held,3,mad.mat.mad,waltal,coat
mata mata mata,held,3,mas.mad.mat,masart,massacre
mata mata mata,held,3,mat.maz.mat,matzat,cracker
mata mata mika,held,3,mat.mad.mik,matrik,metric
mata mata mina,held,3,mad.mas.min,madsin,medicine
mata mata mina,held,3,mad.mat.min,wartiq,warranty
mata mata mita,held,3,mad.mad.mit,madret,moderate
mata mata muka,held,3,mat.maz.muk,matzuk,distress
mata mata muna,held,3,mad.mad.mun,wadrun,wad
mata mata mupa,held,3,mad.mas.mup,marsup,marsupial
mata mata muta,held,3,mad.mat.mud,martol,mettle
mata mata muta,held,3,mad.mat.mud,martor,martyr
mata mata muta,held,3,maz.mas.mud,waCsul,bay
mata mita tama,held,3,mad.mis.tam,madist,modest
mata muta kama,held,3,mad.mud.jam,marodj,marry (wed)
mata muta kama,held,3,mad.mus.kam,malosk,mollusk
mata tama tama,held,3,mad.zam.sam,marzas,mars
mata tuma tama,held,3,mas.tum.dam,mastur,muster
mika mana tama,held,3,mik.man.dam,wekand,wack
mika mata maka,held,3,mik.mad.max,mikdax,temple
mika mata mana,held,3,mik.mad.man,mikran,mechanical
mika mata mana,held,3,mik.maz.man,wikzaq,disguise
mika mata mata,held,3,mix.mad.mad,mixdal,transmission
mika mata mika,held,3,mik.mad.mik,mekrik,make up
mika mata muta,held,3,mik.maz.mud,mikzur,recycle
mika tama tama,held,3,mig.dam.dam,migdal,tower
mika tama tama,held,3,mix.tam.dam,mixtar,regulate
mina mapa muta,held,3,min.map.mud,wimpur,whimper
mina mata mata,held,3,min.mad.maz,memraz,memorize
mina tama tama,held,3,min.dam.dam,minral,mineral
mina tama tama,held,3,min.tam.dam,wintar,winter
mina tuma tama,held,3,min.dum.dam,wenrol,tender
mina tuma tama,held,3,min.dum.dam,windol,window
mina tuma tama,held,3,min.tum.dam,mentur,mentor
mipa mata maka,held,3,mif.mad.mak,mifrak,joint (biology)
mipa mata mata,held,3,mip.mad.maz,wipraz,cry
mipa tama tama,held,3,mib.dam.tam,webrat,web
mita maka mita,held,3,mid.mak.mit,medket,medicate
mita maka nama,held,3,mid.mak.nam,mirkam,texture
mita maka nama,held,3,mid.max.nam,mirxam,recipe
mita mapa mata,held,3,miz.mav.mad,mizvad,luggage
mita mata maka,held,3,mid.mad.mag,wedrag,wade
mita mata maka,held,3,mid.mad.max,midrax,interpret
mita mata mana,held,3,mid.mad.man,medlaq,meddle
mita mata mata,held,3,mid.mad.mat,mirdat,spare
mita mata mata,held,3,mis.mad.mad,wicral,withdraw
mita mata mita,held,3,mis.mad.mid,mislid,mislead
mita mata muta,held,3,mid.mad.mud,wildur,bewilder
mita mata muta,held,3,mis.mad.mut,misrut,loyalty
mita mata muta,held,3,mit.maz.mud,mitzud,fortress
mita muta mata,held,3,mis.mud.mad,wicold,withhold
mita tama tama,held,3,miz.dam.dam,miClar,mediate
mita tima tama,held,3,mis.tim.tam,westit,waste
muna mata mata,held,3,mun.mad.mat,momart,momentum
muna mata mita,held,3,mun.mad.mit,momret,commemorate
muna mina tama,held,3,mun.min.tam,moment,moment
muta maka mata,held,3,mud.mak.mas,murkas,mercury
muta mana tama,held,3,mut.man.tam,motant,mutant
muta mapa maka,held,3,mud.map.mak,morpak,mope
muta mapa mita,held,3,mut.mav.mit,motvet,motivate
muta mapa muta,held,3,mud.maf.muz,morfoz,metamorphosis
muta mata mana,held,3,mut.mad.man,motran,moat
muta mata mata,held,3,mud.mat.mad,mortal,mortal
muta mata mika,held,3,mud.mad.mig,wurlig,whirl
muta mata mita,held,3,mut.mad.mit,mutlet,mutilate
muta mata muta,held,3,mud.mad.mud,mordur,murder
muta mata muta,held,3,mud.mad.mus,moldos,mold (bacteria)
muta mata muta,held,3,mud.mat.mud,mortor,mortar
muta mata nama,held,3,mud.mad.nam,modarn,modern
muta mina tama,held,3,mud.min.tam,worint,warrant
muta nama nama,held,3,mud.nam.nam,mornaq,mourn
muta nima nama,held,3,mud.nim.nam,morniq,morning
muta tama tama,held,3,mus.tam.dam,mustal,mustelidae
naka tima tama,held,3,nag.dim.tam,nagret,inaugurate
naka tima tama,held,3,nak.tim.dam,naktir,exhaust
napa muta tama,held,3,naf.mut.sam,nafots,widespread
nata mata mana,held,3,nat.mad.man,natran,sodium
nata mata mata,held,3,nat.mad.mad,natral,natural
nata mata mata,held,3,nat.maz.mad,natzal,exploit
nata mata mika,held,3,nad.mat.mik,nartik,vagina
nika mata muta,held,3,nik.mad.mut,nekdot,anecdote
nika tama tama,held,3,nik.tam.dam,nektar,nectar
nima nama nama,held,3,nim.nam.nam,nimnan,depression
nima tuma tama,held,3,nim.tum.dam,nimtul,clay
nipa mata kama,held,3,nip.mat.xam,nipatx,nip
nipa mata muta,held,3,nif.mad.mus,nefros,kidney
nipa mata tama,held,3,niv.mas.tam,nivast,invest
nipa muta mata,held,3,nip.mut.maz,niputz,smashing
nita maka mana,held,3,nid.max.man,nirxan,inertia
nita maka mata,held,3,niz.mak.mad,nizkar,remember suddenly after having forgotten
nita maka nama,held,3,nid.mak.nam,nilkam,wage war
nita maka tama,held,3,nid.mak.sam,nilaks,lux (measurement)
nita mapa mita,held,3,nis.mab.mit,nisbet,proportion
nita mata mata,held,3,nis.mas.mat,niscat,anesthetize
nita mata muta,held,3,nit.maz.mud,nitzul,usage
nuka mata mita,held,3,nuk.mad.mit,nuklit,ursidae
numa naka mita,held,3,num.nax.mit,nunxet,annunciate
numa nama nama,held,3,num.nam.nam,nunan,none
numa tima tama,held,3,num.dim.tam,numret,enumerate
nupa muta mata,held,3,nub.mud.mad,nobold,noble
nuta maka nama,held,3,nud.mak.nam,nolkam,nook
nuta mata mana,held,3,nut.mad.man,nutlan,newt
nuta mata mina,held,3,nud.mad.min,nolrin,area
nuta mata mita,held,3,nut.mad.miz,nutriC,nutrition
paka mata maka,held,3,bak.mad.max,baklax,backwash
paka mata mina,held,3,vak.mad.min,vakrin,crooked
paka mata mipa,held,3,pak.maz.miv,pakziv,disappoint
paka mata mita,held,3,pak.mad.mis,paklis,populate
paka tuma tama,held,3,fak.sum.zam,faksoC,fax
paka tuma tama,held,3,pak.tum.dam,paktor,pact
pama pama pama,held,3,pam.pam.pam,papap,pop
pama pata mata,held,3,bam.pat.maz,baptaz,baptize
pama pata mata,held,3,pam.pad.mad,paplar,poplar
pana kuma kama,held,3,fan.gum.kam,faqguk,foul
pana pima pama,held,3,fan.fim.vam,fanfev,fan (favorite)
pana tama tama,held,3,fan.dam.dam,fandal,magnify
pana tima tama,held,3,pan.tim.tam,pantit,punt
pana tuma tama,held,3,ban.tum.dam,bantur,banter
pana tuma tama,held,3,fan.dum.dam,faqdud,demeanor
pana tuma tama,held,3,pan.dum.dam,pandor,pander
papu mata maka,held,3,pav.mat.mak,pavtak,secure
papu mata mita,held,3,vap.mad.mit,vapret,evaporate
papu nima nama,held,3,paf.nim.nam,pafnin,modulate
papu tima tama,held,3,pav.dim.dam,pavrir,ventilate
pata maka maka,held,3,pad.maj.mak,prajak,project (task)
pata maka mana,held,3,bad.mag.man,blagan,mess
pata maka mana,held,3,bad.mak.man,badkan,prank
pata maka mana,held,3,fad.mak.man,falkan,falcon
pata maka mana,held,3,pad.mak.man,prakan,procyonidae
pata maka mika,held,3,fad.max.mik,flaxik,flashy
pata maka mina,held,3,bad.mag.min,blagiq,blog
pata maka mita,held,3,bad.mak.mid,barked,barricade
pata maka mita,held,3,bad.mak.miz,barkiz,bark (dog)
pata maka mita,held,3,fad.mak.mis,farkis,squirm
pata maka mita,held,3,pad.mak.mit,parket,park (place)
pata maka mita,held,3,paz.mak.mid,pazkir,cite
pata maka muka,held,3,bad.mak.muk,barkuk,plum
pata maka muna,held,3,vad.max.mun,varxon,variation
pata maka mupa,held,3,bad.mak.muv,barkuv,barbecue
pata maka muta,held,3,bad.mag.mud,bragod,brag
pata maka muta,held,3,pad.max.mut,parxut,parachute
pata mana mana,held,3,fad.man.man,flanaq,flaw
pata mana mana,held,3,vad.man.man,vranan,sore
pata mana mina,held,3,pad.man.min,pranin,sentient
pata mana mita,held,3,bad.man.mit,blanit,blah
pata mana pima,held,3,pad.man.bim,planim,cheap
pata mana tama,held,3,bad.man.dam,bland,blend
pata mana tama,held,3,bad.man.dam,brand,brand (business)
pata mana tama,held,3,fad.man.tam,flant,flaunt
pata mana tama,held,3,pad.man.tam,plant,plant
pata mana tama,held,3,pat.man.tam,patant,patent
pata mana tama,held,3,vad.man.tam,vrant,vibrant
pata mapa maka,held,3,pas.maf.mag,pasfag,pacify
pata mapa mana,held,3,bad.mab.man,blabaq,blab
pata mapa mana,held,3,fad.map.man,flapan,flap
pata mapa mapa,held,3,pad.mav.mab,pravab,proverb
pata mapa mata,held,3,bad.mab.mat,brabat,bribe
pata mapa mata,held,3,bad.maf.mad,balfal,erupt
pata mapa mata,held,3,pas.mab.mad,pasbal,possible
pata mapa mita,held,3,fad.maf.mid,falfil,fulfil
pata mapa mita,held,3,fad.map.mid,farpir,twitch
pata mapa mita,held,3,pad.map.mid,parpil,obscure
pata mapa muka,held,3,pad.map.muj,prapoj,propulsion
pata mapa muna,held,3,pad.map.mun,prapon,prop (setting)
pata mapa muta,held,3,fad.mab.muz,flaboz,flab
pata mapa muta,held,3,pad.mab.mud,prabol,parabola
pata mapa muta,held,3,pad.map.mud,prapor,proper
pata mapa muta,held,3,pad.map.muz,prapoz,propose
pata mapa numa,held,3,pad.maf.num,parfum,perfume
pata mata mana,held,3,bad.mat.man,baltan,belt
pata mata mana,held,3,bat.mad.man,batran,butter
pata mata mana,held,3,fad.mas.man,falsan,file (sand)
pata mata mana,held,3,pad.mad.man,pradaq,prod
pata mata mana,held,3,pad.mad.man,pralaq,parallel
pata mata mapa,held,3,pad.mat.mab,platab,palatable
pata mata mata,held,3,bad.mad.mad,baldar,reciprocate
pata mata mata,held,3,bad.mad.mat,bralt,brittle
pata mata mata,held,3,bad.mas.mad,brasal,tend (I tend to)
pata mata mata,held,3,bas.mad.mat,basalt,basalt
pata mata mata,held,3,bat.mad.mas,batras,buttress
pata mata mata,held,3,pad.mad.mat,plalat,plow
pata mata mata,held,3,pad.mad.maz,parlaz,paralyze
pata mata mata,held,3,vad.mad.mat,vardat,elevate
pata mata mata,held,3,vat.mad.maz,vatlaz,revitalize
pata mata mika,held,3,bad.mad.mik,baldik,cousin
pata mata mika,held,3,bat.mad.mik,batrik,battery
pata mata mika,held,3,pad.mat.mik,partek,partake
pata mata mika,held,3,pad.mat.mik,platik,plight
pata mata mika,held,3,vad.mad.mik,vardik,verdict
pata mata mina,held,3,bad.mad.min,baldiq,building
pata mata mina,held,3,bad.mat.min,baltin,title
pata mata mina,held,3,pad.mad.min,pardiq,parody
pata mata mina,held,3,pad.mad.min,parleq,parley
pata mata mina,held,3,pad.mas.min,palsiq,policy
pata mata mina,held,3,pad.mas.min,parsiq,parse
pata mata mipa,held,3,pad.mas.miv,palsiv,repulsive
pata mata mita,held,3,fad.mas.mit,falsit,fallacy
pata mata mita,held,3,pad.mas.mis,parsis,persist
pata mata mita,held,3,pad.mas.mit,palset,pulsate
pata mata mita,held,3,pad.mat.mid,paltir,improvise
pata mata mita,held,3,vad.mad.mit,valdet,validate
pata mata mita,held,3,vad.mat.mid,valtir,volunteer
pata mata mita,held,3,vat.maz.mid,vatzir,reinforce
pata mata muka,held,3,pad.mad.muk,pradok,product
pata mata muna,held,3,pad.mas.mun,palson,pulse
pata mata muna,held,3,pad.mas.mun,parson,personal
pata mata muna,held,3,pad.mat.mun,platon,plateau
pata mata muna,held,3,pas.mad.mun,pacrun,pass through
pata mata mupa,held,3,pad.mat.mup,paltop,polytope
pata mata mupa,held,3,vad.mat.muv,valtov,vault
pata mata muta,held,3,bad.mad.mut,barlot,ballot
pata mata muta,held,3,bad.mat.mud,bartur,barter
pata mata muta,held,3,bad.mat.muz,blatuz,blot
pata mata muta,held,3,bad.maz.mud,braCor,brother
pata mata muta,held,3,fad.mad.mud,fladur,flatter
pata mata muta,held,3,fad.mat.mud,faltor,falter
pata mata muta,held,3,fat.maz.mut,fatzot,compensate
pata mata muta,held,3,pat.mad.mud,patrol,patrol
pata mata muta,held,3,pat.mad.muz,patruz,pat
pata mata muta,held,3,paz.mat.mud,paztor,repository
pata mata nama,held,3,fas.mad.nam,faslam,bean (vegetable)
pata mata nima,held,3,bad.mas.nim,barsim,alfalfa (vegetable)
pata mata nima,held,3,fad.mas.nim,farsim,publish
pata mata numa,held,3,bad.mas.num,blasum,blossom
pata mata numa,held,3,pad.mad.num,pladum,ply
pata mata tama,held,3,bad.mad.zam,bradz,brass
pata mata tama,held,3,bad.mas.tam,blast,blast
pata mika mata,held,3,bad.mik.mad,brekal,breccia
pata mika mata,held,3,bad.mik.mad,brikar,break (short time)
pata mika mata,held,3,pad.mik.mat,prikat,predicate
pata mika mata,held,3,pad.mik.maz,prikaC,prick
pata mika mita,held,3,fad.mik.miz,flekiC,flake
pata mika mita,held,3,pad.mik.mit,pleket,placate
pata mika mita,held,3,pad.mik.mit,pliket,implicate
pata mika mita,held,3,pad.mix.mit,prixet,appreciate
pata mika muka,held,3,pad.mik.mux,prikux,percussion
pata mika muta,held,3,bad.mig.mud,bligur,beleaguer
pata mika muta,held,3,fad.mik.mut,flikot,flick
pata mika muta,held,3,pad.mix.mut,prixut,asceticism
pata mina kama,held,3,bad.min.kam,bliqk,blink
pata mina maka,held,3,pad.min.mak,prinak,grant
pata mina mata,held,3,pad.min.mad,pliqal,plea
pata mina mika,held,3,pad.min.mix,plenix,replenish
pata mina mina,held,3,pad.min.min,priniq,preen
pata mina muta,held,3,pad.min.mud,prinur,entrepreneur
pata mina tama,held,3,pad.min.tam,prent,apparent
pata mina tama,held,3,pad.min.tam,print,print
pata mipa mata,held,3,fad.mib.mad,flebar,ebb
pata mipa mata,held,3,pad.mip.mad,pripar,prepare
pata mipa mata,held,3,pad.miv.mad,prival,prevail
pata mipa mita,held,3,bad.miv.mit,brivet,abbreviate
pata mipa muta,held,3,fad.mib.mud,flibur,flea
pata mipa muta,held,3,pad.miv.mud,privul,preview
pata mita kama,held,3,bad.mid.jam,bridj,bridge
pata mita kama,held,3,bad.mit.xam,britx,breach
pata mita kama,held,3,fad.mit.xam,fretx,foot (measurement)
pata mita kama,held,3,vad.mit.xam,vritx,spider
pata mita maka,held,3,fad.mit.mak,fretak,fret
pata mita mana,held,3,bad.miz.man,blizan,belligerent
pata mita mana,held,3,bad.miz.man,briCan,breath
pata mita mana,held,3,fad.mid.man,flidan,flee
pata mita mata,held,3,bad.mis.mad,brisal,bristle
pata mita mata,held,3,pad.mid.mat,prilat,busy
pata mita mata,held,3,pad.mis.mas,prisas,precise
pata mita mata,held,3,pad.miz.mad,prizad,preside
pata mita mika,held,3,bad.mis.mig,bresig,brace
pata mita mika,held,3,bad.mit.mik,bretik,brat
pata mita mika,held,3,pad.mid.mik,pridik,predict
pata mita mina,held,3,bad.mid.min,bridiq,breed
pata mita mina,held,3,fad.mid.min,freliq,fray
pata mita mina,held,3,fad.mis.min,flesiq,flay
pata mita mina,held,3,fad.mit.min,flitiq,fleeting
pata mita mina,held,3,fad.miz.min,freCin,frost
pata mita mipa,held,3,fad.mit.mip,fretip,fret (get upset)
pata mita muna,held,3,bad.mid.mun,brilon,embryo
pata mita muna,held,3,pad.miz.mun,prizon,imprison
pata mita muta,held,3,pad.mid.mut,plelut,lute
pata mita nama,held,3,pad.mid.nam,prilam,beloved
pata mita numa,held,3,pad.mit.num,pritum,broad
pata mita numa,held,3,pad.miz.num,prizum,presume
pata mita tama,held,3,bad.mis.tam,brest,breast
pata muka mata,held,3,fad.mug.mat,flogat,flog
pata muka mipa,held,3,pad.muk.mib,prohib,prohibit
pata muka muta,held,3,pad.muk.mud,prokur,procure
pata muka nima,held,3,fad.mug.nim,flogem,phloem
pata muna mipa,held,3,pad.mun.mif,prunif,prune
pata mupa maka,held,3,pad.muv.max,provax,profession
pata mupa mata,held,3,fad.mup.mad,flopad,pod (flower)
pata mupa mata,held,3,pad.muv.mas,provas,profess
pata mupa mita,held,3,pad.muv.miz,proviz,provision
pata mupa tama,held,3,vad.muf.tam,vruft,bracket
pata muta maka,held,3,bad.mut.mak,blotak,bloat
pata muta maka,held,3,pad.mut.mak,protak,protect
pata muta mana,held,3,fad.mut.man,flutan,flute
pata muta mana,held,3,pad.mud.man,prolaq,prolong
pata muta mata,held,3,bad.mud.mat,blort,blurt
pata muta mata,held,3,pad.mut.mas,plutas,pluto
pata muta mika,held,3,bad.mud.mig,brudig,brood
pata muta mika,held,3,bad.mud.mik,brulik,brew
pata muta mika,held,3,fad.mud.mix,florix,flourish
pata muta mina,held,3,bad.muz.min,bloCiq,bleed
pata muta muta,held,3,pad.mud.mus,produs,produce
pata muta nama,held,3,fat.mud.nam,fatorn,factory
pata muta numa,held,3,pad.mut.num,protom,proto
pata nama nata,held,3,vad.nam.nat,vramat,stop
pata nama nita,held,3,pad.nam.nis,pramis,promise
pata nama nita,held,3,pad.nam.nit,plamet,plummet
pata nama nita,held,3,pad.nam.nit,pramet,primate
pata nama nuta,held,3,pad.nam.nut,pramot,promote
pata nama pama,held,3,pad.nam.pam,plamp,plump
pata nama pama,held,3,pad.nam.pam,pramp,prompt (message)
pata nima nata,held,3,bad.nim.nad,blimal,bill (beak)
pata nima nika,held,3,bad.nim.nix,blemix,blemish
pata numa naka,held,3,pad.num.naj,plumaj,fluff
pata numa nuta,held,3,bad.num.nud,brumor,remember
pata numa pana,held,3,fad.num.ban,fluman,butterfly
pata numa pana,held,3,pad.num.ban,pruman,pomegranate
pata numa tama,held,3,pad.num.zam,promz,pass
pata tama tama,held,3,pas.tam.dam,pastal,pastel
pata tima tama,held,3,fas.tim.tam,fastet,facilitate
pika mana mana,held,3,bix.man.man,bixmam,horrible
pika mata nama,held,3,vik.mad.nam,vikram,pace
pika muta mata,held,3,big.mud.mad,bigord,go ahead
pika tama tama,held,3,vik.tam.dam,vektar,vector (math)
pima pata mata,held,3,fim.vad.mat,fevrat,favorite
pina kama kama,held,3,vin.kam.kam,vinkak,lemming
pina mata tama,held,3,pin.mas.tam,pinast,grind
pina mina kama,held,3,pin.min.kam,peniqk,ink
pina tama tama,held,3,bin.tam.dam,bintal,morbid
pina tama tama,held,3,pin.dam.tam,penrat,pen
pina tama tama,held,3,vin.tam.dam,vental,eventual
pina tima tama,held,3,vin.dim.tam,venret,venerate
pina tuma tama,held,3,bin.tum.dam,bentul,continent
pina tuma tama,held,3,fin.dum.dam,fendul,struggle
pita maka mata,held,3,bid.mak.mad,bilkad,hardly
pita mana tama,held,3,fiz.man.tam,fezant,pheasant
pita mana tama,held,3,piz.man.tam,pezant,peasant
pita mapa mana,held,3,bid.map.man,bilpan,betray
pita mapa mata,held,3,pid.maf.mad,pilfar,pilfer
pita mapa mata,held,3,pid.map.mad,pilpal,pepper
pita mapa mita,held,3,fid.maf.mid,filfil,pepper (vegetable)
pita mata kama,held,3,pid.mad.jam,piladj,pillage
pita mata kama,held,3,vid.mad.jam,viladj,village
pita mata mana,held,3,pit.mad.man,petran,patron
pita mata mana,held,3,pit.maz.man,pitzan,injury
pita mata mana,held,3,vid.mad.man,viralm,overwhelm
pita mata mapa,held,3,pit.mad.maf,petraf,petrify
pita mata mata,held,3,bis.mad.mad,besral,panic
pita mata mata,held,3,pid.mad.mad,pedral,pedal
pita mata mata,held,3,pid.mad.mad,pelard,steel
pita mata mata,held,3,pid.mat.maz,piratz,gush
pita mata mina,held,3,pid.mat.min,pirten,pertain
pita mata mita,held,3,fid.mad.mit,fedret,federate
pita mata mita,held,3,pit.mad.mit,pitlet,capitulate
pita mata mita,held,3,vis.mad.mit,visret,vociferate
pita mata muta,held,3,pit.maz.mud,pitzul,fragment
pita mata numa,held,3,pid.mas.num,pirsum,publication
pita mita kama,held,3,bid.mit.xam,biletx,bewitch
pita mita kama,held,3,bis.mid.jam,bisidj,besiege
pita muta mata,held,3,bis.mud.mad,bisold,behold
pita tama tama,held,3,fiz.dam.tam,fiClat,violin
pita tama tama,held,3,pis.tam.dam,pestal,pedestal
pita tuma tama,held,3,bis.tum.dam,bistol,bestow
pita tuma tama,held,3,pis.tum.dam,pestor,pester
puka mata mana,held,3,puk.mad.man,poklaq,pretty
puka mata muta,held,3,fux.mad.mud,foxdol,foreshadow
puma pana tama,held,3,fum.ban.tam,fomant,foment
puna mina tama,held,3,pun.min.tam,ponent,component
pupa mika tama,held,3,puv.mik.sam,puveks,vex
puta kuma kama,held,3,fud.gum.kam,forgok,forgo
puta maka mana,held,3,vud.mak.man,volkan,volcano
puta maka mata,held,3,bud.mak.mat,bolkat,boycott
puta maka mata,held,3,pud.mak.mat,porkat,pork
puta maka mupa,held,3,fud.mak.muv,forkov,fork
puta maka muta,held,3,vud.max.mud,vorxol,virtual
puta mana tama,held,3,bud.man.tam,bolant,buoyant
puta mana tama,held,3,bud.man.zam,budanz,abundant
puta mana tama,held,3,put.man.tam,potant,impotent
puta mapa mana,held,3,pud.map.man,porpan,porcupine
puta mapa mita,held,3,fud.maf.mid,folfil,fulfill
puta mapa mita,held,3,pud.maf.mit,purfet,perforate
puta mapa mita,held,3,vud.map.mis,vulpes,fox
puta mapa muta,held,3,pud.map.muz,purpoz,purpose
puta mata maka,held,3,vud.mat.mak,vortak,vortex
puta mata mana,held,3,bud.mad.man,bordan,board
puta mata mata,held,3,fud.mad.mad,fordal,ford
puta mata mata,held,3,fud.mad.mas,folras,fill in
puta mata mata,held,3,pud.mas.mad,porsad,persuade
puta mata mata,held,3,pud.mat.mad,portal,portal
puta mata mata,held,3,vud.mat.maz,vortaz,advertise
puta mata mika,held,3,vus.mad.mik,vucrik,catch up
puta mata mina,held,3,bud.mad.min,borliq,burly
puta mata mina,held,3,pud.mas.min,porsin,suidae
puta mata mina,held,3,put.mad.min,potreq,portray
puta mata mita,held,3,fud.mas.miz,forsiC,foresee
puta mata muna,held,3,bud.mad.mun,boldoq,fluctuate
puta mata muna,held,3,pud.mat.mun,portun,opportune
puta mata mupa,held,3,pud.mat.mub,portub,perturbation
puta mata muta,held,3,fud.mas.mud,folsur,fill out
puta mata muta,held,3,vud.mad.mud,voldor,folder
puta mita kama,held,3,fud.mid.jam,foledj,foliage
puta nama nama,held,3,fud.nam.nam,furnaq,fern
puta tama tama,held,3,fus.tam.tam,fostat,foist
puta tuma tama,held,3,pus.tum.dam,postud,post (in the ground)
taka maka mata,held,3,tax.mak.mad,txakal,chuckle
taka maka mata,held,3,zak.mag.mad,zakgal,lousy
taka maka mina,held,3,daj.mak.min,djakin,jockey
taka maka mina,held,3,tax.mak.min,txakin,chuck
taka maka mita,held,3,daj.mag.mid,djaged,jagged
taka maka mita,held,3,daj.mak.miz,djakiz,jack (take)
taka maka muta,held,3,daj.mag.mud,djagol,juggle
taka maka muta,held,3,daj.mak.mud,djakur,jack (tire)
taka maka muta,held,3,tax.mag.mut,txagut,chug
taka mana kama,held,3,daj.man.kam,djaqk,junk
taka mana mana,held,3,tax.man.man,txanaq,prospect
taka mana mana,held,3,tax.man.man,txaqan,reimburse
taka mana mika,held,3,tax.man.mik,txanik,migrate
taka mana mina,held,3,daj.man.min,djaqiq,stiff
taka mana mita,held,3,sak.man.mit,skanit,scan
taka mana muka,held,3,tax.man.muk,txanuk,confess
taka mana tama,held,3,tax.man.tam,txant,chant
taka mapa mata,held,3,daj.mav.mat,djavat,jive
taka mapa mata,held,3,sak.maf.mad,skafad,scoff
taka mapa mina,held,3,tax.mab.min,txabeq,differential
taka mapa mita,held,3,dak.mab.mid,dakbil,bill (bird)
taka mapa mita,held,3,tax.mab.mit,txabit,chub
taka mapa muta,held,3,sak.mab.mut,skabut,scab
taka mata kama,held,3,daj.mad.jam,djadj,judge
taka mata maka,held,3,sak.mad.mak,skalk,skulk
taka mata mana,held,3,sak.mad.man,sakran,intrigue
taka mata mana,held,3,tax.mad.man,txarm,item
taka mata mana,held,3,tax.mad.man,txadan,menu
taka mata mana,held,3,zak.mad.man,zaklan,beard
taka mata mapa,held,3,sak.mad.map,skalp,sculpt
taka mata mata,held,3,daj.mad.mas,djaras,run into
taka mata mata,held,3,daj.mat.mat,djatat,jut
taka mata mata,held,3,sak.mad.mas,skars,scarce
taka mata mata,held,3,tax.mad.mad,txalal,material
taka mata mata,held,3,tax.mad.mat,txart,chart
taka mata mata,held,3,tax.mad.mat,txalat,traverse
taka mata mika,held,3,sag.mas.mig,sagsig,prosper
taka mata mika,held,3,sak.mat.mig,skateg,squat
taka mata mipa,held,3,dax.mad.miv,laxliv,lush
taka mata mipa,held,3,tak.maz.miv,takziv,budget
taka mata mipa,held,3,tax.mad.miv,txadiv,chide
taka mata mita,held,3,daj.mad.mit,djaret,gyrate
taka mata mita,held,3,sak.mad.mit,sakrit,secrete
taka mata mita,held,3,tak.mad.mit,takrit,incident
taka mata muka,held,3,daj.mad.muk,djaluk,educate
taka mata muna,held,3,daj.mad.mun,djalun,exchange
taka mata muna,held,3,tax.mad.mun,txaloq,admit
taka mata muta,held,3,daj.mad.mud,djarul,jowl
taka mata muta,held,3,daj.mas.mud,djasol,jostle
taka mata muta,held,3,daj.mas.mud,djasor,thick
taka mata muta,held,3,dak.mad.mud,laklod,lock
taka mata muta,held,3,sak.mad.mud,saklud,seclude
taka mata muta,held,3,sak.mad.mud,skalod,scowl
taka mata muta,held,3,sak.mat.mud,skatul,scuttle
taka mata nima,held,3,daj.mad.nim,djalem,gel
taka mata nima,held,3,tak.mad.nim,takrim,respect (object)
taka mata numa,held,3,daj.mas.num,djasum,burn
taka mata numa,held,3,tax.mad.num,txalum,tide
taka mata tama,held,3,daj.mas.tam,djast,gesture
taka mika mana,held,3,tax.mik.man,txikan,chicken
taka mika mana,held,3,tax.mik.man,txikan,chicken
taka mika mana,held,3,tax.mik.man,txikan,chicken
taka mika mata,held,3,daj.mik.mad,djikad,strive
taka mika mata,held,3,tax.mig.mad,txigar,odd
taka mika mata,held,3,tax.mig.mad,txigar,odd
taka mika mata,held,3,tax.mig.mad,txigar,odd
taka mika mata,held,3,tax.mik.mad,txikar,shrill
taka mika mata,held,3,tax.mik.mad,txikar,shrill
taka mika mata,held,3,tax.mik.mad,txikar,shrill
taka mika mika,held,3,daj.mix.mik,djixik,diet
taka mika mipa,held,3,tax.mix.mib,txixib,bias
taka mika muta,held,3,tax.mik.mut,txekut,garage
taka mika nama,held,3,tax.mig.nam,txigam,strange
taka mika nama,held,3,tax.mig.nam,txigam,strange
taka mika nama,held,3,tax.mig.nam,txigam,strange
taka mika nama,held,3,tax.mix.nam,txixam,charity
taka mina kama,held,3,tax.min.kam,txiqk,tick (step)
taka mina mata,held,3,tax.min.mad,txiqal,jiggle
taka mina mata,held,3,tax.min.mad,txiqal,jiggle
taka mina mata,held,3,tax.min.mad,txiqal,jiggle
taka mina mika,held,3,tax.min.mik,txiqek,mild
taka mina mika,held,3,tax.min.mik,txiqek,mild
taka mina mika,held,3,tax.min.mik,txiqek,mild
taka mina mina,held,3,sak.min.min,skiniq,ski
taka mina tama,held,3,sak.min.tam,skint,squint
taka mipa maka,held,3,tax.mif.mak,txefak,deficient
taka mipa mata,held,3,tax.mib.mad,txebal,reassure
taka mipa mita,held,3,tax.mib.mit,txibit,pungent
taka mipa mita,held,3,tax.mib.mit,txibit,pungent
taka mipa mita,held,3,tax.mib.mit,txibit,pungent
taka mipa muka,held,3,tax.mif.mug,txifug,undulate
taka mipa muta,held,3,tax.mip.mud,txipur,chipper
taka mipa muta,held,3,tax.mip.mud,txipur,chipper
taka mipa muta,held,3,tax.mip.mud,txipur,chipper
taka mita kama,held,3,sak.mit.xam,skitx,switch
taka mita maka,held,3,tax.mid.mak,txirak,cherry
taka mita maka,held,3,tax.mit.mak,txitak,cheat
taka mita maka,held,3,tax.mit.mak,txitak,cheat
taka mita maka,held,3,tax.mit.mak,txitak,cheat
taka mita mana,held,3,tax.mid.man,txedan,defect
taka mita mana,held,3,tax.mis.man,txesan,chasten
taka mita mata,held,3,daj.mid.mas,djelas,jail
taka mita mata,held,3,sak.mid.mad,skelar,scalar (math)
taka mita mata,held,3,sak.mit.mad,sketar,skate
taka mita mata,held,3,tax.mid.mad,txidal,equator
taka mita mata,held,3,tax.mid.mad,txidal,equator
taka mita mata,held,3,tax.mid.mad,txidal,equator
taka mita mata,held,3,tax.mid.mad,txiral,moreover
taka mita mika,held,3,daj.mid.mig,djirig,jeer
taka mita mika,held,3,tax.mid.mik,txedik,thorough
taka mita mika,held,3,tax.mid.mik,txirik,cheer up
taka mita mina,held,3,sak.mid.min,skilin,squeal
taka mita mita,held,3,tax.miz.mit,txizit,resign
taka mita muka,held,3,tax.mid.muk,txiluk,strategy
taka mita muna,held,3,daj.mid.mun,djedun,jade
taka mita muna,held,3,tax.mid.mun,txilun,gear
taka mita mupa,held,3,tax.mis.mup,txisop,climate
taka mita muta,held,3,tax.mid.mud,txilor,minor
taka mita muta,held,3,tax.mid.mud,txirul,flimsy
taka mita muta,held,3,tax.mis.mud,txesul,mastermind
taka mita tama,held,3,daj.mis.tam,djist,gist
taka muka mana,held,3,tax.mug.man,txugan,supervisor
taka muna mika,held,3,daj.mun.mik,djonik,journey
taka muna mita,held,3,tax.mun.mid,txonil,seat
taka muna mita,held,3,tax.mun.mid,txunil,originality
taka muna muta,held,3,tax.mun.mud,txoqul,pet
taka muna tama,held,3,daj.mun.tam,djont,joint
taka mupa mata,held,3,daj.mub.mat,djubat,bar
taka mupa mata,held,3,daj.muv.mas,djuvas,swift
taka mupa mata,held,3,tax.mub.mad,txubal,rowdy
taka mupa mika,held,3,tax.mub.mik,txubek,reserve
taka mupa mina,held,3,daj.muf.min,djufen,entangle
taka mupa mina,held,3,tax.muf.min,txufin,differentiate
taka muta mana,held,3,daj.mud.man,djulan,joule
taka muta mana,held,3,tax.mus.man,txusan,perspire
taka muta mapa,held,3,daj.mud.map,djudap,enormous
taka muta mata,held,3,sak.mud.mad,skoral,squirrel
taka muta mata,held,3,sak.mud.mat,sakort,saw (cut)
taka muta mata,held,3,tax.mud.mad,txudal,channel
taka muta mata,held,3,tax.mud.mat,txodat,incite
taka muta mika,held,3,tax.mud.mik,txulik,dispose
taka muta mina,held,3,sak.mud.min,skoriq,scurry
taka muta mina,held,3,tax.mud.min,txudiq,ascertain
taka muta mita,held,3,daj.mud.mit,djorit,jury
taka muta mita,held,3,tax.mud.mit,txudet,acquire
taka muta muka,held,3,daj.mud.muk,djulok,dimple
taka muta muka,held,3,tax.mud.muk,txulok,flood
taka muta muka,held,3,tax.mus.muk,txusuk,retrieve
taka muta muna,held,3,daj.mut.mun,djotoq,traffic
taka muta muna,held,3,sak.muz.mun,skoCun,opinion
taka muta mupa,held,3,tax.mud.mup,txulup,rude
taka muta muta,held,3,tax.mud.mud,txolul,excellence
taka muta nama,held,3,sak.mud.nam,skorn,scorn
taka muta nima,held,3,tax.mus.nim,txusim,trend
taka nama nuka,held,3,sak.nam.nuk,skamok,scum (muck)
taka nama pama,held,3,daj.nam.pam,djamp,jump
taka nama pama,held,3,sak.nam.pam,skamp,swamp
taka nima nata,held,3,daj.nim.nad,djimal,lash
taka numa nika,held,3,tax.num.nik,txumik,spring (water)
taka tuma tama,held,3,tag.dum.dam,taglor,tug
tama naka muna,held,3,sam.nag.mun,smagon,smug
tama nata kama,held,3,sam.nad.jam,smadj,smudge
tama nata maka,held,3,sam.nad.mak,smark,smirk
tama nata mata,held,3,sam.nad.mat,smart,smart
tama nata mika,held,3,sam.nat.mik,smatik,smite
tama nata muta,held,3,sam.naz.mud,smaCur,smother
tama nika muta,held,3,sam.nig.mud,smegol,smuggle
tama nita mata,held,3,sam.nid.mat,smilt,mile
tama nita mina,held,3,sam.nit.min,smitin,reminiscient
tama nuta mata,held,3,sam.nud.mat,samolt,simultaneous
tama nuta mika,held,3,sam.nuz.mig,smuCig,smooth
tama pana tama,held,3,dam.ban.dam,damand,diamond
tama pana tama,held,3,dam.ban.tam,lamant,lament
tama taka mana,held,3,dam.dag.man,dragan,dragon
tama taka mana,held,3,dam.dag.man,largan,layer
tama taka mapa,held,3,dam.tax.map,ratxap,rite
tama taka mata,held,3,tam.dag.mat,targat,interrogate
tama taka mika,held,3,dam.dax.mik,lalxik,old-fashioned
tama taka mina,held,3,tam.dax.min,talxin,defiant
tama taka mipa,held,3,dam.daj.mip,ladjip,garbage
tama taka mita,held,3,dam.dag.mit,dalget,delegate
tama taka mita,held,3,dam.dag.mit,ralget,relegate
tama taka mita,held,3,dam.daj.mid,ladjil,litter
tama taka mita,held,3,dam.dak.mis,dalkes,delicacy
tama taka mita,held,3,dam.dak.mit,dalket,delicate
tama taka mita,held,3,dam.dak.mit,radket,eradicate
tama taka mita,held,3,tam.dag.mid,targil,exercise
tama taka mita,held,3,tam.dak.miz,tarkiz,concentrate
tama taka nama,held,3,dam.dax.nam,darxam,philosophical system
tama taka nama,held,3,dam.tax.nam,latxam,latch
tama taka nama,held,3,tam.dak.nam,tarkam,speculation
tama taka nima,held,3,tam.dag.nim,talgim,dodge
tama taka nima,held,3,tam.dax.nim,tarxim,sketch
tama taka numa,held,3,tam.dag.num,targum,translation
tama tama napa,held,3,tam.dam.nap,tramap,trauma
tama tama pana,held,3,dam.dam.ban,draman,drama
tama tama taka,held,3,dam.dam.dak,dadlak,deadlock
tama tama taka,held,3,dam.dam.taj,lartaj,let down
tama tama taka,held,3,tam.dam.daj,tradj,trudge
tama tama tama,held,3,dam.dam.tam,dalat,suck
tama tama tama,held,3,dam.dam.tam,darat,mote
tama tama tama,held,3,sam.dam.dam,samlar,shock
tama tama tama,held,3,sam.sam.zam,sasaC,hone
tama tama tama,held,3,tam.dam.dam,tarad,cod (fish)
tama tama tama,held,3,tam.dam.dam,tamlal,transcribe
tama tama tama,held,3,zam.dam.dam,zamrar,fright
tama tama tatu,held,3,dam.dam.tas,lartas,let in
tama tama tika,held,3,dam.dam.tik,dartik,dart
tama tama tika,held,3,dam.tam.dik,ratrik,rhetoric
tama tama tika,held,3,tam.dam.dig,tardig,tardigrada
tama tama tika,held,3,tam.dam.dig,tarlig,twirl
tama tama tika,held,3,tam.dam.dik,tradik,contradict
tama tama tima,held,3,tam.dam.dim,tardim,hibernation
tama tama tuka,held,3,dam.dam.tuk,laltuk,corny
tama tama tuna,held,3,tam.dam.tun,tartuq,tart
tama tama tuna,held,3,tam.dam.tun,tartuq,tart
tama tama tuta,held,3,dam.dam.dus,draduc,put up with
tama tama tuta,held,3,dam.tam.tus,rattus,rattus
tama tama tuta,held,3,tam.dam.dus,tardus,thrush (bird)
tama tana mina,held,3,dam.tan.min,latniq,lightning
tama tana mita,held,3,dam.tan.mit,datnet,detonate
tama tana mita,held,3,sam.san.mit,sasnet,assassinate
tama tana tama,held,3,tam.dan.zam,tranz,transform
tama tapa mana,held,3,dam.daf.man,darfan,dwarf
tama tapa mana,held,3,dam.taf.man,ratfan,ratify
tama tapa mana,held,3,tam.dap.man,tarpan,satisfy
tama tapa mata,held,3,tam.dav.mad,traval,travel
tama tapa mina,held,3,dam.daf.min,dalfin,dolphin
tama tapa mina,held,3,tam.dap.min,tarpen,tarp
tama tapa mita,held,3,zam.sab.mit,zasbet,exacerbate
tama tapa muna,held,3,dam.dab.mun,drabon,draw
tama tapa muta,held,3,tam.dab.mud,tarbol,terrible
tama tapa muta,held,3,tam.dab.mud,trabol,trouble
tama tapa tama,held,3,dam.daf.tam,draft,draft (version)
tama tatu kama,held,3,dam.das.kam,drask,heavy
tama tatu maka,held,3,tam.das.mak,tarsak,intersect
tama tatu mina,held,3,tam.das.min,trasiq,truss
tama tatu mita,held,3,dam.taz.mid,ratzid,flicker
tama tatu muka,held,3,dam.das.muk,darsok,douse
tama tatu tama,held,3,dam.das.tam,drast,dress (put on clothes)
tama tatu tama,held,3,tam.das.tam,trast,trust
tama tika mata,held,3,tam.dik.mat,trekat,trek
tama tika mita,held,3,tam.dik.mit,triket,extricate
tama tika muta,held,3,tam.dik.mut,trikut,intricate
tama tika numa,held,3,dam.dix.num,drixum,proud
tama tima taka,held,3,dam.dim.dag,drilag,drill
tama tima tama,held,3,dam.dim.dam,dalir,delirious
tama tima tama,held,3,dam.dim.dam,ladid,delicious
tama tima tama,held,3,dam.dim.tam,dalet,dilate
tama tima tama,held,3,dam.tim.tam,ratit,tremble
tama tima tama,held,3,tam.dim.dam,tamlil,lyrics
tama tima tama,held,3,tam.dim.tam,taret,tolerate
tama tima tama,held,3,tam.tim.dam,tatir,develop
tama tima tana,held,3,tam.dim.dan,trelan,trail
tama tima tika,held,3,dam.dim.tik,dretik,diuretic
tama tima tika,held,3,tam.dim.tik,tritik,treaty
tama tima tika,held,3,tam.dim.tix,tritex,treat
tama tima tita,held,3,tam.dim.dis,tredic,tread
tama tina maka,held,3,dam.din.mak,drenak,tuber (vegetable)
tama tina muta,held,3,dam.din.mud,drenor,drain
tama tipa mapa,held,3,dam.div.mav,drivav,derivative
tama tipa muta,held,3,dam.dib.mud,dribol,dribble
tama tipa muta,held,3,dam.dip.mud,drepor,drape
tama tipa muta,held,3,tam.dip.mud,tripor,trip (fall)
tama tuma tama,held,3,dam.dum.dam,dadol,avenue
tama tuma tama,held,3,dam.dum.dam,radud,shallow (depth)
tama tuma tama,held,3,dam.dum.dam,raror,roar
tama tuma tama,held,3,dam.dum.tam,dalut,dilute
tama tuma tama,held,3,dam.dum.tam,darut,dire
tama tuma tama,held,3,dam.dum.tam,larot,pregnant
tama tuma tama,held,3,dam.tum.dam,damtor,diameter
tama tuma tama,held,3,tam.dum.dam,talor,tire (car)
tama tuma tama,held,3,tam.dum.dam,taror,terror
tama tuma tama,held,3,tam.tum.dam,tatol,tattle
tama tuma tama,held,3,tam.tum.dam,tator,totter
tama tuma tama,held,3,tam.tum.dam,tatul,tattoo
tama tuma tuta,held,3,tam.dum.dus,trodus,introduce
tama tuna mana,held,3,dam.dun.man,dronaq,drown
tama tuna pama,held,3,dam.dun.bam,dronam,crow (bird)
tama tupa mata,held,3,dam.dup.mat,drupat,droop
tama tuta mita,held,3,tam.dus.miz,trusiC,truce
tana maka mika,held,3,san.mak.mig,snakig,snack
tana maka mita,held,3,san.mag.mit,snagit,snug
tana maka muta,held,3,san.mag.mud,snagol,snuggle
tana mapa mita,held,3,san.mab.mit,snabet,snob
tana mapa muna,held,3,san.map.mun,snapon,snipe
tana mata mata,held,3,san.mad.mad,snarl,snarl
tana mata mata,held,3,san.mat.mat,snatat,pierce
tana mata mina,held,3,san.mad.min,snariq,snare (trap)
tana mika muta,held,3,san.mik.mud,snikor,snicker
tana mita mina,held,3,san.mid.min,snirin,sneer
tana mita mina,held,3,san.mid.min,sniriq,sneer
tana muka mata,held,3,san.mug.mat,snogat,snag
tana mupa mita,held,3,san.muf.mid,snufil,snuff
tana muta maka,held,3,san.mud.mag,snorag,snore
tana muta mata,held,3,san.mud.mat,snort,snort
tana tama tama,held,3,dan.dam.dam,dandal,drab
tana tima tama,held,3,zan.dim.tam,zanret,exonerate
tana tuma tama,held,3,dan.dum.dam,danlod,download
tana tuma tama,held,3,dan.dum.dam,landur,launder
tana tuma tama,held,3,san.dum.dam,candor,thunder
tana tuma tama,held,3,san.tum.dam,santor,saunter
tapa maka nama,held,3,sav.mag.nam,svagam,welcome
tapa mana maka,held,3,sap.man.mak,spanak,spy
tapa mana mina,held,3,sap.man.min,spaniq,spawn
tapa mana tama,held,3,sap.man.dam,spand,spend
tapa mana tama,held,3,sav.man.tam,savant,savant
tapa mapa mana,held,3,sap.maf.man,spafan,specify
tapa mata kama,held,3,sav.mad.jam,savadj,savage
tapa mata maka,held,3,sap.mad.mak,spark,spark
tapa mata maka,held,3,tap.mad.mak,taprak,apple
tapa mata mana,held,3,saf.mad.man,safran,saffron
tapa mata mana,held,3,sap.mad.man,saplan,supply
tapa mata mana,held,3,sav.mad.man,svadan,flavor
tapa mata mata,held,3,sab.mas.mad,sabsad,subside
tapa mata mata,held,3,saf.mas.mad,safsal,bench
tapa mata mata,held,3,sap.mad.maz,sapraz,surprise
tapa mata mika,held,3,dap.mad.mik,raprik,wrap up
tapa mata mita,held,3,dap.mad.mis,lapres,lap (race)
tapa mata mita,held,3,dap.mad.mit,dapdet,dilapidate
tapa mata mita,held,3,dap.mad.mit,daplit,deplete
tapa mata mita,held,3,sab.mas.mid,sabsid,subsidy
tapa mata mita,held,3,saf.mas.mid,safsir,speculate
tapa mata mita,held,3,sap.mad.mis,sapres,suppress
tapa mata muna,held,3,sav.mad.mun,svaduq,grape/berry
tapa mata muta,held,3,dab.mat.mud,labtor,lab
tapa mata muta,held,3,sab.mat.mut,sabtut,substitute
tapa mata muta,held,3,sap.mad.mut,sparot,spar
tapa mata muta,held,3,sap.mat.mud,spatol,spot
tapa mata muta,held,3,sap.mat.mud,spatur,spatter
tapa mika muta,held,3,sap.mik.mud,spekul,speckle
tapa mika tama,held,3,saf.mik.sam,safiks,suffix
tapa mipa muna,held,3,sav.miv.mun,svivon,spinning top
tapa mita maka,held,3,sap.mid.max,spilax,spill
tapa mita mana,held,3,sap.mid.man,spiran,spear
tapa mita mata,held,3,dav.mid.mad,raveld,revile
tapa mita mata,held,3,sap.mid.mad,spirad,spearhead
tapa mita mita,held,3,sap.mis.mis,spisis,species
tapa mita muta,held,3,sap.mid.mud,spirud,contest
tapa mita nama,held,3,sav.miz.nam,sviCam,roast
tapa muta maka,held,3,sap.mud.mag,spolag,spoil
tapa muta mana,held,3,sap.mud.man,spurm,sperm
tapa muta mana,held,3,sap.mud.man,spuran,spur
tapa muta mata,held,3,dav.mud.mat,davort,divert
tapa muta mata,held,3,sap.mud.mad,capold,uphold
tapa muta mata,held,3,sap.mud.mat,saport,support
tapa muta mata,held,3,sap.mud.mat,spurat,throb
tapa muta mata,held,3,sav.mud.mat,savurt,subvert
tapa muta tama,held,3,daf.mud.zam,raforC,rough
tapa tama tama,held,3,dav.dam.tam,lavrat,lava
tapa tama tama,held,3,sav.dam.dam,savral,several
tapa tima tama,held,3,dab.dim.tam,labret,elaborate
tapa tima tama,held,3,tab.dim.tam,tablet,tabulate
tapa tuma tama,held,3,dap.tum.dam,raptor,raptor
tatu maka maka,held,3,sad.max.mak,craxak,thrash
tatu maka mapa,held,3,sad.mak.mav,carkav,archive
tatu maka mata,held,3,sad.mag.mat,slagat,boast
tatu maka mata,held,3,sad.mak.mat,carkat,bargain
tatu maka mika,held,3,sat.max.mig,staxig,stash
tatu maka mina,held,3,sad.mak.min,salken,silk
tatu maka mina,held,3,sat.mak.min,stakiq,stalk
tatu maka mipa,held,3,sat.mak.mip,stakip,stocky (build)
tatu maka mita,held,3,sad.max.miz,slaxiz,slosh
tatu maka muta,held,3,sad.mag.mud,slagor,swagger
tatu maka muta,held,3,sad.max.mud,craxol,threshold
tatu maka muta,held,3,sat.mag.mud,stagur,stagger
tatu maka tama,held,3,sad.mak.sam,craks,thorax
tatu mana mata,held,3,sat.man.mat,stanat,reverberate
tatu mana mika,held,3,sat.man.mix,stanix,astonish
tatu mana mina,held,3,sat.man.min,staniq,stunning
tatu mana mipa,held,3,sat.man.miv,stanev,send off
tatu mana tama,held,3,sad.man.dam,srand,surround
tatu mana tama,held,3,sad.man.tam,slant,slant
tatu mana tama,held,3,sat.man.dam,stand,stand
tatu mapa mata,held,3,sat.map.mad,stapal,pomegranite
tatu mapa mata,held,3,sat.mav.mad,stavar,steady
tatu mapa muta,held,3,sat.mab.mud,stabol,stubble
tatu mapa muta,held,3,sat.maf.mud,stafol,stifle
tatu mapa nama,held,3,sad.map.nam,sarpam,creep
tatu mata maka,held,3,sad.mat.mak,saltak,salt
tatu mata maka,held,3,sat.mad.mak,stark,stark
tatu mata maka,held,3,sat.mad.mak,starak,stare
tatu mata mana,held,3,sad.mad.man,sadlan,sideline
tatu mata mana,held,3,sad.mad.man,sadran,steward
tatu mata mana,held,3,sad.mad.man,sardan,sardonic
tatu mata mata,held,3,sad.mad.mad,sladal,swaddle
tatu mata mata,held,3,sad.mad.maz,slaraz,slur
tatu mata mata,held,3,sat.mad.mas,stalc,stealth
tatu mata mata,held,3,sat.mad.mas,satras,saturn
tatu mata mina,held,3,sad.mad.min,cradiq,thread
tatu mata mina,held,3,sad.mad.min,salriq,salary
tatu mata mita,held,3,sad.mas.miz,slasiz,slice
tatu mata mita,held,3,sad.mat.mid,saltir,solitary
tatu mata mita,held,3,zad.mad.mit,zalret,exhilarate
tatu mata muna,held,3,sad.mad.mun,cadruq,thud
tatu mata muta,held,3,sad.mat.mud,cratol,throttle
tatu mata muta,held,3,sad.mat.mud,slator,slaughter
tatu mata muta,held,3,sat.mat.mud,stator,stationary
tatu mata numa,held,3,sad.mad.num,saldom,seldom
tatu mata pama,held,3,sat.mad.vam,starv,starve
tatu mika muna,held,3,sat.mix.mun,stexon,station
tatu mika mupa,held,3,sad.mik.muv,slekuv,consecutive
tatu mina kama,held,3,sat.min.kam,stiqk,stink
tatu mina maka,held,3,sad.min.maj,sliqaj,sling
tatu mina mipa,held,3,sat.min.miv,stiqiv,sting
tatu mina tama,held,3,sad.min.dam,slind,cylinder
tatu mipa mata,held,3,sat.miv.mat,stevat,stave
tatu mipa mika,held,3,sat.mip.mik,stipik,steep
tatu mita kama,held,3,sat.mid.jam,stedj,stage (action)
tatu mita maka,held,3,sad.mid.mag,crilag,thrill
tatu mita maka,held,3,sad.mid.mak,crelak,toil
tatu mita mana,held,3,sad.mis.man,slisan,pardon
tatu mita mana,held,3,sad.mit.man,cretan,threaten
tatu mita mana,held,3,sat.mid.man,stelan,stale
tatu mita mana,held,3,sat.mid.man,stilaq,still
tatu mita mata,held,3,sad.mid.mas,srilas,sale
tatu mita mata,held,3,sad.mid.mat,sledat,sled
tatu mita mata,held,3,sat.mid.mad,stiral,sterile
tatu mita mata,held,3,sat.mid.mat,stirat,stability
tatu mita mina,held,3,sad.miz.min,sleCiq,slay
tatu mita muta,held,3,sad.mit.muz,sletoC,slate
tatu mita muta,held,3,sat.miz.mud,stiCur,truncate
tatu muka mata,held,3,sad.mug.mad,crugal,nonsense (rubbish)
tatu muna mapa,held,3,sad.mun.map,slunap,slew
tatu muna mika,held,3,sad.mun.mik,slunik,swoon
tatu muna pama,held,3,sad.mun.bam,cronam,throne
tatu mupa muta,held,3,sad.mup.mud,cropod,arthropod
tatu muta kama,held,3,sad.mut.xam,slotx,slouch
tatu muta maka,held,3,sat.mud.mak,stork,story
tatu muta mana,held,3,sad.mud.man,slorm,swarm
tatu muta mana,held,3,sat.mud.man,storm,storm
tatu muta mapa,held,3,sad.mud.map,slorp,slurp
tatu muta mata,held,3,sad.mut.mas,srotas,current (river)
tatu muta mika,held,3,sat.mud.mik,stolik,stoic
tatu muta muta,held,3,sat.muz.mud,stuCul,coefficient
tatu nama nuta,held,3,sat.nam.nud,stamor,stammer
tatu nama tama,held,3,sad.nam.dam,slamd,salamander
tatu nima pana,held,3,sat.nim.ban,steman,stem
tatu numa naka,held,3,sad.num.nag,crumag,thrum
tatu numa nata,held,3,sat.num.nat,stomat,stomata
tatu numa pama,held,3,sat.num.pam,stomp,stomp
tatu tuma tama,held,3,das.tum.dam,lastor,luster
tatu tuma tama,held,3,das.tum.tam,dastut,destitute
tika mana tama,held,3,dig.man.tam,legant,elegant
tika mana tama,held,3,dij.man.dam,lejand,legend
tika mapa mata,held,3,dix.mav.mad,dixval,dishevel
tika mata maka,held,3,dix.mad.mak,dixdak,dish
tika mata mana,held,3,dik.mad.man,riklan,recline
tika mata mata,held,3,dig.mad.mad,rigard,regard
tika mata mata,held,3,dij.mat.mad,dijtal,digital
tika mata mata,held,3,dik.mad.mad,diklar,declare
tika mata mata,held,3,sik.mad.mad,sekrad,sacred
tika mata mina,held,3,dik.mad.min,diklen,decline
tika mata mina,held,3,tik.mad.min,tekriq,take care of
tika mata mita,held,3,dik.mad.mit,likdet,liquidate
tika mata mita,held,3,dik.maz.mit,rekzit,prerequisite
tika mata muta,held,3,dik.mad.mus,riklus,recluse
tika mata muta,held,3,dik.mad.mut,rikrut,recruit
tika mata tama,held,3,dij.mas.tam,rejast,register
tika mina tama,held,3,sik.min.tam,sikent,subsequent
tika muna tama,held,3,dij.mun.tam,dijont,disjoint
tika tama tama,held,3,dig.dam.dam,degrad,degrade
tika tama tama,held,3,dig.dam.dam,reglar,regular
tika tama tama,held,3,sig.dam.tam,sigrat,swig
tika tama tama,held,3,sik.sam.zam,ceksaz,excise
tika tima tama,held,3,dik.tim.tam,diktet,dictate
tima nata maka,held,3,dim.nad.mak,rimark,remark
tima nata maka,held,3,dim.nad.max,dimalx,demolish
tima taka mana,held,3,dim.daj.man,redjan,radian (measurement)
tima taka mana,held,3,dim.daj.man,ridjan,region
tima taka mapa,held,3,dim.tax.mab,litxab,little
tima taka mata,held,3,dim.tax.mas,ritxas,righteous
tima taka mata,held,3,dim.tax.mat,ditxat,ditch
tima taka mata,held,3,tim.daj.mat,tedjat,sharp
tima taka mata,held,3,tim.tax.mad,tetxal,spade
tima taka mina,held,3,dim.tax.min,retxiq,enthusiasm
tima taka mina,held,3,tim.tax.min,tetxiq,livid
tima taka mita,held,3,dim.tag.mit,litget,litigate
tima taka muna,held,3,tim.tax.mun,titxun,quit
tima taka muta,held,3,dim.daj.mus,ridjos,rejoice
tima taka nama,held,3,dim.tax.nam,ritxam,reach
tima taka numa,held,3,dim.daj.num,ridjum,frank
tima taka numa,held,3,tim.tax.num,titxum,pose (question)
tima taka tama,held,3,dim.dak.sam,rilaks,relax
tima tama nita,held,3,dim.dam.nit,dilmit,delimit
tima tama taka,held,3,dim.dam.dak,ridrak,redirect
tima tama taka,held,3,dim.tam.dak,ritrak,retract
tima tama taka,held,3,dim.tam.tax,ditatx,detach
tima tama tama,held,3,dim.dam.dam,dirad,deride
tima tama tama,held,3,dim.dam.tam,dirat,direct
tima tama tama,held,3,dim.tam.dam,dital,detail
tima tama tama,held,3,dim.tam.dam,letar,late
tima tama tama,held,3,dim.tam.dam,litar,liter (measurement)
tima tama tama,held,3,dim.tam.dam,ritar,retire
tima tama tama,held,3,sim.dam.dam,simlar,similar
tima tama tama,held,3,sim.dam.tam,simlat,assimilate
tima tama tama,held,3,tim.dam.tam,tilat,twilight
tima tama tama,held,3,tim.dam.tam,tirat,deteriorate
tima tama tama,held,3,tim.dam.tam,timdat,intimidate
tima tama tama,held,3,tim.tam.dam,tetar,tatter
tima tama tana,held,3,dim.dam.tan,diltan,delta (water)
tima tama tana,held,3,tim.dam.dan,tirdan,bother
tima tama tika,held,3,tim.tam.dix,tetrex,tetration
tima tama tupa,held,3,dim.dam.dup,lidrop,lid
tima tana tama,held,3,dim.dan.dam,riland,rewind
tima tana tama,held,3,dim.dan.tam,rilant,relent
tima tana tama,held,3,tim.dan.tam,tirant,tyrrany
tima tana tama,held,3,zim.zan.tam,zizant,representative
tima tapa mata,held,3,sim.sap.maz,cespaz,espouse
tima tapa muna,held,3,tim.daf.mun,telfon,phone
tima tapa tama,held,3,dim.dap.sam,rilaps,relapse
tima tatu mana,held,3,dim.taz.man,litzan,clown
tima tatu mata,held,3,sim.sad.mas,cislas,unless
tima tatu muka,held,3,zim.sat.muk,zestok,zest
tima tatu muta,held,3,sim.sat.mud,sistor,sister
tima tatu muta,held,3,sim.sat.mut,cistut,institute
tima tatu tama,held,3,dim.tas.tam,ditast,detest
tima tima tama,held,3,dim.dim.dam,redid,raid
tima tima tama,held,3,dim.dim.tam,redet,radiate
tima tima tama,held,3,dim.dim.tam,rilet,relate
tima tima tama,held,3,sim.sim.sam,sesis,sass
tima tuma tama,held,3,dim.dum.dam,dilud,delude
tima tuma tama,held,3,dim.dum.dam,dilur,accommodate
tima tuma tama,held,3,dim.dum.dam,ridol,riddle
tima tuma tama,held,3,dim.dum.tam,dilut,illuminate
tima tuma tama,held,3,dim.dum.tam,rilot,riot
tima tuma tama,held,3,sim.tum.tam,simtot,asymptote
tima tuma tana,held,3,tim.dum.dan,telorn,tailor
tina mana tama,held,3,din.man.tam,linant,lenient
tina mana tama,held,3,tin.man.tam,tenant,tenant
tina mata kama,held,3,din.mad.jam,linadj,lineage
tina mita kama,held,3,tin.mid.jam,tinedj,teenager
tina tuma tama,held,3,din.dum.dam,rendur,render
tina tuma tama,held,3,sin.tum.dam,centor,short
tina tuma tama,held,3,tin.tum.dam,tentor,taint
tina tuma tama,held,3,zin.dum.dam,zeqdul,scramble
tipa mana kama,held,3,dib.man.kam,dibaqk,debunk
tipa mana tama,held,3,dif.man.dam,difand,defend
tipa mana tama,held,3,dif.man.dam,rifand,refund
tipa mana tama,held,3,dif.man.tam,lefant,elephant
tipa mana tama,held,3,dip.man.tam,ripant,repent
tipa mata maka,held,3,dif.mad.mak,diflak,deflect
tipa mata maka,held,3,dif.mad.max,rifrax,refresh
tipa mata mana,held,3,sip.mad.man,sipran,seep
tipa mata mapa,held,3,dip.mad.mab,riplab,republic
tipa mata mapa,held,3,dip.mad.mav,diplav,deplore
tipa mata mapa,held,3,dip.mad.mav,diprav,deprive
tipa mata mata,held,3,dif.mad.mad,difrad,defraud
tipa mata mata,held,3,dif.mad.mas,difras,difference (subtraction)
tipa mata mata,held,3,dip.mad.mad,lipard,leopard
tipa mata mata,held,3,dip.mad.mas,dipras,depress
tipa mata mata,held,3,dip.mad.mas,ripals,repulse
tipa mata mata,held,3,dip.mad.mat,dipart,department
tipa mata mata,held,3,dip.mad.maz,ripraz,reap
tipa mata mata,held,3,div.mat.mat,levtat,levitate
tipa mata mata,held,3,sip.mad.mad,seprad,sap (tree)
tipa mata mata,held,3,sip.mad.mas,sipras,cypress
tipa mata mata,held,3,tip.mad.mat,tiprat,tip
tipa mata mata,held,3,zip.mad.mat,ziprat,zip
tipa mata mina,held,3,dif.mad.min,rifren,refrain
tipa mata mipa,held,3,dip.mad.miv,ripriv,reprieve
tipa mata mita,held,3,dif.mad.mit,diflet,deflate
tipa mata muka,held,3,dip.mad.muk,diplok,deploy
tipa mata muna,held,3,dif.mad.mun,riflon,reef
tipa mata mupa,held,3,dif.mad.muf,rifruf,flutter
tipa mata nama,held,3,dif.mad.nam,difram,diaphragm
tipa mata numa,held,3,dip.mad.num,riprom,rip
tipa mata pama,held,3,div.mad.vam,rivalv,revolve
tipa mata tama,held,3,div.mas.tam,divast,divest
tipa mita mata,held,3,div.mid.mas,levirc,levy
tipa muta mata,held,3,dip.mud.mat,diport,deport
tipa muta mata,held,3,dip.mud.mat,riport,report
tipa muta mata,held,3,div.mud.mas,divors,divorce
tipa muta mata,held,3,div.mud.mat,rivort,revert
tipa muta mata,held,3,siv.mud.mas,sevors,sever
tipa muta mata,held,3,tip.mud.mat,teport,teleport
tipa nama pama,held,3,div.nam.pam,rivamp,revamp
tipa tama tama,held,3,sip.tam.tam,siptat,precipitate
tipa tima tama,held,3,dib.dim.tam,libret,liberate
tipa tuma tama,held,3,dif.tum.dam,riftor,rift
tipa tuma tama,held,3,tip.tum.dam,tiptol,tiptoe
tita maka muta,held,3,sid.mak.mut,sirkut,circuit
tita mana tama,held,3,dis.man.dam,disand,descend
tita mana tama,held,3,dis.man.dam,risand,rescind
tita mana tama,held,3,dis.man.tam,disant,dissent
tita mana tama,held,3,zid.man.tam,zilant,resilient
tita mapa mika,held,3,dis.maf.mig,disfig,disfigure
tita mata kama,held,3,sid.mad.jam,siladj,bush
tita mata maka,held,3,sit.mad.mak,sitark,sweater
tita mata maka,held,3,tis.mad.mak,tesrak,tesseract
tita mata mana,held,3,sid.mat.man,siltan,silt
tita mata mana,held,3,tis.mad.man,teslan,tesla (measurement)
tita mata mapa,held,3,dis.mad.map,disrap,disrupt
tita mata mata,held,3,dis.mad.mad,disard,dissuade
tita mata mata,held,3,sit.mad.mas,setras,citrus
tita mata mika,held,3,dis.mad.mig,disrig,disregard
tita mata mina,held,3,dis.mad.min,disden,disdain
tita mata muka,held,3,dis.mad.muk,dislok,dislocate
tita mata muna,held,3,sid.mat.mun,sirtun,carcinogenesis
tita mata muta,held,3,diz.mas.mud,leCsur,point out
tita mata muta,held,3,zit.maz.mud,zetzol,pucker
tita mata nama,held,3,sit.mad.nam,citarq,get along
tita mata tama,held,3,diz.mas.tam,dizast,disaster
tita mata tama,held,3,diz.mas.tam,leCast,bore (boring)
tita mina tama,held,3,diz.min.tam,rizent,resent
tita muta mata,held,3,dis.mud.mas,risors,resource
tita muta pama,held,3,diz.mud.vam,dizurv,deserve
tita muta tama,held,3,dis.mud.zam,risorz,rehearse
tita tama tama,held,3,dis.tam.dam,distal,distill
tuka mapa maka,held,3,tuk.mav.mak,tukvak,moose
tuka mapa maka,held,3,tuk.mav.mak,tukvak,moose
tuka mapa maka,held,3,tuk.mav.mak,tukvak,moose
tuka mapa mata,held,3,suk.mab.mat,cukbat,hollow
tuka mata mana,held,3,duk.mad.man,dokran,mediocre
tuka mata mika,held,3,duk.mad.mik,lukrik,look up
tuka mata mita,held,3,duk.mad.mit,lukret,look after
tuka muta mata,held,3,suk.mud.mat,sukort,sue
tuka tama tama,held,3,dug.dam.tam,rugrat,rug
tuma taka mana,held,3,tum.dax.man,torxan,torsion
tuma taka mana,held,3,tum.dax.man,torxan,torsion
tuma taka mana,held,3,tum.dax.man,torxan,torsion
tuma taka mata,held,3,dum.dag.mas,lorgas,log in
tuma taka mina,held,3,dum.tax.min,rutxiq,route
tuma taka mita,held,3,dum.dak.mit,lorkit,lurk
tuma taka mita,held,3,tum.dak.mit,torkit,torque
tuma taka mita,held,3,tum.dak.mit,torkit,torque
tuma taka mita,held,3,tum.dak.mit,torkit,torque
tuma taka muna,held,3,dum.daj.mun,ludjun,lunge
tuma taka muna,held,3,dum.tax.mun,lotxuq,protrude
tuma taka nima,held,3,tum.daj.nim,tudjem,schematic
tuma taka nima,held,3,tum.daj.nim,tudjem,schematic
tuma taka nima,held,3,tum.daj.nim,tudjem,schematic
tuma tama puna,held,3,tum.dam.bun,turmon,term (language)
tuma tama puna,held,3,tum.dam.bun,turmon,term (language)
tuma tama puna,held,3,tum.dam.bun,turmon,term (language)
tuma tama taka,held,3,dum.tam.dak,lutrak,loot
tuma tama tama,held,3,dum.tam.dam,lotar,loiter
tuma tama tama,held,3,tum.dam.tam,tolat,toilet
tuma tama tama,held,3,tum.tam.dam,total,total
tuma tama tapa,held,3,dum.dam.dap,ludrap,lewd
tuma tama tatu,held,3,dum.tam.das,rotras,rote
tuma tama tatu,held,3,dum.tam.das,rutrac,root
tuma tama tina,held,3,dum.tam.din,lutrin,otter
tuma tama tuka,held,3,tum.dam.tug,tortug,turtle
tuma tama tuka,held,3,tum.dam.tug,tortug,turtle
tuma tama tuka,held,3,tum.dam.tug,tortug,turtle
tuma tana mipa,held,3,tum.dan.miv,tornev,turn off
tuma tana mipa,held,3,tum.dan.miv,tornev,turn off
tuma tana mipa,held,3,tum.dan.miv,tornev,turn off
tuma tana mita,held,3,dum.dan.mis,dornic,underneath
tuma tana mita,held,3,tum.dan.mid,turnir,competition
tuma tana mita,held,3,tum.dan.mid,turnir,competition
tuma tana mita,held,3,tum.dan.mid,turnir,competition
tuma tapa mata,held,3,tum.dap.mad,tolpal,bid
tuma tapa mata,held,3,tum.dap.mad,tolpal,bid
tuma tapa mata,held,3,tum.dap.mad,tolpal,bid
tuma tapa mina,held,3,dum.dap.min,dolpeq,cloak
tuma tapa mita,held,3,tum.daf.mid,turfir,interfere
tuma tapa mita,held,3,tum.daf.mid,turfir,interfere
tuma tapa mita,held,3,tum.daf.mid,turfir,interfere
tuma tapa mita,held,3,tum.dap.mid,torpid,torpedo
tuma tapa mita,held,3,tum.dap.mid,torpid,torpedo
tuma tapa mita,held,3,tum.dap.mid,torpid,torpedo
tuma tatu muna,held,3,tum.das.mun,torson,torso
tuma tatu muna,held,3,tum.das.mun,torson,torso
tuma tatu muna,held,3,tum.das.mun,torson,torso
tuma tima tama,held,3,dum.dim.dam,lored,already
tuma tima tama,held,3,dum.tim.tam,rotet,rotate
tuna mata mata,held,3,dun.mad.mad,ronald,row (boat)
tuna tama tama,held,3,sun.dam.dam,sundar,charming
tupa maka nama,held,3,suv.mak.nam,covkam,overcome
tupa mana kama,held,3,dub.man.kam,rubaqk,bank (river)
tupa mata mana,held,3,duf.mad.man,rufran,roof
tupa muta tama,held,3,suv.mud.zam,cuvorz,reverse
tupa tama tama,held,3,sub.dam.tam,sublat,sublet
tuta mapa mata,held,3,sud.maf.mas,surfas,face (surface)
tuta mapa mata,held,3,sud.map.maz,surpaz,surpass
tuta mata mika,held,3,tus.mad.mik,tucrik,set up
tuta mata mika,held,3,tus.mad.mik,tucrik,set up
tuta mata mika,held,3,tus.mad.mik,tucrik,set up
tuta mata mina,held,3,sud.mas.min,sulsin,trivial
tuta mata mina,held,3,sud.mat.min,cortin,authority
tuta mata mita,held,3,dus.mad.mit,lusdet,elucidate
tuta mata mita,held,3,sud.mas.mis,sorsis,exorcise
tuta mata mita,held,3,sud.mas.mit,solsit,solicit
tuta pama pama,held,3,sud.vam.vam,survav,survive
tuta tuma tama,held,3,tus.tum.dam,tostod,toast (action)
tuta tuma tama,held,3,tus.tum.dam,tostod,toast (action)
tuta tuma tama,held,3,tus.tum.dam,tostod,toast (action)
