id,word,meaning,author,made,why
lfsl-nllh,min,not know,you,2026-09-15,in base.csv when the variant system was built
rdjg-ncqw,miq,motion,you,2026-09-15,in base.csv when the variant system was built
sChl-vmdw,mid,positive,you,2026-09-15,in base.csv when the variant system was built
mvxz-sldb,mit,meet,you,2026-09-15,in base.csv when the variant system was built
tbqv-dnkC,mis,miss (longing),you,2026-09-15,in base.csv when the variant system was built
dtrd-wcxr,miv,idea,you,2026-09-15,in base.csv when the variant system was built
nbsx-dbpg,mix,network,you,2026-09-15,in base.csv when the variant system was built
dppC-cvcw,men,main,you,2026-09-15,in base.csv when the variant system was built
Cccw-fyld,meq,mine,you,2026-09-15,in base.csv when the variant system was built
vfbw-vplq,mek,make,you,2026-09-15,in base.csv when the variant system was built
vgdv-qmvt,mes,month,you,2026-09-15,in base.csv when the variant system was built
qkbj-qppn,mej,model,you,2026-09-15,in base.csv when the variant system was built
gyCs-dqgc,mam,mother,you,2026-09-15,in base.csv when the variant system was built
nprw-lvjk,man,mind,you,2026-09-15,in base.csv when the variant system was built
wnnz-Cwcc,maq,harmony,you,2026-09-15,in base.csv when the variant system was built
pjdm-vlqC,mag,fruit,you,2026-09-15,in base.csv when the variant system was built
rtmc-hjdx,mad,middle,you,2026-09-15,in base.csv when the variant system was built
jbfr-tnps,mab,source,you,2026-09-15,in base.csv when the variant system was built
yvkc-hcmc,map,map (map/reduce),you,2026-09-15,in base.csv when the variant system was built
vmnx-xcgt,mat,forward,you,2026-09-15,in base.csv when the variant system was built
ygdx-bfmr,mak,meat,you,2026-09-15,in base.csv when the variant system was built
fjtd-kgnm,maz,flow (speech utterance),you,2026-09-15,in base.csv when the variant system was built
dbzf-dbkh,mav,many,you,2026-09-15,in base.csv when the variant system was built
vmjm-vplr,maf,male,you,2026-09-15,in base.csv when the variant system was built
cddn-hrwv,maj,magenta,you,2026-09-15,in base.csv when the variant system was built
Cstz-thjd,mac,great,you,2026-09-15,in base.csv when the variant system was built
yqqg-dqxC,mar,symbol,you,2026-09-15,in base.csv when the variant system was built
fkpb-bylz,mal,molecule,you,2026-09-15,in base.csv when the variant system was built
hnwr-vCkn,moq,about/encompass,you,2026-09-15,in base.csv when the variant system was built
lCzh-qmCx,mog,meaning,you,2026-09-15,in base.csv when the variant system was built
mblm-dnyn,mod,mode,you,2026-09-15,in base.csv when the variant system was built
wzsj-bgjx,mop,twelve,you,2026-09-15,in base.csv when the variant system was built
cbzz-wsfv,mot,mountain,you,2026-09-15,in base.csv when the variant system was built
blzf-hnnc,mok,align,you,2026-09-15,in base.csv when the variant system was built
xpvj-ymvk,moz,hash,you,2026-09-15,in base.csv when the variant system was built
hgcf-gqvb,mox,immutable,you,2026-09-15,in base.csv when the variant system was built
kfqx-lpcr,moj,emerge,you,2026-09-15,in base.csv when the variant system was built
yjbt-ylvw,mor,the model of the action (e.g. the transform),you,2026-09-15,in base.csv when the variant system was built
Cpsk-yxnc,mol,high,you,2026-09-15,in base.csv when the variant system was built
xbhb-fytm,mun,gut sense,you,2026-09-15,in base.csv when the variant system was built
hyrx-wbyC,muq,mmm,you,2026-09-15,in base.csv when the variant system was built
fhcq-rkvs,mug,(past particle),you,2026-09-15,in base.csv when the variant system was built
wzpq-kdpt,mud,mood,you,2026-09-15,in base.csv when the variant system was built
tfhy-mpsy,mut,mutate,you,2026-09-15,in base.csv when the variant system was built
jggd-qjqh,muk,earth (dirt),you,2026-09-15,in base.csv when the variant system was built
vvcz-kCkr,mus,mercy,you,2026-09-15,in base.csv when the variant system was built
xznz-zxwx,muz,pain,you,2026-09-15,in base.csv when the variant system was built
pbdh-pthh,muv,move,you,2026-09-15,in base.csv when the variant system was built
msgw-tpsj,muj,message,you,2026-09-15,in base.csv when the variant system was built
xdhy-bCnq,muc,mouth,you,2026-09-15,in base.csv when the variant system was built
jymy-CCxs,mul,unreal,you,2026-09-15,in base.csv when the variant system was built
kyrp-zbqt,niq,omniscient,you,2026-09-15,in base.csv when the variant system was built
pxbh-wjrj,nid,need,you,2026-09-15,in base.csv when the variant system was built
qbfj-jdrx,niz,nest (structure),you,2026-09-15,in base.csv when the variant system was built
zvrl-pdvl,nif,a (isolated-element-focus),you,2026-09-15,in base.csv when the variant system was built
tpyj-pxzd,nix,listen,you,2026-09-15,in base.csv when the variant system was built
sqbn-hvbq,ned,static,you,2026-09-15,in base.csv when the variant system was built
fpxd-mrrg,nep,nature,you,2026-09-15,in base.csv when the variant system was built
qnxq-swvp,net,knit,you,2026-09-15,in base.csv when the variant system was built
kzfz-dznw,nes,nice,you,2026-09-15,in base.csv when the variant system was built
bCpk-jyxy,nev,off,you,2026-09-15,in base.csv when the variant system was built
jvyc-vgcC,nam,name,you,2026-09-15,in base.csv when the variant system was built
qbbw-tqCc,nan,negate,you,2026-09-15,in base.csv when the variant system was built
bkby-zmpC,nak,knock,you,2026-09-15,in base.csv when the variant system was built
lnfj-yflq,nas,nest,you,2026-09-15,in base.csv when the variant system was built
qsbv-tzqr,naz,as,you,2026-09-15,in base.csv when the variant system was built
yfqm-jCqx,nav,center,you,2026-09-15,in base.csv when the variant system was built
yysg-mpdq,nar,person,you,2026-09-15,in base.csv when the variant system was built
nzwj-wxwn,nal,neutral,you,2026-09-15,in base.csv when the variant system was built
rxgg-dwrm,non,not (un- or -im),you,2026-09-15,in base.csv when the variant system was built
tycr-jpgt,nop,no,you,2026-09-15,in base.csv when the variant system was built
mhsp-wCvc,not,note,you,2026-09-15,in base.csv when the variant system was built
bgrx-zjxf,noz,nose,you,2026-09-15,in base.csv when the variant system was built
nbqn-wzyk,nox,notion,you,2026-09-15,in base.csv when the variant system was built
xzjx-cglC,nol,toward,you,2026-09-15,in base.csv when the variant system was built
sphm-sprs,num,know,you,2026-09-15,in base.csv when the variant system was built
jljx-mCng,nuq,bond,you,2026-09-15,in base.csv when the variant system was built
bbxC-tywh,nub,separate,you,2026-09-15,in base.csv when the variant system was built
yrnq-kljm,nuz,distribute,you,2026-09-15,in base.csv when the variant system was built
lwfj-lbCp,nuv,empty,you,2026-09-15,in base.csv when the variant system was built
nkwk-bdfh,nuj,hell,you,2026-09-15,in base.csv when the variant system was built
lCgn-lmgc,nuc,long,you,2026-09-15,in base.csv when the variant system was built
hcyf-dxCw,nul,forget,you,2026-09-15,in base.csv when the variant system was built
ybCt-ykcb,gim,magic,you,2026-09-15,in base.csv when the variant system was built
rwvb-rvgn,gin,sync,you,2026-09-15,in base.csv when the variant system was built
yvbf-hrfd,gib,guide,you,2026-09-15,in base.csv when the variant system was built
zqbq-CxCw,git,infinite,you,2026-09-15,in base.csv when the variant system was built
bvsz-lzwc,gik,user,you,2026-09-15,in base.csv when the variant system was built
rskr-krsw,gis,will (future),you,2026-09-15,in base.csv when the variant system was built
rwwk-jztl,giz,position,you,2026-09-15,in base.csv when the variant system was built
vtqz-qdrr,gif,give,you,2026-09-15,in base.csv when the variant system was built
lthp-pnfp,gic,red,you,2026-09-15,in base.csv when the variant system was built
jqsr-mqvh,gem,game,you,2026-09-15,in base.csv when the variant system was built
mfvt-bqnt,gan,garden,you,2026-09-15,in base.csv when the variant system was built
wtvc-qxCb,gag,child,you,2026-09-15,in base.csv when the variant system was built
tlCf-mcbc,gad,god,you,2026-09-15,in base.csv when the variant system was built
lvzv-kyzm,gab,eat,you,2026-09-15,in base.csv when the variant system was built
zcpk-jrlv,gaz,possess,you,2026-09-15,in base.csv when the variant system was built
mygr-zhtz,gav,how (missing-action-focus),you,2026-09-15,in base.csv when the variant system was built
zcCn-kjdr,gaC,gather,you,2026-09-15,in base.csv when the variant system was built
ftvg-hqjq,gar,language,you,2026-09-15,in base.csv when the variant system was built
Cpzz-vcmj,gal,too,you,2026-09-15,in base.csv when the variant system was built
fywh-kmCl,goq,job,you,2026-09-15,in base.csv when the variant system was built
ypdt-tcqg,god,gold,you,2026-09-15,in base.csv when the variant system was built
wwqh-Cqdj,got,antenna,you,2026-09-15,in base.csv when the variant system was built
tkrn-zypj,gok,back,you,2026-09-15,in base.csv when the variant system was built
mmnd-whyb,gol,goal,you,2026-09-15,in base.csv when the variant system was built
wlxt-spby,gum,come,you,2026-09-15,in base.csv when the variant system was built
vznv-nrjr,gun,representation,you,2026-09-15,in base.csv when the variant system was built
nmgm-xrjx,gub,like (filler),you,2026-09-15,in base.csv when the variant system was built
lwtC-rfvy,gut,gut,you,2026-09-15,in base.csv when the variant system was built
yzcp-thwf,gus,back (front),you,2026-09-15,in base.csv when the variant system was built
pdfg-klhs,guz,lose,you,2026-09-15,in base.csv when the variant system was built
drzr-yCbp,guv,end,you,2026-09-15,in base.csv when the variant system was built
cmcC-xlwx,guj,memory,you,2026-09-15,in base.csv when the variant system was built
dyvz-vpxf,gul,exponent,you,2026-09-15,in base.csv when the variant system was built
rlrk-fqsx,dim,you,you,2026-09-15,in base.csv when the variant system was built
csxv-pyvm,dig,sine,you,2026-09-15,in base.csv when the variant system was built
sbdt-dnww,did,deed,you,2026-09-15,in base.csv when the variant system was built
jrqq-zjsz,dib,connect,you,2026-09-15,in base.csv when the variant system was built
chdl-dpws,dip,tree,you,2026-09-15,in base.csv when the variant system was built
kqcn-znvb,dis,number,you,2026-09-15,in base.csv when the variant system was built
qCtw-rfrd,div,drive,you,2026-09-15,in base.csv when the variant system was built
yCfb-wbym,dif,define,you,2026-09-15,in base.csv when the variant system was built
mlby-bCyk,det,datetime stamp/instance in time,you,2026-09-15,in base.csv when the variant system was built
nscc-whwf,dez,dynamic,you,2026-09-15,in base.csv when the variant system was built
pdmf-nmqk,dej,orange,you,2026-09-15,in base.csv when the variant system was built
kywv-cfmh,dam,morality,you,2026-09-15,in base.csv when the variant system was built
Cxtg-qldf,dan,the,you,2026-09-15,in base.csv when the variant system was built
Cqbc-rvrz,dag,dog,you,2026-09-15,in base.csv when the variant system was built
fpqz-jClh,dad,content,you,2026-09-15,in base.csv when the variant system was built
jvbw-csgy,dat,word,you,2026-09-15,in base.csv when the variant system was built
mkzj-wzCn,dak,physical,you,2026-09-15,in base.csv when the variant system was built
byzs-qxqz,das,understand,you,2026-09-15,in base.csv when the variant system was built
zbcd-mpys,dav,divine,you,2026-09-15,in base.csv when the variant system was built
jjbt-Cvjb,daf,orange,you,2026-09-15,in base.csv when the variant system was built
ychy-zygy,dac,death,you,2026-09-15,in base.csv when the variant system was built
tpzm-tyqz,dal,matter (physics),you,2026-09-15,in base.csv when the variant system was built
rlqn-wqcm,dom,state,you,2026-09-15,in base.csv when the variant system was built
ckcg-zxln,dob,two,you,2026-09-15,in base.csv when the variant system was built
kqnh-rtzj,dot,down,you,2026-09-15,in base.csv when the variant system was built
jtxw-ppxz,doz,here,you,2026-09-15,in base.csv when the variant system was built
qppf-jgxh,dor,door,you,2026-09-15,in base.csv when the variant system was built
cvzp-mdfq,dum,negative,you,2026-09-15,in base.csv when the variant system was built
pznC-jdys,dun,join (to one),you,2026-09-15,in base.csv when the variant system was built
nrll-tpbd,dug,drink,you,2026-09-15,in base.csv when the variant system was built
rhnx-xmlx,dud,friend,you,2026-09-15,in base.csv when the variant system was built
mldg-pmww,dub,aware,you,2026-09-15,in base.csv when the variant system was built
xlvz-vpbb,duk,minute,you,2026-09-15,in base.csv when the variant system was built
Cxgz-wqlz,dus,reduce,you,2026-09-15,in base.csv when the variant system was built
gblC-wctw,duz,do,you,2026-09-15,in base.csv when the variant system was built
xwzq-bjjk,dux,condition (general state),you,2026-09-15,in base.csv when the variant system was built
fyfl-wklc,dul,delete,you,2026-09-15,in base.csv when the variant system was built
whmj-fjdx,bim,target,you,2026-09-15,in base.csv when the variant system was built
ckhb-kwwp,biq,being,you,2026-09-15,in base.csv when the variant system was built
nvnt-jCxk,big,go,you,2026-09-15,in base.csv when the variant system was built
wgyC-dhdm,bid,ignorant,you,2026-09-15,in base.csv when the variant system was built
khpq-xnch,bib,we,you,2026-09-15,in base.csv when the variant system was built
Cpwm-kllj,bip,output,you,2026-09-15,in base.csv when the variant system was built
kjfv-mbyh,bit,beat,you,2026-09-15,in base.csv when the variant system was built
rwrl-fkcv,biz,intense,you,2026-09-15,in base.csv when the variant system was built
gsgw-tyrl,beq,bang,you,2026-09-15,in base.csv when the variant system was built
jjvg-syrz,bed,bite,you,2026-09-15,in base.csv when the variant system was built
mngl-cdvx,beb,baby,you,2026-09-15,in base.csv when the variant system was built
tCjs-xbzv,bep,left,you,2026-09-15,in base.csv when the variant system was built
czkC-snyp,bet,under,you,2026-09-15,in base.csv when the variant system was built
mhfw-qprp,bes,base,you,2026-09-15,in base.csv when the variant system was built
hjmy-ccfy,bam,create,you,2026-09-15,in base.csv when the variant system was built
jmnb-pycm,ban,together/bind,you,2026-09-15,in base.csv when the variant system was built
wfjg-gvts,baq,be,you,2026-09-15,in base.csv when the variant system was built
grbv-myrw,bag,insect,you,2026-09-15,in base.csv when the variant system was built
pqwp-Cbvd,bad,tangent (math),you,2026-09-15,in base.csv when the variant system was built
cmvq-Ccxg,bab,father,you,2026-09-15,in base.csv when the variant system was built
cvhC-fqpt,bat,beauty,you,2026-09-15,in base.csv when the variant system was built
tCqb-gprr,bak,send,you,2026-09-15,in base.csv when the variant system was built
tpcj-lccC,bax,bird,you,2026-09-15,in base.csv when the variant system was built
jdkf-Cwdt,baC,by,you,2026-09-15,in base.csv when the variant system was built
svvl-qtfl,bar,bear (carry),you,2026-09-15,in base.csv when the variant system was built
jhjg-rncv,bot,boat,you,2026-09-15,in base.csv when the variant system was built
bhxg-Cnlf,bos,possessive plural,you,2026-09-15,in base.csv when the variant system was built
fmdd-jtfm,boz,private,you,2026-09-15,in base.csv when the variant system was built
yhcj-bvgl,bov,debug,you,2026-09-15,in base.csv when the variant system was built
shjz-pzjj,bor,condition (case),you,2026-09-15,in base.csv when the variant system was built
cnch-mttn,bum,boom,you,2026-09-15,in base.csv when the variant system was built
cpbw-ncqj,bug,cosine,you,2026-09-15,in base.csv when the variant system was built
nytC-tsfw,bud,awake,you,2026-09-15,in base.csv when the variant system was built
szvd-qdpd,bub,boob,you,2026-09-15,in base.csv when the variant system was built
kwfb-hfqm,bup,energy,you,2026-09-15,in base.csv when the variant system was built
kjvf-rlvf,but,unstable,you,2026-09-15,in base.csv when the variant system was built
pjjx-dhlk,buz,bosom,you,2026-09-15,in base.csv when the variant system was built
qfwq-Ctwj,bux,yellow,you,2026-09-15,in base.csv when the variant system was built
pgzy-qwyz,bul,blue,you,2026-09-15,in base.csv when the variant system was built
sbrj-qlvy,pim,permeate,you,2026-09-15,in base.csv when the variant system was built
kpyr-nspk,piq,request,you,2026-09-15,in base.csv when the variant system was built
CcjC-rflw,pip,individual,you,2026-09-15,in base.csv when the variant system was built
vqnC-dhvv,pit,pure,you,2026-09-15,in base.csv when the variant system was built
hhzs-mnwx,pik,master,you,2026-09-15,in base.csv when the variant system was built
fzdc-kfsp,pem,they (communicating-agent-external-reference-focus),you,2026-09-15,in base.csv when the variant system was built
lqbk-srhs,peq,pay,you,2026-09-15,in base.csv when the variant system was built
jfpx-msmd,pes,green,you,2026-09-15,in base.csv when the variant system was built
tqvp-ggcy,pam,pray,you,2026-09-15,in base.csv when the variant system was built
btCg-dtmd,pan,yes,you,2026-09-15,in base.csv when the variant system was built
jflt-syCs,paq,response,you,2026-09-15,in base.csv when the variant system was built
mbzt-dgjl,pat,dimension,you,2026-09-15,in base.csv when the variant system was built
zlCk-sbdy,pak,package,you,2026-09-15,in base.csv when the variant system was built
Csvy-nvph,pas,space,you,2026-09-15,in base.csv when the variant system was built
psCv-msfy,pac,path,you,2026-09-15,in base.csv when the variant system was built
Ctqc-jzxd,par,depart/from,you,2026-09-15,in base.csv when the variant system was built
klhc-dvdm,pom,different,you,2026-09-15,in base.csv when the variant system was built
dtmc-wnby,pod,free,you,2026-09-15,in base.csv when the variant system was built
dmmd-wvgc,pob,right,you,2026-09-15,in base.csv when the variant system was built
vbwm-kzfb,pop,property (of object),you,2026-09-15,in base.csv when the variant system was built
szsl-zlfp,pot,honorific (address),you,2026-09-15,in base.csv when the variant system was built
vbtv-mrzm,por,poor,you,2026-09-15,in base.csv when the variant system was built
dvkf-vqyd,pum,time (count),you,2026-09-15,in base.csv when the variant system was built
ypgt-hrhn,pul,pull,you,2026-09-15,in base.csv when the variant system was built
rnCq-dlbt,tim,team,you,2026-09-15,in base.csv when the variant system was built
msdp-nzxg,tin,between,you,2026-09-15,in base.csv when the variant system was built
qvfj-mgnn,tiq,mental experience,you,2026-09-15,in base.csv when the variant system was built
mshd-pdcq,tip,step,you,2026-09-15,in base.csv when the variant system was built
qdns-ghhn,tiz,ellipse,you,2026-09-15,in base.csv when the variant system was built
kgCv-kdws,tiv,conscious,you,2026-09-15,in base.csv when the variant system was built
ftlk-qvcC,tix,tingle,you,2026-09-15,in base.csv when the variant system was built
xtbl-tjsm,tic,fourteen,you,2026-09-15,in base.csv when the variant system was built
xhhb-jcsk,ten,tan (color),you,2026-09-15,in base.csv when the variant system was built
cbkf-rCmz,teq,like (as if),you,2026-09-15,in base.csv when the variant system was built
xkdh-plzc,ted,up,you,2026-09-15,in base.csv when the variant system was built
mhyr-Cwzq,tet,signal,you,2026-09-15,in base.csv when the variant system was built
cnkr-qccC,tek,take,you,2026-09-15,in base.csv when the variant system was built
Cvsm-hpgj,tef,left,you,2026-09-15,in base.csv when the variant system was built
dtrg-dnjf,tam,meditate,you,2026-09-15,in base.csv when the variant system was built
nymy-rxkf,taq,tongue,you,2026-09-15,in base.csv when the variant system was built
mwhv-kztn,tad,tail,you,2026-09-15,in base.csv when the variant system was built
fpCp-mkpr,tab,stable,you,2026-09-15,in base.csv when the variant system was built
rdwx-tpsc,tat,sibling,you,2026-09-15,in base.csv when the variant system was built
hxrC-yqpm,tak,talk,you,2026-09-15,in base.csv when the variant system was built
zkft-grth,tas,test,you,2026-09-15,in base.csv when the variant system was built
hrjq-grCg,taf,good,you,2026-09-15,in base.csv when the variant system was built
rrvh-mghC,taj,down (to be cool with something),you,2026-09-15,in base.csv when the variant system was built
ydzb-nhkg,taC,blue,you,2026-09-15,in base.csv when the variant system was built
wbcs-jnvp,tac,set (get),you,2026-09-15,in base.csv when the variant system was built
syrj-qcbg,tar,tire (sleep),you,2026-09-15,in base.csv when the variant system was built
ymxC-lfnq,tal,tell,you,2026-09-15,in base.csv when the variant system was built
ddzl-mvfz,tom,atom,you,2026-09-15,in base.csv when the variant system was built
ndxf-jmlt,ton,agent (one who does x),you,2026-09-15,in base.csv when the variant system was built
qvnq-crfz,tod,term,you,2026-09-15,in base.csv when the variant system was built
jzbg-djrr,tok,structure,you,2026-09-15,in base.csv when the variant system was built
mxqg-qmpw,tos,task,you,2026-09-15,in base.csv when the variant system was built
mkcl-tskd,toz,position (cardinal),you,2026-09-15,in base.csv when the variant system was built
znfv-xmtb,tox,text,you,2026-09-15,in base.csv when the variant system was built
zmdb-khcy,tor,before,you,2026-09-15,in base.csv when the variant system was built
tmjf-zphk,tuq,type,you,2026-09-15,in base.csv when the variant system was built
qsmt-wzhr,tub,tube,you,2026-09-15,in base.csv when the variant system was built
mfyx-hvrl,tup,impure,you,2026-09-15,in base.csv when the variant system was built
sgby-xtnk,tuz,because,you,2026-09-15,in base.csv when the variant system was built
fgvn-nbyr,tuv,input (computing),you,2026-09-15,in base.csv when the variant system was built
Cbpt-nmfp,tux,intuition,you,2026-09-15,in base.csv when the variant system was built
klqC-nlqb,tuc,emotion,you,2026-09-15,in base.csv when the variant system was built
fkvh-xdsm,tur,turf,you,2026-09-15,in base.csv when the variant system was built
wyyh-mymc,tul,tool,you,2026-09-15,in base.csv when the variant system was built
fxvn-zpfl,kim,climb,you,2026-09-15,in base.csv when the variant system was built
cCqs-bhCy,kiq,action,you,2026-09-15,in base.csv when the variant system was built
mzyr-kCvv,kid,could,you,2026-09-15,in base.csv when the variant system was built
hfqj-bkxw,kip,tune,you,2026-09-15,in base.csv when the variant system was built
kqxt-clfz,kik,kick,you,2026-09-15,in base.csv when the variant system was built
fnts-dkvy,kis,bottom,you,2026-09-15,in base.csv when the variant system was built
kcft-gpyx,kiz,if,you,2026-09-15,in base.csv when the variant system was built
CqtC-rbdt,kiv,intent,you,2026-09-15,in base.csv when the variant system was built
pkng-xsty,kix,process,you,2026-09-15,in base.csv when the variant system was built
pydx-xvzf,ken,communicate,you,2026-09-15,in base.csv when the variant system was built
bmnx-lvxw,keg,front,you,2026-09-15,in base.csv when the variant system was built
jwzf-dbbd,kep,clone,you,2026-09-15,in base.csv when the variant system was built
wytq-yzcy,ket,but,you,2026-09-15,in base.csv when the variant system was built
wcbx-dmsf,kek,agree,you,2026-09-15,in base.csv when the variant system was built
gzhm-fcbg,kes,case (situation),you,2026-09-15,in base.csv when the variant system was built
zyrs-CCmv,kam,calm,you,2026-09-15,in base.csv when the variant system was built
vhkt-qysy,kan,aggregate,you,2026-09-15,in base.csv when the variant system was built
xsjr-kntz,kaq,object,you,2026-09-15,in base.csv when the variant system was built
qfdj-xtvz,kab,receive,you,2026-09-15,in base.csv when the variant system was built
xsts-Cgxt,kat,focus,you,2026-09-15,in base.csv when the variant system was built
mxzc-jxhh,kaz,cause,you,2026-09-15,in base.csv when the variant system was built
fmnx-yxng,kaf,cough,you,2026-09-15,in base.csv when the variant system was built
cxyd-xCgq,kax,perfect,you,2026-09-15,in base.csv when the variant system was built
hbwc-Cszb,kar,call,you,2026-09-15,in base.csv when the variant system was built
pxpp-kwbk,kal,time,you,2026-09-15,in base.csv when the variant system was built
rgvz-pckz,kom,five,you,2026-09-15,in base.csv when the variant system was built
dzxs-xgjl,kon,and,you,2026-09-15,in base.csv when the variant system was built
ktfb-pwqk,kod,code,you,2026-09-15,in base.csv when the variant system was built
hpng-nmdh,kop,scope,you,2026-09-15,in base.csv when the variant system was built
qhzr-qcpd,kok,disagree,you,2026-09-15,in base.csv when the variant system was built
tCsz-kvgs,koz,z-axis,you,2026-09-15,in base.csv when the variant system was built
vdyh-rkgy,kov,cover,you,2026-09-15,in base.csv when the variant system was built
rClg-hvgr,kof,default,you,2026-09-15,in base.csv when the variant system was built
ykhq-mkhf,kox,cell (biology),you,2026-09-15,in base.csv when the variant system was built
qmCn-lCxz,koj,violet,you,2026-09-15,in base.csv when the variant system was built
pmtf-gxyw,kol,all,you,2026-09-15,in base.csv when the variant system was built
whyp-mhdn,kum,back area,you,2026-09-15,in base.csv when the variant system was built
Cckr-qzxv,kuq,manner,you,2026-09-15,in base.csv when the variant system was built
gsxr-wddp,kud,miss (didn't touch),you,2026-09-15,in base.csv when the variant system was built
pjtq-kyxf,kub,cube,you,2026-09-15,in base.csv when the variant system was built
xhmz-ntps,kup,tone,you,2026-09-15,in base.csv when the variant system was built
rncx-rlsj,kus,constant,you,2026-09-15,in base.csv when the variant system was built
jphy-tnCf,kuv,divide,you,2026-09-15,in base.csv when the variant system was built
dbzz-jqhd,kuf,clue,you,2026-09-15,in base.csv when the variant system was built
xkjy-fhps,kur,down,you,2026-09-15,in base.csv when the variant system was built
gbmy-dkrt,kul,cool (interjection),you,2026-09-15,in base.csv when the variant system was built
vqCm-tjmf,him,nothing,you,2026-09-15,in base.csv when the variant system was built
hngh-pCjq,hin,hi,you,2026-09-15,in base.csv when the variant system was built
gfxv-vdqt,hid,not hidden,you,2026-09-15,in base.csv when the variant system was built
nvdj-ygtc,hip,group,you,2026-09-15,in base.csv when the variant system was built
pzmg-dzhc,hit,heat,you,2026-09-15,in base.csv when the variant system was built
rhmm-sdxb,hik,hike,you,2026-09-15,in base.csv when the variant system was built
Cyxm-Cnsd,his,snake,you,2026-09-15,in base.csv when the variant system was built
hrby-lmgq,hix,peach (color),you,2026-09-15,in base.csv when the variant system was built
ntpp-mlzb,hem,hey,you,2026-09-15,in base.csv when the variant system was built
tcsj-fthd,heq,hang,you,2026-09-15,in base.csv when the variant system was built
zxyq-zwhb,hek,hour,you,2026-09-15,in base.csv when the variant system was built
gqCn-hswl,hez,every,you,2026-09-15,in base.csv when the variant system was built
zzkj-qrhv,ham,hmm,you,2026-09-15,in base.csv when the variant system was built
wvmr-drvk,han,zero,you,2026-09-15,in base.csv when the variant system was built
jtyt-mbpx,had,head,you,2026-09-15,in base.csv when the variant system was built
wqld-mjhd,hap,event,you,2026-09-15,in base.csv when the variant system was built
tvwx-pzjd,hat,at,you,2026-09-15,in base.csv when the variant system was built
jxbk-lzgn,hak,hack (work),you,2026-09-15,in base.csv when the variant system was built
flfn-lrff,has,hyper,you,2026-09-15,in base.csv when the variant system was built
jcfl-sxhn,haz,have,you,2026-09-15,in base.csv when the variant system was built
rbgC-Cmhs,har,era,you,2026-09-15,in base.csv when the variant system was built
kcfz-fqbz,hal,how,you,2026-09-15,in base.csv when the variant system was built
cbfq-wjvz,hom,home,you,2026-09-15,in base.csv when the variant system was built
mpxt-qsqC,hoq,hold,you,2026-09-15,in base.csv when the variant system was built
mnbn-zhjh,hod,period of x (-hood),you,2026-09-15,in base.csv when the variant system was built
klkc-kqwb,hop,hope,you,2026-09-15,in base.csv when the variant system was built
yndr-lklh,hok,okay,you,2026-09-15,in base.csv when the variant system was built
ytpm-cqly,hoz,cardinal number,you,2026-09-15,in base.csv when the variant system was built
scfz-zgdv,hov,floating point,you,2026-09-15,in base.csv when the variant system was built
xqsy-hrqr,hol,whole,you,2026-09-15,in base.csv when the variant system was built
slwy-wxlx,hum,urge,you,2026-09-15,in base.csv when the variant system was built
nnzg-xbpf,hun,illusion,you,2026-09-15,in base.csv when the variant system was built
jpyr-zcjw,huq,uh,you,2026-09-15,in base.csv when the variant system was built
cysh-mpkt,hud,hide,you,2026-09-15,in base.csv when the variant system was built
sksg-Cdvq,hub,x-axis,you,2026-09-15,in base.csv when the variant system was built
rmmg-qdlb,hut,heed,you,2026-09-15,in base.csv when the variant system was built
smnn-rtth,huk,hook,you,2026-09-15,in base.csv when the variant system was built
pCxs-wkpp,huz,duration,you,2026-09-15,in base.csv when the variant system was built
jjcg-gpth,huv,handle,you,2026-09-15,in base.csv when the variant system was built
Cdtx-tpmC,sig,front,you,2026-09-15,in base.csv when the variant system was built
kjzC-jyyv,sid,seed,you,2026-09-15,in base.csv when the variant system was built
fswC-vhzd,sip,asleep,you,2026-09-15,in base.csv when the variant system was built
vnrk-xvsv,sit,medium,you,2026-09-15,in base.csv when the variant system was built
myqg-msqz,sik,seek,you,2026-09-15,in base.csv when the variant system was built
hCvw-znmy,siz,peace,you,2026-09-15,in base.csv when the variant system was built
pxcf-qzbb,siv,perceive,you,2026-09-15,in base.csv when the variant system was built
lfxn-jpCp,sif,purple,you,2026-09-15,in base.csv when the variant system was built
rsvk-sftb,six,all encompasing thing,you,2026-09-15,in base.csv when the variant system was built
sknw-vbfc,siC,hush,you,2026-09-15,in base.csv when the variant system was built
lpdx-mbnh,sem,same (sym-),you,2026-09-15,in base.csv when the variant system was built
gyfC-ftnk,sep,swipe,you,2026-09-15,in base.csv when the variant system was built
hcxx-slxC,sek,percept,you,2026-09-15,in base.csv when the variant system was built
lcjm-jwlw,sez,sir,you,2026-09-15,in base.csv when the variant system was built
qpgx-wcgs,sev,save,you,2026-09-15,in base.csv when the variant system was built
pwlC-wmjh,sef,continue,you,2026-09-15,in base.csv when the variant system was built
mtrt-smgw,seC,etc.,you,2026-09-15,in base.csv when the variant system was built
xjgs-nnhk,sam,sound,you,2026-09-15,in base.csv when the variant system was built
xryj-rxdk,san,sun,you,2026-09-15,in base.csv when the variant system was built
tCqt-zmmj,saq,song,you,2026-09-15,in base.csv when the variant system was built
tzqj-nftt,sag,beyond (extra- or hyper-),you,2026-09-15,in base.csv when the variant system was built
chnj-pcqt,sab,describe,you,2026-09-15,in base.csv when the variant system was built
nzsl-lykl,sap,present (now),you,2026-09-15,in base.csv when the variant system was built
skpw-mhCk,sat,sight,you,2026-09-15,in base.csv when the variant system was built
cgzq-hqqz,sas,parent,you,2026-09-15,in base.csv when the variant system was built
zrgh-ywtk,saz,emphasize,you,2026-09-15,in base.csv when the variant system was built
jwdx-tzxs,sav,silver,you,2026-09-15,in base.csv when the variant system was built
vxwg-dxdd,sax,wash,you,2026-09-15,in base.csv when the variant system was built
bbtf-pvmt,saj,etc,you,2026-09-15,in base.csv when the variant system was built
ytkn-Cdkz,sar,surf,you,2026-09-15,in base.csv when the variant system was built
skrk-lcgw,sal,like (similar),you,2026-09-15,in base.csv when the variant system was built
sbbh-cczf,som,drug,you,2026-09-15,in base.csv when the variant system was built
rjqz-ymgm,sog,reason,you,2026-09-15,in base.csv when the variant system was built
wxjC-zrkC,sod,mystery,you,2026-09-15,in base.csv when the variant system was built
ysxn-lnCz,sop,so/transition,you,2026-09-15,in base.csv when the variant system was built
dsrv-ggzs,sok,around/surround,you,2026-09-15,in base.csv when the variant system was built
jkvq-qrkl,soz,also,you,2026-09-15,in base.csv when the variant system was built
rkgv-qgwl,sof,each,you,2026-09-15,in base.csv when the variant system was built
bvjv-qzhx,sor,file (computer),you,2026-09-15,in base.csv when the variant system was built
dvnt-jhzb,sol,soul,you,2026-09-15,in base.csv when the variant system was built
ryxn-dydx,sub,I,you,2026-09-15,in base.csv when the variant system was built
bdgy-rwpz,sup,above (super)/hover,you,2026-09-15,in base.csv when the variant system was built
pkmm-kllj,sut,store,you,2026-09-15,in base.csv when the variant system was built
zkkt-sxwn,suk,top,you,2026-09-15,in base.csv when the variant system was built
ncjs-wfgk,suv,observe,you,2026-09-15,in base.csv when the variant system was built
vqlr-kpxk,suf,self (auto-),you,2026-09-15,in base.csv when the variant system was built
skqt-wqwq,suC,three,you,2026-09-15,in base.csv when the variant system was built
nmgs-pnqd,sur,assert,you,2026-09-15,in base.csv when the variant system was built
bhdh-bkgk,sul,still (time),you,2026-09-15,in base.csv when the variant system was built
qddm-scpf,zim,pleasure,you,2026-09-15,in base.csv when the variant system was built
qnbt-qxrs,zin,decision,you,2026-09-15,in base.csv when the variant system was built
zbhk-Cjxq,ziq,zing,you,2026-09-15,in base.csv when the variant system was built
msfg-vrqq,zig,gain,you,2026-09-15,in base.csv when the variant system was built
mcCC-mgvl,zip,graph,you,2026-09-15,in base.csv when the variant system was built
flyb-qlcf,zem,plasma (matter),you,2026-09-15,in base.csv when the variant system was built
yszv-zhcp,zet,olive (color),you,2026-09-15,in base.csv when the variant system was built
smxf-gznc,zan,one,you,2026-09-15,in base.csv when the variant system was built
dcxf-rqyk,zaq,presence,you,2026-09-15,in base.csv when the variant system was built
hCnv-rrwy,zab,public,you,2026-09-15,in base.csv when the variant system was built
zgqr-cslz,zap,zap,you,2026-09-15,in base.csv when the variant system was built
mzrb-lxzm,zak,effect,you,2026-09-15,in base.csv when the variant system was built
drfv-hzpf,zav,lie,you,2026-09-15,in base.csv when the variant system was built
gbky-bsdk,zaf,equal (iso-),you,2026-09-15,in base.csv when the variant system was built
bzrC-yqtf,zar,vowel,you,2026-09-15,in base.csv when the variant system was built
tvbr-Chmn,zom,so/great,you,2026-09-15,in base.csv when the variant system was built
vtnr-pnqv,zon,zone,you,2026-09-15,in base.csv when the variant system was built
jwdp-nrkh,zok,try,you,2026-09-15,in base.csv when the variant system was built
mkck-wzsf,zox,sense,you,2026-09-15,in base.csv when the variant system was built
pmcn-cCdb,zum,zoom,you,2026-09-15,in base.csv when the variant system was built
zlvn-cwxC,zub,absorb,you,2026-09-15,in base.csv when the variant system was built
pczs-pbyp,zut,identity,you,2026-09-15,in base.csv when the variant system was built
prmC-dCrq,zuk,where,you,2026-09-15,in base.csv when the variant system was built
blkn-ppcc,zus,experience,you,2026-09-15,in base.csv when the variant system was built
cprk-Cgsd,zuz,converse (talk),you,2026-09-15,in base.csv when the variant system was built
tdCp-zlsw,zur,fall,you,2026-09-15,in base.csv when the variant system was built
qnpc-hfvn,zul,animal,you,2026-09-15,in base.csv when the variant system was built
rzxv-stdy,vim,way/style,you,2026-09-15,in base.csv when the variant system was built
rhmg-rnzy,vin,fill (-full),you,2026-09-15,in base.csv when the variant system was built
jnyr-nzny,viq,everything,you,2026-09-15,in base.csv when the variant system was built
Ckvt-Cbmj,vig,start,you,2026-09-15,in base.csv when the variant system was built
vgvz-pbnz,vid,veer,you,2026-09-15,in base.csv when the variant system was built
cktf-fwvr,vip,six,you,2026-09-15,in base.csv when the variant system was built
mxzw-gClt,vit,information,you,2026-09-15,in base.csv when the variant system was built
cbnc-bfCf,vis,see,you,2026-09-15,in base.csv when the variant system was built
jlyk-wmfr,vix,preserve,you,2026-09-15,in base.csv when the variant system was built
pjrw-gzjm,vic,bit,you,2026-09-15,in base.csv when the variant system was built
ybkr-fsgn,ved,study or science of (-ology),you,2026-09-15,in base.csv when the variant system was built
pnCw-rgCC,veb,byte,you,2026-09-15,in base.csv when the variant system was built
lntx-smvt,vek,filter,you,2026-09-15,in base.csv when the variant system was built
bwCh-cwbj,ves,vessel,you,2026-09-15,in base.csv when the variant system was built
zpby-rxdy,vex,reveal,you,2026-09-15,in base.csv when the variant system was built
zyms-ylln,van,having the nature of (-ivity),you,2026-09-15,in base.csv when the variant system was built
cCff-qhkv,vab,vibe,you,2026-09-15,in base.csv when the variant system was built
wxry-sqdm,vat,body,you,2026-09-15,in base.csv when the variant system was built
Clhh-ffbk,vak,multiply,you,2026-09-15,in base.csv when the variant system was built
ldwd-qslp,vas,aspect,you,2026-09-15,in base.csv when the variant system was built
xxnv-jrtg,vav,repeat,you,2026-09-15,in base.csv when the variant system was built
fyqy-vgvb,vax,it,you,2026-09-15,in base.csv when the variant system was built
sdcw-jCdn,var,variable,you,2026-09-15,in base.csv when the variant system was built
xzlh-hCfd,val,value,you,2026-09-15,in base.csv when the variant system was built
ssyx-tlsf,von,sin,you,2026-09-15,in base.csv when the variant system was built
wttm-vrgb,vog,black,you,2026-09-15,in base.csv when the variant system was built
pCqw-pkCr,vod,void,you,2026-09-15,in base.csv when the variant system was built
dyCh-cplC,vot,vote,you,2026-09-15,in base.csv when the variant system was built
qpsx-ppxq,voz,voice,you,2026-09-15,in base.csv when the variant system was built
xfkd-tjtm,vov,axis,you,2026-09-15,in base.csv when the variant system was built
zgsh-jbvd,vun,on,you,2026-09-15,in base.csv when the variant system was built
ggtz-Cxgm,vuq,data,you,2026-09-15,in base.csv when the variant system was built
wtqx-vysp,vus,flex,you,2026-09-15,in base.csv when the variant system was built
pdwr-kyyj,vuc,catch,you,2026-09-15,in base.csv when the variant system was built
sygx-lqxn,vul,via,you,2026-09-15,in base.csv when the variant system was built
bptl-wblq,fim,female,you,2026-09-15,in base.csv when the variant system was built
llxs-fnjp,fid,next,you,2026-09-15,in base.csv when the variant system was built
Cqps-mbvn,fix,belief,you,2026-09-15,in base.csv when the variant system was built
btrn-gztz,fet,eight,you,2026-09-15,in base.csv when the variant system was built
cfrv-mlyh,fek,fake,you,2026-09-15,in base.csv when the variant system was built
pssy-vbzm,fes,face,you,2026-09-15,in base.csv when the variant system was built
bsft-wybf,fam,family,you,2026-09-15,in base.csv when the variant system was built
lhbk-tgCx,fan,find,you,2026-09-15,in base.csv when the variant system was built
ltxv-tcqj,faz,green,you,2026-09-15,in base.csv when the variant system was built
rtxh-gygv,fon,device,you,2026-09-15,in base.csv when the variant system was built
jhgn-mnpn,fot,right (direction),you,2026-09-15,in base.csv when the variant system was built
clsd-kjjl,fok,halt,you,2026-09-15,in base.csv when the variant system was built
mkvC-kprp,fos,else,you,2026-09-15,in base.csv when the variant system was built
rcfn-cbfC,for,fire,you,2026-09-15,in base.csv when the variant system was built
yvsc-dCxx,fun,within (endo-),you,2026-09-15,in base.csv when the variant system was built
ydsl-yhjf,fuq,function,you,2026-09-15,in base.csv when the variant system was built
CsCb-jxxh,fug,figure (it out),you,2026-09-15,in base.csv when the variant system was built
ypkh-kfbn,fup,borrow,you,2026-09-15,in base.csv when the variant system was built
nCsh-pxkx,fut,bad,you,2026-09-15,in base.csv when the variant system was built
qwyt-rscl,fus,discontinuous,you,2026-09-15,in base.csv when the variant system was built
czjf-xhhp,fuz,fusion,you,2026-09-15,in base.csv when the variant system was built
qdgm-bcgj,fuj,refuge,you,2026-09-15,in base.csv when the variant system was built
rfzd-mvjl,fur,fail,you,2026-09-15,in base.csv when the variant system was built
vwwk-jjmb,ful,fuel,you,2026-09-15,in base.csv when the variant system was built
Ckgb-krqn,xim,speech,you,2026-09-15,in base.csv when the variant system was built
xgCk-mcfp,xin,machine,you,2026-09-15,in base.csv when the variant system was built
bzdx-xbbd,xiq,will,you,2026-09-15,in base.csv when the variant system was built
hwmn-ynCb,xid,grey,you,2026-09-15,in base.csv when the variant system was built
jcnp-nhtt,xip,imagine,you,2026-09-15,in base.csv when the variant system was built
tvwk-wxyC,xit,provide,you,2026-09-15,in base.csv when the variant system was built
dCsw-Crrk,xiv,destroy,you,2026-09-15,in base.csv when the variant system was built
qmkx-xwqc,xic,eye,you,2026-09-15,in base.csv when the variant system was built
tzkd-wssw,xen,result,you,2026-09-15,in base.csv when the variant system was built
ghjw-vbcz,xed,should,you,2026-09-15,in base.csv when the variant system was built
yvdr-ghwy,xam,chime,you,2026-09-15,in base.csv when the variant system was built
nrvg-ynhl,xab,seven,you,2026-09-15,in base.csv when the variant system was built
btrC-pCcn,xat,or,you,2026-09-15,in base.csv when the variant system was built
Cnbp-vwxC,xax,eternal,you,2026-09-15,in base.csv when the variant system was built
Ccjc-tprd,xal,share,you,2026-09-15,in base.csv when the variant system was built
yCpn-czdj,xom,now,you,2026-09-15,in base.csv when the variant system was built
jsnv-vbtf,xok,copy,you,2026-09-15,in base.csv when the variant system was built
Crrr-fmsp,xol,show,you,2026-09-15,in base.csv when the variant system was built
stpy-bvwr,xum,sky,you,2026-09-15,in base.csv when the variant system was built
vkkc-xdrj,xun,change,you,2026-09-15,in base.csv when the variant system was built
scsw-jpzm,xud,quiet,you,2026-09-15,in base.csv when the variant system was built
pfjw-sqqt,xup,ship,you,2026-09-15,in base.csv when the variant system was built
nhjh-tnzs,xut,shout,you,2026-09-15,in base.csv when the variant system was built
vCqm-zffz,xuv,return,you,2026-09-15,in base.csv when the variant system was built
qjzz-wnmp,xul,subtract,you,2026-09-15,in base.csv when the variant system was built
fjyg-hkbr,jin,paradise,you,2026-09-15,in base.csv when the variant system was built
Ckmq-bgyy,jit,digit,you,2026-09-15,in base.csv when the variant system was built
dpvg-sskm,jet,throw,you,2026-09-15,in base.csv when the variant system was built
fcfv-pfwk,jan,spirit,you,2026-09-15,in base.csv when the variant system was built
mplw-vqtj,jaq,count,you,2026-09-15,in base.csv when the variant system was built
wCsj-ggqq,jak,wisdom,you,2026-09-15,in base.csv when the variant system was built
zcrC-pvmv,jas,just (close-focus),you,2026-09-15,in base.csv when the variant system was built
nbch-jzlm,jom,pattern,you,2026-09-15,in base.csv when the variant system was built
nxjd-tbpc,jul,universe,you,2026-09-15,in base.csv when the variant system was built
tdbc-jlgy,Ciz,kaledoscope,you,2026-09-15,in base.csv when the variant system was built
Cddj-mqbt,Cev,without,you,2026-09-15,in base.csv when the variant system was built
pnyt-rrqx,Can,than/compare,you,2026-09-15,in base.csv when the variant system was built
rghs-myrd,Cas,thus,you,2026-09-15,in base.csv when the variant system was built
grCc-qynp,Car,there (abstract reference),you,2026-09-15,in base.csv when the variant system was built
jwmn-llrt,Con,transition,you,2026-09-15,in base.csv when the variant system was built
bnbk-xjcC,Cog,though/regard,you,2026-09-15,in base.csv when the variant system was built
jllg-nhbn,Coz,except,you,2026-09-15,in base.csv when the variant system was built
hrwc-hnlf,ciq,thing (hatchling),you,2026-09-15,in base.csv when the variant system was built
bhqx-swdm,cit,get,you,2026-09-15,in base.csv when the variant system was built
tshg-nrjw,cam,then,you,2026-09-15,in base.csv when the variant system was built
zxtw-xyfn,cad,life,you,2026-09-15,in base.csv when the variant system was built
tCdt-jhbh,cat,mud,you,2026-09-15,in base.csv when the variant system was built
cblv-mCCj,cak,thank,you,2026-09-15,in base.csv when the variant system was built
Cgdd-xvwy,cok,spec,you,2026-09-15,in base.csv when the variant system was built
bznd-ymgl,cov,brown,you,2026-09-15,in base.csv when the variant system was built
kymC-ymng,cub,torture,you,2026-09-15,in base.csv when the variant system was built
lrbx-dbkc,cuk,eleven,you,2026-09-15,in base.csv when the variant system was built
mhzr-kcnc,cuv,field (ether),you,2026-09-15,in base.csv when the variant system was built
stCp-Csgb,cux,key,you,2026-09-15,in base.csv when the variant system was built
crhf-qsbh,yin,north,you,2026-09-15,in base.csv when the variant system was built
jswm-nyrn,yiq,impermanent,you,2026-09-15,in base.csv when the variant system was built
tpyt-hjpg,yit,night,you,2026-09-15,in base.csv when the variant system was built
tglb-tfmw,yix,something,you,2026-09-15,in base.csv when the variant system was built
kllc-xqqw,yem,yum (food),you,2026-09-15,in base.csv when the variant system was built
tzpl-xcpC,yev,sort,you,2026-09-15,in base.csv when the variant system was built
pCcp-ttls,yam,day,you,2026-09-15,in base.csv when the variant system was built
gpwb-jpcC,yan,vehicle,you,2026-09-15,in base.csv when the variant system was built
kszb-mqnr,yaq,permanent,you,2026-09-15,in base.csv when the variant system was built
ycxz-txCc,yad,away,you,2026-09-15,in base.csv when the variant system was built
Clcj-qjjj,yap,yep,you,2026-09-15,in base.csv when the variant system was built
qrgy-xjrk,yat,way,you,2026-09-15,in base.csv when the variant system was built
nCtg-vqCw,yaj,measure,you,2026-09-15,in base.csv when the variant system was built
mqnr-rdfd,yar,year,you,2026-09-15,in base.csv when the variant system was built
wblz-dzjh,yal,turquoise,you,2026-09-15,in base.csv when the variant system was built
vfrd-cpzc,yog,practice of focusing on x (-ism),you,2026-09-15,in base.csv when the variant system was built
qmtk-ypfd,yov,of,you,2026-09-15,in base.csv when the variant system was built
xcqw-bccn,yol,yell,you,2026-09-15,in base.csv when the variant system was built
ygcc-rCcr,yut,yet,you,2026-09-15,in base.csv when the variant system was built
hnph-gkss,yuk,black,you,2026-09-15,in base.csv when the variant system was built
rjxp-gCjz,yuz,use,you,2026-09-15,in base.csv when the variant system was built
kqjf-kcbv,yuv,view,you,2026-09-15,in base.csv when the variant system was built
dglt-CtjC,yuc,with (con-),you,2026-09-15,in base.csv when the variant system was built
ncfj-sbCf,yul,polynomial,you,2026-09-15,in base.csv when the variant system was built
tjtC-szkn,rin,run,you,2026-09-15,in base.csv when the variant system was built
qnpg-wrwz,rid,read,you,2026-09-15,in base.csv when the variant system was built
cbjl-ntlj,rib,ribbit,you,2026-09-15,in base.csv when the variant system was built
dtsp-rwpl,rip,rich,you,2026-09-15,in base.csv when the variant system was built
tspw-tbft,rit,soil,you,2026-09-15,in base.csv when the variant system was built
cbcf-Cctr,rik,up,you,2026-09-15,in base.csv when the variant system was built
bjnb-wgkt,ris,express,you,2026-09-15,in base.csv when the variant system was built
xdvr-fyjC,riz,rise,you,2026-09-15,in base.csv when the variant system was built
ytzz-tCbt,riv,to/arrive,you,2026-09-15,in base.csv when the variant system was built
nyqg-bvqk,rif,close (near),you,2026-09-15,in base.csv when the variant system was built
drhh-rkcc,riC,algorithm,you,2026-09-15,in base.csv when the variant system was built
tgst-xjtj,ric,straight,you,2026-09-15,in base.csv when the variant system was built
dqmc-vlCc,ren,rain,you,2026-09-15,in base.csv when the variant system was built
fpdl-ffyv,reg,edit,you,2026-09-15,in base.csv when the variant system was built
lqmy-ddhk,red,red,you,2026-09-15,in base.csv when the variant system was built
cfvy-plsp,ret,after,you,2026-09-15,in base.csv when the variant system was built
gxvd-qkdb,ref,success,you,2026-09-15,in base.csv when the variant system was built
Cwlf-xswh,rex,array,you,2026-09-15,in base.csv when the variant system was built
pgvb-ddsg,reC,progress,you,2026-09-15,in base.csv when the variant system was built
ncbn-nttl,ram,dark,you,2026-09-15,in base.csv when the variant system was built
jgls-jpll,ran,frog,you,2026-09-15,in base.csv when the variant system was built
dlgC-kCCy,raq,wrong,you,2026-09-15,in base.csv when the variant system was built
kwtg-kgqw,rab,ride,you,2026-09-15,in base.csv when the variant system was built
pCwn-wcgw,rap,wrap,you,2026-09-15,in base.csv when the variant system was built
zxln-hpxg,rat,write,you,2026-09-15,in base.csv when the variant system was built
mgkc-scfy,rak,rock,you,2026-09-15,in base.csv when the variant system was built
rkht-fqhq,ras,in,you,2026-09-15,in base.csv when the variant system was built
zbxj-xyrf,raz,resonate,you,2026-09-15,in base.csv when the variant system was built
mvmw-kbfz,rav,particle,you,2026-09-15,in base.csv when the variant system was built
yndt-zkxl,raf,reference,you,2026-09-15,in base.csv when the variant system was built
gmtb-ympx,raj,range,you,2026-09-15,in base.csv when the variant system was built
xsvc-jzdc,raC,rhythm,you,2026-09-15,in base.csv when the variant system was built
pdzv-mjxn,rar,rare,you,2026-09-15,in base.csv when the variant system was built
mnCp-thgf,ral,raw,you,2026-09-15,in base.csv when the variant system was built
lxwv-rlhj,ron,environment,you,2026-09-15,in base.csv when the variant system was built
ckxj-wtll,rog,east,you,2026-09-15,in base.csv when the variant system was built
ncCb-CCzx,rot,false,you,2026-09-15,in base.csv when the variant system was built
dvCs-mcvj,ros,force,you,2026-09-15,in base.csv when the variant system was built
nnsy-nrtn,roz,rose,you,2026-09-15,in base.csv when the variant system was built
Cdml-jjtg,rov,copper,you,2026-09-15,in base.csv when the variant system was built
rpkt-vrhj,rol,cycle,you,2026-09-15,in base.csv when the variant system was built
cczh-cscC,rum,realm,you,2026-09-15,in base.csv when the variant system was built
cdcj-ryrz,run,glyph,you,2026-09-15,in base.csv when the variant system was built
blgp-lnjw,rug,this,you,2026-09-15,in base.csv when the variant system was built
fCmc-wjlv,rud,update,you,2026-09-15,in base.csv when the variant system was built
fxCC-ybcy,rub,logarithm,you,2026-09-15,in base.csv when the variant system was built
wjfd-pfhj,rup,right (time),you,2026-09-15,in base.csv when the variant system was built
phCc-wnyr,ruk,location,you,2026-09-15,in base.csv when the variant system was built
xwfC-zdsy,ruz,consonant,you,2026-09-15,in base.csv when the variant system was built
Cwbp-tszg,ruv,local,you,2026-09-15,in base.csv when the variant system was built
Cpzp-hzsd,rul,rule (in system),you,2026-09-15,in base.csv when the variant system was built
kCzk-wlbm,lin,learn,you,2026-09-15,in base.csv when the variant system was built
fglv-fzzk,liq,simulate,you,2026-09-15,in base.csv when the variant system was built
wwpx-hbcg,lig,square root,you,2026-09-15,in base.csv when the variant system was built
ccll-jvkt,lid,lead,you,2026-09-15,in base.csv when the variant system was built
CfCr-ftsk,lip,chain,you,2026-09-15,in base.csv when the variant system was built
dzdp-wxgr,lit,light,you,2026-09-15,in base.csv when the variant system was built
yvrt-xvyv,lik,link,you,2026-09-15,in base.csv when the variant system was built
stcx-rlwb,lif,leaf,you,2026-09-15,in base.csv when the variant system was built
bsmf-rzhz,lij,orient,you,2026-09-15,in base.csv when the variant system was built
bffg-wpzc,lem,low,you,2026-09-15,in base.csv when the variant system was built
pjzm-wftr,lep,push,you,2026-09-15,in base.csv when the variant system was built
bpdj-pbzt,lek,collect,you,2026-09-15,in base.csv when the variant system was built
lqsd-mlbl,les,air,you,2026-09-15,in base.csv when the variant system was built
yjmf-fdxd,leC,point,you,2026-09-15,in base.csv when the variant system was built
bzqs-hczh,lam,real,you,2026-09-15,in base.csv when the variant system was built
lCdf-ymgC,lan,land,you,2026-09-15,in base.csv when the variant system was built
wvdx-bkhs,laq,object feature type,you,2026-09-15,in base.csv when the variant system was built
tbsf-xjgz,lag,organ (body),you,2026-09-15,in base.csv when the variant system was built
sdfj-xltc,lad,yellow,you,2026-09-15,in base.csv when the variant system was built
lbrr-xcfx,lat,grey,you,2026-09-15,in base.csv when the variant system was built
dnvc-ctlj,lak,like,you,2026-09-15,in base.csv when the variant system was built
pzmg-jtjl,laz,very much of (-some),you,2026-09-15,in base.csv when the variant system was built
wgcf-kttm,lav,love,you,2026-09-15,in base.csv when the variant system was built
qzsn-mxlt,laf,four,you,2026-09-15,in base.csv when the variant system was built
xtkx-cgmf,lax,add,you,2026-09-15,in base.csv when the variant system was built
lhjC-qlmc,lal,y-axis,you,2026-09-15,in base.csv when the variant system was built
hgrq-glnj,lom,plural (many),you,2026-09-15,in base.csv when the variant system was built
wbkj-rnfq,lon,loan,you,2026-09-15,in base.csv when the variant system was built
fsjC-jdls,log,permute,you,2026-09-15,in base.csv when the variant system was built
dvgb-vhgs,lod,load,you,2026-09-15,in base.csv when the variant system was built
mpjl-srhz,lob,error,you,2026-09-15,in base.csv when the variant system was built
xykk-vmmx,lot,lot (land),you,2026-09-15,in base.csv when the variant system was built
jmkl-Cbnb,lok,place (space location),you,2026-09-15,in base.csv when the variant system was built
lwcc-tmCs,los,less of (-less) empty,you,2026-09-15,in base.csv when the variant system was built
sysk-fpbc,lox,string (computing),you,2026-09-15,in base.csv when the variant system was built
xlky-xbcn,lor,lord,you,2026-09-15,in base.csv when the variant system was built
fqtw-wfpv,lum,branch,you,2026-09-15,in base.csv when the variant system was built
xzgh-tpxm,lun,moon,you,2026-09-15,in base.csv when the variant system was built
Cntp-tcgC,luq,question,you,2026-09-15,in base.csv when the variant system was built
pgbr-sczm,lup,loop,you,2026-09-15,in base.csv when the variant system was built
zlqq-gzmf,lut,south,you,2026-09-15,in base.csv when the variant system was built
jcjn-kzyr,luk,look,you,2026-09-15,in base.csv when the variant system was built
vcCt-bvfC,luf,far (large-distance-focus),you,2026-09-15,in base.csv when the variant system was built
vgxj-dggf,luj,logic,you,2026-09-15,in base.csv when the variant system was built
bCtv-cfvq,wim,bounty,you,2026-09-15,in base.csv when the variant system was built
wtsw-dptw,win,when (time location),you,2026-09-15,in base.csv when the variant system was built
zlys-xssy,wiq,wing,you,2026-09-15,in base.csv when the variant system was built
grwl-ggcj,wig,kaleidoscope,you,2026-09-15,in base.csv when the variant system was built
skcf-kbCm,wip,white,you,2026-09-15,in base.csv when the variant system was built
wqgk-zyzq,wis,inverse,you,2026-09-15,in base.csv when the variant system was built
dnzx-mhpv,wiz,solve,you,2026-09-15,in base.csv when the variant system was built
wlfn-sbmn,wiv,connection network (neighborhood),you,2026-09-15,in base.csv when the variant system was built
ykmk-xtwb,wem,warm,you,2026-09-15,in base.csv when the variant system was built
cslx-dwdf,web,west,you,2026-09-15,in base.csv when the variant system was built
qzlm-ddps,wet,wait,you,2026-09-15,in base.csv when the variant system was built
rhrn-stnw,wek,week,you,2026-09-15,in base.csv when the variant system was built
jlfq-htfm,wez,fifteen,you,2026-09-15,in base.csv when the variant system was built
rgbb-pmwy,wev,wave,you,2026-09-15,in base.csv when the variant system was built
hzng-knlv,wan,why,you,2026-09-15,in base.csv when the variant system was built
wdCf-gqpd,waq,um,you,2026-09-15,in base.csv when the variant system was built
wvhd-jddb,wat,white,you,2026-09-15,in base.csv when the variant system was built
htcz-ntfg,wak,walk,you,2026-09-15,in base.csv when the variant system was built
mfgt-kCnC,wav,exist,you,2026-09-15,in base.csv when the variant system was built
fbCn-lCty,waC,water,you,2026-09-15,in base.csv when the variant system was built
cwcd-dqxh,war,wear,you,2026-09-15,in base.csv when the variant system was built
jpng-kCds,wal,while,you,2026-09-15,in base.csv when the variant system was built
wslq-gdvC,wom,well (good),you,2026-09-15,in base.csv when the variant system was built
rmkr-fkdf,woz,problem,you,2026-09-15,in base.csv when the variant system was built
tksk-Cljn,wor,forceful (like hard hit),you,2026-09-15,in base.csv when the variant system was built
smrx-hnyl,wol,wow,you,2026-09-15,in base.csv when the variant system was built
mrgl-mCmc,wum,swim,you,2026-09-15,in base.csv when the variant system was built
qvsx-Cxfn,wun,woo,you,2026-09-15,in base.csv when the variant system was built
ggpr-mzbx,wug,emanate,you,2026-09-15,in base.csv when the variant system was built
twvx-xzzp,wut,what,you,2026-09-15,in base.csv when the variant system was built
ddrz-bpCm,wux,system,you,2026-09-15,in base.csv when the variant system was built
fynj-qstc,grit,hello,you,2026-09-15,in base.csv when the variant system was built
Chdr-jvCx,griv,grieve,you,2026-09-15,in base.csv when the variant system was built
hrnn-lnvh,grem,grim,you,2026-09-15,in base.csv when the variant system was built
xrkw-dtmz,gred,grade (score),you,2026-09-15,in base.csv when the variant system was built
mhpr-bswx,grep,grape,you,2026-09-15,in base.csv when the variant system was built
xxkl-pwCl,gres,guess,you,2026-09-15,in base.csv when the variant system was built
jvsr-zmxs,gram,gram (measure),you,2026-09-15,in base.csv when the variant system was built
bymp-nvdx,grad,grid,you,2026-09-15,in base.csv when the variant system was built
smrb-lqsd,grap,issue,you,2026-09-15,in base.csv when the variant system was built
jqpx-hgvr,gras,grass,you,2026-09-15,in base.csv when the variant system was built
bgkt-ykcw,grav,graviton,you,2026-09-15,in base.csv when the variant system was built
qmhl-kyjz,grac,jaw,you,2026-09-15,in base.csv when the variant system was built
fwrt-ypzh,gral,foot,you,2026-09-15,in base.csv when the variant system was built
pjny-cfyh,groq,lion,you,2026-09-15,in base.csv when the variant system was built
ptsv-xmpq,gror,growl,you,2026-09-15,in base.csv when the variant system was built
jvwg-rfdz,grum,row,you,2026-09-15,in base.csv when the variant system was built
cymb-dzlm,grun,grow,you,2026-09-15,in base.csv when the variant system was built
xjyf-fgcz,grup,group (math),you,2026-09-15,in base.csv when the variant system was built
Cjbg-ywjw,grut,grit (strength),you,2026-09-15,in base.csv when the variant system was built
prfn-kvvd,gruv,rub,you,2026-09-15,in base.csv when the variant system was built
jsyy-qgwm,glip,lip,you,2026-09-15,in base.csv when the variant system was built
wmwq-lbmf,glen,gluon,you,2026-09-15,in base.csv when the variant system was built
zkzy-xvkx,gled,lay,you,2026-09-15,in base.csv when the variant system was built
vbgf-jvyx,glet,gate,you,2026-09-15,in base.csv when the variant system was built
jbwd-dtcm,glez,10^4,you,2026-09-15,in base.csv when the variant system was built
shxk-lwfd,glan,glide,you,2026-09-15,in base.csv when the variant system was built
vwqp-tqyd,glav,glove,you,2026-09-15,in base.csv when the variant system was built
fqxn-szkd,glob,planet,you,2026-09-15,in base.csv when the variant system was built
slcr-vqxr,glot,goat,you,2026-09-15,in base.csv when the variant system was built
bhzg-xwct,glok,your,you,2026-09-15,in base.csv when the variant system was built
kwlq-hnfq,glor,glare,you,2026-09-15,in base.csv when the variant system was built
CCnw-hnsq,gluk,lick,you,2026-09-15,in base.csv when the variant system was built
ttml-yghs,djin,gene,you,2026-09-15,in base.csv when the variant system was built
rrbx-rznr,djip,over,you,2026-09-15,in base.csv when the variant system was built
pmlh-wlzt,djiz,jeez,you,2026-09-15,in base.csv when the variant system was built
vgmw-ncdl,djek,reject,you,2026-09-15,in base.csv when the variant system was built
zvmr-yCmd,djam,jam,you,2026-09-15,in base.csv when the variant system was built
mqdq-wspC,djat,deal,you,2026-09-15,in base.csv when the variant system was built
jnmf-tkmr,djak,fingernail,you,2026-09-15,in base.csv when the variant system was built
rxrc-cztp,djas,justice,you,2026-09-15,in base.csv when the variant system was built
mfxd-qyxj,djaz,joy,you,2026-09-15,in base.csv when the variant system was built
pbbc-vwsb,djok,joke,you,2026-09-15,in base.csv when the variant system was built
cccs-jsyj,djud,jew,you,2026-09-15,in base.csv when the variant system was built
hfbm-sdyn,djus,juice,you,2026-09-15,in base.csv when the variant system was built
fgxt-dfbg,djul,jewel,you,2026-09-15,in base.csv when the variant system was built
cbrn-yvpx,drim,dream,you,2026-09-15,in base.csv when the variant system was built
Crrv-dpxz,drig,degree,you,2026-09-15,in base.csv when the variant system was built
brgy-zjbb,drib,10^6,you,2026-09-15,in base.csv when the variant system was built
qpzc-dwtl,driv,fate,you,2026-09-15,in base.csv when the variant system was built
bfwj-plkm,drix,direction,you,2026-09-15,in base.csv when the variant system was built
lpqg-zwns,dreg,drag,you,2026-09-15,in base.csv when the variant system was built
wxdv-vhvq,dref,definite,you,2026-09-15,in base.csv when the variant system was built
vtcg-zCtk,drex,hyphen,you,2026-09-15,in base.csv when the variant system was built
vdrg-yzfl,dram,human,you,2026-09-15,in base.csv when the variant system was built
fvvl-fpCk,drad,put,you,2026-09-15,in base.csv when the variant system was built
nzjx-tdfz,drap,drop,you,2026-09-15,in base.csv when the variant system was built
ljyv-tbfk,drak,harm,you,2026-09-15,in base.csv when the variant system was built
ltqd-cjmm,drav,candela (measurement),you,2026-09-15,in base.csv when the variant system was built
byCx-ztgw,dral,dry,you,2026-09-15,in base.csv when the variant system was built
vzvm-xwrk,dron,drone (sound),you,2026-09-15,in base.csv when the variant system was built
mkzd-fzjg,droz,enter,you,2026-09-15,in base.csv when the variant system was built
njyx-vfnd,drov,multicellular life,you,2026-09-15,in base.csv when the variant system was built
Cnsg-bpql,drum,drum,you,2026-09-15,in base.csv when the variant system was built
tgvn-ltsz,drup,d sound,you,2026-09-15,in base.csv when the variant system was built
nzxp-bmvj,drut,electricity,you,2026-09-15,in base.csv when the variant system was built
fsCw-jmht,drus,radius,you,2026-09-15,in base.csv when the variant system was built
rtcj-gvnh,drul,drool,you,2026-09-15,in base.csv when the variant system was built
ldzy-wCcf,briq,bring,you,2026-09-15,in base.csv when the variant system was built
mfmp-pkvn,brig,insecta,you,2026-09-15,in base.csv when the variant system was built
kqcf-dydd,brip,beep,you,2026-09-15,in base.csv when the variant system was built
qyym-hrlf,brit,orbit,you,2026-09-15,in base.csv when the variant system was built
whkC-lwnC,briz,simple,you,2026-09-15,in base.csv when the variant system was built
rfdg-hzxv,brif,brief,you,2026-09-15,in base.csv when the variant system was built
sscf-frwd,bren,brain,you,2026-09-15,in base.csv when the variant system was built
kxrz-fkzw,bred,braid,you,2026-09-15,in base.csv when the variant system was built
krny-xtjm,brek,break (pieces),you,2026-09-15,in base.csv when the variant system was built
vvww-yqgh,brev,brave,you,2026-09-15,in base.csv when the variant system was built
kfdc-drrs,brat,big,you,2026-09-15,in base.csv when the variant system was built
rpct-kdrv,brak,bacteria,you,2026-09-15,in base.csv when the variant system was built
nzjm-tvkw,braz,box,you,2026-09-15,in base.csv when the variant system was built
lxzl-brmk,bral,ball,you,2026-09-15,in base.csv when the variant system was built
mlpw-wqjf,broq,membrane,you,2026-09-15,in base.csv when the variant system was built
pxpx-pqCt,brod,bone,you,2026-09-15,in base.csv when the variant system was built
gppk-gCtC,brob,decimal,you,2026-09-15,in base.csv when the variant system was built
qlyb-jcmc,brol,brow,you,2026-09-15,in base.csv when the variant system was built
wdpm-wpmy,bruk,beak,you,2026-09-15,in base.csv when the variant system was built
lqhb-htrb,bruz,buzz,you,2026-09-15,in base.csv when the variant system was built
vrxq-jgCb,blim,beam,you,2026-09-15,in base.csv when the variant system was built
vkjz-gnzh,blin,belly,you,2026-09-15,in base.csv when the variant system was built
vzlr-shrj,bliz,our,you,2026-09-15,in base.csv when the variant system was built
sbyr-bfxs,bleq,eject,you,2026-09-15,in base.csv when the variant system was built
jjbz-vpvb,blet,bait,you,2026-09-15,in base.csv when the variant system was built
CCbp-nCCv,blab,blob,you,2026-09-15,in base.csv when the variant system was built
bhds-mwhj,bloz,boson,you,2026-09-15,in base.csv when the variant system was built
qjkl-pxvp,blof,blow,you,2026-09-15,in base.csv when the variant system was built
lxrp-rxwg,bloC,blood,you,2026-09-15,in base.csv when the variant system was built
nzgb-zfgs,blor,blur,you,2026-09-15,in base.csv when the variant system was built
dyct-ghzl,blum,bloom,you,2026-09-15,in base.csv when the variant system was built
tmjk-tcrk,blut,butt,you,2026-09-15,in base.csv when the variant system was built
qmtb-ndtl,prim,prime (primative),you,2026-09-15,in base.csv when the variant system was built
pckr-bhbx,prik,opaque,you,2026-09-15,in base.csv when the variant system was built
dCbw-mtjC,pres,pressure,you,2026-09-15,in base.csv when the variant system was built
cvpc-wgts,prex,precious,you,2026-09-15,in base.csv when the variant system was built
dklx-xwbd,pram,primordial,you,2026-09-15,in base.csv when the variant system was built
bxtf-hkfq,prag,pig,you,2026-09-15,in base.csv when the variant system was built
hbbx-lcck,prab,probable,you,2026-09-15,in base.csv when the variant system was built
jlrt-zstx,prat,apart,you,2026-09-15,in base.csv when the variant system was built
kytC-Cwsd,pras,press (force),you,2026-09-15,in base.csv when the variant system was built
mkgp-gCkx,praz,prize,you,2026-09-15,in base.csv when the variant system was built
vyyp-qtgv,prax,ash,you,2026-09-15,in base.csv when the variant system was built
kckz-bdwd,prot,proton,you,2026-09-15,in base.csv when the variant system was built
snhb-qsxC,proz,for/purpose,you,2026-09-15,in base.csv when the variant system was built
vdkj-dcpb,pruk,pick,you,2026-09-15,in base.csv when the variant system was built
jdzd-yzCq,pruv,prove,you,2026-09-15,in base.csv when the variant system was built
pzvh-fmvz,plin,discipline,you,2026-09-15,in base.csv when the variant system was built
pnlg-hlly,pliz,please,you,2026-09-15,in base.csv when the variant system was built
CClx-gbqz,plen,plane (geometry),you,2026-09-15,in base.csv when the variant system was built
nkfl-mmcs,pleg,plague,you,2026-09-15,in base.csv when the variant system was built
Cxjr-nzvf,plep,plop,you,2026-09-15,in base.csv when the variant system was built
rwrv-hwsk,plet,plate,you,2026-09-15,in base.csv when the variant system was built
tbjd-khtb,plek,their,you,2026-09-15,in base.csv when the variant system was built
tnnm-tbcc,plan,plan,you,2026-09-15,in base.csv when the variant system was built
xsyp-fksq,plap,glottal stop,you,2026-09-15,in base.csv when the variant system was built
sbwy-gsyq,plak,pluck,you,2026-09-15,in base.csv when the variant system was built
fhyf-wpvp,plas,compassion,you,2026-09-15,in base.csv when the variant system was built
fqpn-pvjz,plax,accomplish,you,2026-09-15,in base.csv when the variant system was built
mplt-vbvC,plar,play,you,2026-09-15,in base.csv when the variant system was built
jjCC-pCqs,plon,pion,you,2026-09-15,in base.csv when the variant system was built
cxml-shgr,plod,implode,you,2026-09-15,in base.csv when the variant system was built
bjsz-bnwC,plud,pound (measure),you,2026-09-15,in base.csv when the variant system was built
kfsm-qnpj,plup,poop,you,2026-09-15,in base.csv when the variant system was built
mCld-pnlq,txin,teen,you,2026-09-15,in base.csv when the variant system was built
nltv-ysqz,txeq,q sound,you,2026-09-15,in base.csv when the variant system was built
pqrd-qnvg,txet,shit,you,2026-09-15,in base.csv when the variant system was built
yxkn-wcfl,txes,chase,you,2026-09-15,in base.csv when the variant system was built
jrvh-dwln,txap,chip,you,2026-09-15,in base.csv when the variant system was built
tyyr-jlvl,txak,check,you,2026-09-15,in base.csv when the variant system was built
hkzq-gttf,txaz,100,you,2026-09-15,in base.csv when the variant system was built
jsdj-CfCk,txal,shell,you,2026-09-15,in base.csv when the variant system was built
phsk-Cbjp,txot,loose,you,2026-09-15,in base.csv when the variant system was built
gfmw-yzpz,txor,saturate,you,2026-09-15,in base.csv when the variant system was built
rfyx-zClb,txum,tissue,you,2026-09-15,in base.csv when the variant system was built
rpct-blnp,txun,sneeze,you,2026-09-15,in base.csv when the variant system was built
hnhg-Cspt,txut,chew,you,2026-09-15,in base.csv when the variant system was built
gdpn-cCdf,txuz,choose,you,2026-09-15,in base.csv when the variant system was built
mnlr-tCtq,txul,actual,you,2026-09-15,in base.csv when the variant system was built
mxvr-rkjm,trin,neutrino,you,2026-09-15,in base.csv when the variant system was built
ngsl-wtqq,trid,vowel i sound,you,2026-09-15,in base.csv when the variant system was built
mmvb-nzck,trik,trick,you,2026-09-15,in base.csv when the variant system was built
nxlk-ypkw,tris,interest,you,2026-09-15,in base.csv when the variant system was built
lysr-hltz,trij,treasure,you,2026-09-15,in base.csv when the variant system was built
qyky-gfpz,tred,trade,you,2026-09-15,in base.csv when the variant system was built
jqyC-ntCx,tret,trait,you,2026-09-15,in base.csv when the variant system was built
vnyw-gltz,tres,trace,you,2026-09-15,in base.csv when the variant system was built
nzdf-Cclx,traq,triangle,you,2026-09-15,in base.csv when the variant system was built
mwrd-lhgy,trag,10^42,you,2026-09-15,in base.csv when the variant system was built
zjCh-lmds,trad,west,you,2026-09-15,in base.csv when the variant system was built
wgcf-fhmq,trab,tribe,you,2026-09-15,in base.csv when the variant system was built
hpyr-bkqb,trap,trap,you,2026-09-15,in base.csv when the variant system was built
dbcC-nnnx,trat,tight,you,2026-09-15,in base.csv when the variant system was built
qjnq-wzwz,trak,track (path),you,2026-09-15,in base.csv when the variant system was built
rxch-lhrl,tras,torus,you,2026-09-15,in base.csv when the variant system was built
rgly-sdhj,trom,spectrum,you,2026-09-15,in base.csv when the variant system was built
tmdt-gkyC,kriq,care,you,2026-09-15,in base.csv when the variant system was built
Cbfz-qryc,krid,liquid,you,2026-09-15,in base.csv when the variant system was built
schl-ddmz,krem,chemical,you,2026-09-15,in base.csv when the variant system was built
spwf-Crny,kred,credit,you,2026-09-15,in base.csv when the variant system was built
klpb-xyqj,krep,crypto,you,2026-09-15,in base.csv when the variant system was built
xkqw-kbys,kret,secret,you,2026-09-15,in base.csv when the variant system was built
vvwm-pwzn,krek,cake,you,2026-09-15,in base.csv when the variant system was built
rntc-bsvw,krev,crave,you,2026-09-15,in base.csv when the variant system was built
pwhv-jwwC,kraq,ring (sound),you,2026-09-15,in base.csv when the variant system was built
sxms-jCph,krag,node,you,2026-09-15,in base.csv when the variant system was built
cxjm-hClC,krak,crack,you,2026-09-15,in base.csv when the variant system was built
vpnj-tflb,kras,cross,you,2026-09-15,in base.csv when the variant system was built
tqgc-Cpdt,kraf,comfort,you,2026-09-15,in base.csv when the variant system was built
rfnl-bmbd,krax,crash,you,2026-09-15,in base.csv when the variant system was built
zwlk-mtCs,krom,ohm (measurement),you,2026-09-15,in base.csv when the variant system was built
wtsh-zqvv,krot,right (vs. wrong),you,2026-09-15,in base.csv when the variant system was built
pttp-Cvql,krok,croak,you,2026-09-15,in base.csv when the variant system was built
zjys-xsCl,krol,cull,you,2026-09-15,in base.csv when the variant system was built
vmfq-bCbz,klin,clean,you,2026-09-15,in base.csv when the variant system was built
rtpb-khrl,kliq,k sound,you,2026-09-15,in base.csv when the variant system was built
gcgq-htmc,klis,nucleus,you,2026-09-15,in base.csv when the variant system was built
wwrg-pjjx,kliv,cave,you,2026-09-15,in base.csv when the variant system was built
jngj-tlsd,klem,claim,you,2026-09-15,in base.csv when the variant system was built
dCrg-tvsp,klek,click,you,2026-09-15,in base.csv when the variant system was built
kptC-cktn,klan,claw,you,2026-09-15,in base.csv when the variant system was built
sqnl-llqx,klad,cloud,you,2026-09-15,in base.csv when the variant system was built
tfhl-gwrz,klap,danish a vowel sound,you,2026-09-15,in base.csv when the variant system was built
lsfg-fzCr,klat,cat,you,2026-09-15,in base.csv when the variant system was built
qlCg-zrsC,klak,clock,you,2026-09-15,in base.csv when the variant system was built
Cfnl-wgqC,klok,quick,you,2026-09-15,in base.csv when the variant system was built
ldzm-pwhx,kloz,close,you,2026-09-15,in base.csv when the variant system was built
pltn-zCwr,klor,color,you,2026-09-15,in base.csv when the variant system was built
hxzd-frjx,klum,cue,you,2026-09-15,in base.csv when the variant system was built
kkqd-Csvw,klun,community,you,2026-09-15,in base.csv when the variant system was built
lwnx-fnts,klub,kill,you,2026-09-15,in base.csv when the variant system was built
mtqC-jvql,klut,cute,you,2026-09-15,in base.csv when the variant system was built
snwn-tlwt,smin,meson,you,2026-09-15,in base.csv when the variant system was built
dkkv-yCvl,smek,smack,you,2026-09-15,in base.csv when the variant system was built
jhpl-tgby,smax,smash,you,2026-09-15,in base.csv when the variant system was built
hlkl-vynp,smal,small,you,2026-09-15,in base.csv when the variant system was built
ryrq-hdld,smok,smoke,you,2026-09-15,in base.csv when the variant system was built
kmfd-tCvw,smul,smile,you,2026-09-15,in base.csv when the variant system was built
rvlg-tbqp,snik,sneak,you,2026-09-15,in base.csv when the variant system was built
gvyh-mksh,snif,sniff,you,2026-09-15,in base.csv when the variant system was built
gddx-yvgv,snap,snap,you,2026-09-15,in base.csv when the variant system was built
njpc-ybCf,snar,snare (drum),you,2026-09-15,in base.csv when the variant system was built
hzgs-ztzz,snom,snow,you,2026-09-15,in base.csv when the variant system was built
fsyz-gfkl,snor,s sound,you,2026-09-15,in base.csv when the variant system was built
Cznp-Ckmb,spin,spin,you,2026-09-15,in base.csv when the variant system was built
zlhl-zkhm,spit,spit,you,2026-09-15,in base.csv when the variant system was built
whrb-pgyh,spek,respect,you,2026-09-15,in base.csv when the variant system was built
qccg-lhxp,span,spine,you,2026-09-15,in base.csv when the variant system was built
stvC-zvng,spak,spike,you,2026-09-15,in base.csv when the variant system was built
shCy-lxnq,spas,spice,you,2026-09-15,in base.csv when the variant system was built
dbCj-zhxw,spok,spoke (wheel),you,2026-09-15,in base.csv when the variant system was built
qglk-Cjtq,stim,steam,you,2026-09-15,in base.csv when the variant system was built
cxfq-ggwp,stik,stick (plant),you,2026-09-15,in base.csv when the variant system was built
pxpm-hyjy,sten,stain,you,2026-09-15,in base.csv when the variant system was built
fvbm-wvjm,stet,status,you,2026-09-15,in base.csv when the variant system was built
pvwt-mpyx,stek,mistake,you,2026-09-15,in base.csv when the variant system was built
mtns-vlrn,stev,stay,you,2026-09-15,in base.csv when the variant system was built
srww-qmxc,stef,safe,you,2026-09-15,in base.csv when the variant system was built
bgtz-lgnv,stab,stab,you,2026-09-15,in base.csv when the variant system was built
znms-gCdh,stat,stat,you,2026-09-15,in base.csv when the variant system was built
gcqn-pyvs,staf,stuff,you,2026-09-15,in base.csv when the variant system was built
nhCm-lhcs,star,star,you,2026-09-15,in base.csv when the variant system was built
fClp-qvsw,stal,stall,you,2026-09-15,in base.csv when the variant system was built
xbdp-lwrf,stom,install,you,2026-09-15,in base.csv when the variant system was built
vzrk-bjlr,ston,stone,you,2026-09-15,in base.csv when the variant system was built
ydlx-yvdn,stok,stomach,you,2026-09-15,in base.csv when the variant system was built
jvlt-qpbC,stoj,storage,you,2026-09-15,in base.csv when the variant system was built
lqjf-ycgr,stud,sad,you,2026-09-15,in base.csv when the variant system was built
jdvx-xxbt,stup,stupid,you,2026-09-15,in base.csv when the variant system was built
xhgt-Chyg,skim,minimum,you,2026-09-15,in base.csv when the variant system was built
bcpc-bqgg,skin,skin,you,2026-09-15,in base.csv when the variant system was built
psgk-hlyy,skit,sweet,you,2026-09-15,in base.csv when the variant system was built
sxql-wvlp,skep,scape (scenery),you,2026-09-15,in base.csv when the variant system was built
xgdh-ttgy,skap,skip,you,2026-09-15,in base.csv when the variant system was built
bgyt-mstr,skax,squash,you,2026-09-15,in base.csv when the variant system was built
xwfw-mqgj,skar,square,you,2026-09-15,in base.csv when the variant system was built
mkzl-zdCz,skal,scale,you,2026-09-15,in base.csv when the variant system was built
jghz-trpl,skoq,cease,you,2026-09-15,in base.csv when the variant system was built
crmd-nkvp,skor,score,you,2026-09-15,in base.csv when the variant system was built
vpcs-gmtl,skum,scheme,you,2026-09-15,in base.csv when the variant system was built
qvjx-dsdC,skun,skew,you,2026-09-15,in base.csv when the variant system was built
mncy-lpkt,skup,scoop,you,2026-09-15,in base.csv when the variant system was built
pffc-lkpb,skut,difficult,you,2026-09-15,in base.csv when the variant system was built
gyqz-rlvl,skuz,excuse,you,2026-09-15,in base.csv when the variant system was built
vsgs-njps,skur,scare,you,2026-09-15,in base.csv when the variant system was built
mhww-nztn,skul,school,you,2026-09-15,in base.csv when the variant system was built
cjCd-CvbC,slim,submit,you,2026-09-15,in base.csv when the variant system was built
tnct-wffs,slid,swing,you,2026-09-15,in base.csv when the variant system was built
snrh-Ctnp,slip,sleep,you,2026-09-15,in base.csv when the variant system was built
sqpm-cCdm,slix,wish,you,2026-09-15,in base.csv when the variant system was built
dfkq-npjq,sliC,therefore,you,2026-09-15,in base.csv when the variant system was built
jmjs-fhvh,slet,slight,you,2026-09-15,in base.csv when the variant system was built
rqhl-njcm,slag,slug (animal),you,2026-09-15,in base.csv when the variant system was built
rzwr-xxgn,slad,slide,you,2026-09-15,in base.csv when the variant system was built
zdwb-hghc,slap,slop,you,2026-09-15,in base.csv when the variant system was built
hsfd-Cttp,slat,10^9,you,2026-09-15,in base.csv when the variant system was built
hntk-qzkC,slas,faint (light),you,2026-09-15,in base.csv when the variant system was built
wmvh-lgns,slax,slash,you,2026-09-15,in base.csv when the variant system was built
zntb-CzbC,slom,slow,you,2026-09-15,in base.csv when the variant system was built
yyCy-fdvb,slog,slug,you,2026-09-15,in base.csv when the variant system was built
jkCk-ycmt,slop,slope,you,2026-09-15,in base.csv when the variant system was built
qfhm-khwj,slok,weak,you,2026-09-15,in base.csv when the variant system was built
qbng-kmhc,slun,soon,you,2026-09-15,in base.csv when the variant system was built
tjmn-ctnv,slup,swoop,you,2026-09-15,in base.csv when the variant system was built
ymxz-ptdm,slur,my,you,2026-09-15,in base.csv when the variant system was built
qctC-pjdf,vriC,wood,you,2026-09-15,in base.csv when the variant system was built
tchz-pCmj,vret,settle,you,2026-09-15,in base.csv when the variant system was built
Chwb-bsst,vram,insight,you,2026-09-15,in base.csv when the variant system was built
brks-ldnr,vraj,average,you,2026-09-15,in base.csv when the variant system was built
dsfp-yxnj,vrun,ocean,you,2026-09-15,in base.csv when the variant system was built
gzjv-mCzm,vrug,10^18,you,2026-09-15,in base.csv when the variant system was built
ctby-hzdb,frin,funny,you,2026-09-15,in base.csv when the variant system was built
wvCs-xxmp,frik,freak,you,2026-09-15,in base.csv when the variant system was built
mzzh-czlq,fris,hiss,you,2026-09-15,in base.csv when the variant system was built
fbfs-cybh,friz,freeze,you,2026-09-15,in base.csv when the variant system was built
pwtz-mvnk,frix,fish,you,2026-09-15,in base.csv when the variant system was built
ryhj-cvyj,fren,danish e vowel sound,you,2026-09-15,in base.csv when the variant system was built
mnbz-qfhx,fred,vowel large E sound,you,2026-09-15,in base.csv when the variant system was built
gggn-qkzg,fret,frame,you,2026-09-15,in base.csv when the variant system was built
nbvw-sxsc,frez,phrase,you,2026-09-15,in base.csv when the variant system was built
jrCp-vyyk,fras,sail,you,2026-09-15,in base.csv when the variant system was built
vmbC-ffht,frax,fresh,you,2026-09-15,in base.csv when the variant system was built
ytqw-fxnn,froC,fear,you,2026-09-15,in base.csv when the variant system was built
fqwj-nggk,flid,field (math),you,2026-09-15,in base.csv when the variant system was built
xhcC-Cqdl,flip,flip,you,2026-09-15,in base.csv when the variant system was built
mzyv-hdjn,flem,flame,you,2026-09-15,in base.csv when the variant system was built
rrCw-bqbn,flet,fight,you,2026-09-15,in base.csv when the variant system was built
vtsh-ykjg,flek,mirror,you,2026-09-15,in base.csv when the variant system was built
wydn-tkkk,fleC,appear,you,2026-09-15,in base.csv when the variant system was built
lfjj-npww,flap,hop,you,2026-09-15,in base.csv when the variant system was built
ghhh-nkgy,flat,flat,you,2026-09-15,in base.csv when the variant system was built
dwrw-hrdp,flax,flesh,you,2026-09-15,in base.csv when the variant system was built
dCgw-cqcv,flom,f sound,you,2026-09-15,in base.csv when the variant system was built
hCyx-hlvh,flob,lob,you,2026-09-15,in base.csv when the variant system was built
vCcg-btxn,flot,float,you,2026-09-15,in base.csv when the variant system was built
mCnh-dCtC,flok,glow,you,2026-09-15,in base.csv when the variant system was built
ykcz-mzwh,flor,flower,you,2026-09-15,in base.csv when the variant system was built
nrCn-hxvc,flum,fly (action),you,2026-09-15,in base.csv when the variant system was built
srdb-ckqm,flun,few,you,2026-09-15,in base.csv when the variant system was built
qkhh-xclf,flud,fluid,you,2026-09-15,in base.csv when the variant system was built
sCnh-kffz,fluz,complex,you,2026-09-15,in base.csv when the variant system was built
qtsb-zrcc,flux,flush,you,2026-09-15,in base.csv when the variant system was built
xmgg-CCpz,miqk,who,you,2026-09-15,in base.csv when the variant system was built
xrvc-xrmk,miks,mix,you,2026-09-15,in base.csv when the variant system was built
pmwk-mzrp,ment,mate,you,2026-09-15,in base.csv when the variant system was built
qzyz-hgtj,maqk,monkey,you,2026-09-15,in base.csv when the variant system was built
jbps-vCbj,magz,moss,you,2026-09-15,in base.csv when the variant system was built
vwqv-bryz,madj,image,you,2026-09-15,in base.csv when the variant system was built
zznt-hCgr,matx,symmetry,you,2026-09-15,in base.csv when the variant system was built
bbfz-Cqyn,maks,maximum,you,2026-09-15,in base.csv when the variant system was built
qjly-ljqr,mast,member,you,2026-09-15,in base.csv when the variant system was built
gjtb-nwzs,mask,mask,you,2026-09-15,in base.csv when the variant system was built
gtmk-xpnl,marg,old,you,2026-09-15,in base.csv when the variant system was built
szxw-kbcz,mars,mass,you,2026-09-15,in base.csv when the variant system was built
wyCd-CCyg,malt,metal,you,2026-09-15,in base.csv when the variant system was built
dCxg-Chjv,most,most (-est) (large-collection-partition-focus),you,2026-09-15,in base.csv when the variant system was built
nvpz-bttz,mord,manifold,you,2026-09-15,in base.csv when the variant system was built
tcvt-sxdb,morp,10^36,you,2026-09-15,in base.csv when the variant system was built
ydqs-wzpx,morv,maybe,you,2026-09-15,in base.csv when the variant system was built
nyxs-rkzd,morf,morph,you,2026-09-15,in base.csv when the variant system was built
zyrm-xnCb,mold,mold (shape),you,2026-09-15,in base.csv when the variant system was built
njpj-trfq,molt,vowel large O sound,you,2026-09-15,in base.csv when the variant system was built
xjll-Clkl,molz,mow (grass),you,2026-09-15,in base.csv when the variant system was built
nfbx-wxyy,mutx,much (large-lot-focus),you,2026-09-15,in base.csv when the variant system was built
hjpy-pCdl,namp,magnet,you,2026-09-15,in base.csv when the variant system was built
Cdtc-gCtk,nand,nand,you,2026-09-15,in base.csv when the variant system was built
dlmz-hqjr,nadj,knowledge,you,2026-09-15,in base.csv when the variant system was built
fClr-nvkg,natx,n sound,you,2026-09-15,in base.csv when the variant system was built
spbC-jyfc,narb,neighbor,you,2026-09-15,in base.csv when the variant system was built
tflC-fxtt,nart,neutron,you,2026-09-15,in base.csv when the variant system was built
xtpf-yydn,nark,any,you,2026-09-15,in base.csv when the variant system was built
mzcx-zlvm,narv,river,you,2026-09-15,in base.csv when the variant system was built
gsqc-xhfk,nalz,analyse,you,2026-09-15,in base.csv when the variant system was built
qbcq-ftcq,nord,order,you,2026-09-15,in base.csv when the variant system was built
vbpk-mvvj,nork,nor,you,2026-09-15,in base.csv when the variant system was built
kclm-zkzw,nors,having some aspects of (-ish),you,2026-09-15,in base.csv when the variant system was built
zjky-cvxh,nuqk,bear (animal),you,2026-09-15,in base.csv when the variant system was built
rnhq-ymmd,nust,embed,you,2026-09-15,in base.csv when the variant system was built
dmsl-lncr,nurv,nerve,you,2026-09-15,in base.csv when the variant system was built
klzm-pxxk,nurf,vowel large U sound,you,2026-09-15,in base.csv when the variant system was built
sqgd-Cnyv,gest,guest,you,2026-09-15,in base.csv when the variant system was built
zjqm-pzdd,gant,-gon (polygon),you,2026-09-15,in base.csv when the variant system was built
wgny-ptmz,gatx,german i vowel sound,you,2026-09-15,in base.csv when the variant system was built
llxs-gsqc,gard,g sound,you,2026-09-15,in base.csv when the variant system was built
qsqy-chnf,garz,again (re-),you,2026-09-15,in base.csv when the variant system was built
mhkx-xzvy,galt,guilt,you,2026-09-15,in base.csv when the variant system was built
xjty-ktdh,gost,ghost,you,2026-09-15,in base.csv when the variant system was built
kxnd-rndk,gump,new,you,2026-09-15,in base.csv when the variant system was built
sCcw-szjw,diqk,deny,you,2026-09-15,in base.csv when the variant system was built
nbqq-Cbdr,disk,discover,you,2026-09-15,in base.csv when the variant system was built
fcxz-jhgj,dedj,appendage,you,2026-09-15,in base.csv when the variant system was built
gnmj-Cwlb,dask,desk,you,2026-09-15,in base.csv when the variant system was built
zgdp-qnxw,darb,follow,you,2026-09-15,in base.csv when the variant system was built
xybn-hxgx,dart,east,you,2026-09-15,in base.csv when the variant system was built
Crzc-pCbw,dalt,dependent,you,2026-09-15,in base.csv when the variant system was built
gymq-zykp,domp,dump,you,2026-09-15,in base.csv when the variant system was built
xwzd-nhhg,dort,dirt,you,2026-09-15,in base.csv when the variant system was built
pllm-ztkx,dors,desert,you,2026-09-15,in base.csv when the variant system was built
psct-grzt,dolt,doubt,you,2026-09-15,in base.csv when the variant system was built
tvpv-tqwq,dolv,deliver,you,2026-09-15,in base.csv when the variant system was built
sndv-lmnq,dusk,across (trans-)/cross,you,2026-09-15,in base.csv when the variant system was built
cpqy-zfws,bist,beast,you,2026-09-15,in base.csv when the variant system was built
gCCx-zmjr,bend,bend,you,2026-09-15,in base.csv when the variant system was built
shhx-ysfr,besk,basic,you,2026-09-15,in base.csv when the variant system was built
lqbj-xzdy,bamp,bump,you,2026-09-15,in base.csv when the variant system was built
hzvx-Cfhb,band,band (group),you,2026-09-15,in base.csv when the variant system was built
rzyg-pxCt,batx,bat (animal),you,2026-09-15,in base.csv when the variant system was built
grwn-vbhp,baks,rectangle,you,2026-09-15,in base.csv when the variant system was built
jldr-ynqp,bast,prime,you,2026-09-15,in base.csv when the variant system was built
snct-zvmz,bask,otherwise,you,2026-09-15,in base.csv when the variant system was built
fqdC-xchw,bard,b sound,you,2026-09-15,in base.csv when the variant system was built
xyys-tyrx,barb,barb,you,2026-09-15,in base.csv when the variant system was built
yrkd-gzqc,barv,duck (bird),you,2026-09-15,in base.csv when the variant system was built
tjrb-fdtk,borp,burp,you,2026-09-15,in base.csv when the variant system was built
mChq-xCsj,borz,poison,you,2026-09-15,in base.csv when the variant system was built
dpdc-yqtv,bold,10^30,you,2026-09-15,in base.csv when the variant system was built
pzfn-scwz,bund,boundary,you,2026-09-15,in base.csv when the variant system was built
xtCg-cnwc,bust,burst,you,2026-09-15,in base.csv when the variant system was built
rynf-hxht,pitx,pitch (sound),you,2026-09-15,in base.csv when the variant system was built
vwCv-tyrj,pent,paint,you,2026-09-15,in base.csv when the variant system was built
vhvm-ywjp,pest,paste,you,2026-09-15,in base.csv when the variant system was built
sxwk-chrp,pand,upon,you,2026-09-15,in base.csv when the variant system was built
dnlf-wmts,paqk,punk,you,2026-09-15,in base.csv when the variant system was built
gysd-xkqf,padj,edge,you,2026-09-15,in base.csv when the variant system was built
sCzj-bmdd,patx,patch,you,2026-09-15,in base.csv when the variant system was built
hxkk-xpzf,pard,pod,you,2026-09-15,in base.csv when the variant system was built
jffb-yjfl,parp,perpendicular,you,2026-09-15,in base.csv when the variant system was built
yrds-xxlx,part,part,you,2026-09-15,in base.csv when the variant system was built
pvjk-xfkw,park,park (car),you,2026-09-15,in base.csv when the variant system was built
Crfz-lzlm,parz,p sound,you,2026-09-15,in base.csv when the variant system was built
xpmv-flmn,pogz,10^5,you,2026-09-15,in base.csv when the variant system was built
fhfv-rfst,podj,purge,you,2026-09-15,in base.csv when the variant system was built
ntjx-sllj,potx,pi,you,2026-09-15,in base.csv when the variant system was built
hzcd-jbdm,post,post (content),you,2026-09-15,in base.csv when the variant system was built
cpcc-ghbz,port,important,you,2026-09-15,in base.csv when the variant system was built
mwfl-dtqv,pork,per,you,2026-09-15,in base.csv when the variant system was built
twpn-ngjz,porf,puff,you,2026-09-15,in base.csv when the variant system was built
yzbr-pgdk,titx,teach,you,2026-09-15,in base.csv when the variant system was built
wrwd-gCdm,test,taste,you,2026-09-15,in base.csv when the variant system was built
tlyp-zysd,tamp,temperature,you,2026-09-15,in base.csv when the variant system was built
jdgy-mtql,taqk,toy,you,2026-09-15,in base.csv when the variant system was built
bkcr-dnyl,tatx,touch,you,2026-09-15,in base.csv when the variant system was built
bpgn-bydp,tarp,topology,you,2026-09-15,in base.csv when the variant system was built
Cqhb-fbbs,tarz,reptile,you,2026-09-15,in base.csv when the variant system was built
dbcf-qClm,tals,tall,you,2026-09-15,in base.csv when the variant system was built
fzvl-qjcb,totx,attach,you,2026-09-15,in base.csv when the variant system was built
rqCl-mhct,toks,easy,you,2026-09-15,in base.csv when the variant system was built
flcs-lnqf,torp,interpolate,you,2026-09-15,in base.csv when the variant system was built
xwcb-fwkt,told,t sound,you,2026-09-15,in base.csv when the variant system was built
mCxk-gpxx,kiqk,10^15,you,2026-09-15,in base.csv when the variant system was built
bvbw-pycq,kedj,accept,you,2026-09-15,in base.csv when the variant system was built
bkrt-fgjb,kamp,camp,you,2026-09-15,in base.csv when the variant system was built
mzgl-pwvq,kand,command,you,2026-09-15,in base.csv when the variant system was built
lbtt-hdCr,kast,cast,you,2026-09-15,in base.csv when the variant system was built
flbk-yzkp,kard,can,you,2026-09-15,in base.csv when the variant system was built
kcdc-vczC,karp,keep,you,2026-09-15,in base.csv when the variant system was built
mvgy-hnxx,kart,crown,you,2026-09-15,in base.csv when the variant system was built
sCwt-ltcd,kark,quark,you,2026-09-15,in base.csv when the variant system was built
fmjt-tbqc,kalt,cult,you,2026-09-15,in base.csv when the variant system was built
wCCk-gqsz,kalv,kelvin,you,2026-09-15,in base.csv when the variant system was built
glft-pxbn,korg,encounter,you,2026-09-15,in base.csv when the variant system was built
mgym-kzqn,korb,cone,you,2026-09-15,in base.csv when the variant system was built
vlCv-dhvx,kort,court (justice),you,2026-09-15,in base.csv when the variant system was built
srjb-jqkc,kork,curl,you,2026-09-15,in base.csv when the variant system was built
zgxx-zqvp,kold,cold,you,2026-09-15,in base.csv when the variant system was built
zwtk-hgqp,kund,kind (good),you,2026-09-15,in base.csv when the variant system was built
kfbx-gbzj,kurv,curve,you,2026-09-15,in base.csv when the variant system was built
njvs-fxpq,hint,hint,you,2026-09-15,in base.csv when the variant system was built
jrnf-nblv,hidj,polyhedron,you,2026-09-15,in base.csv when the variant system was built
gjvg-qksx,heqk,angry,you,2026-09-15,in base.csv when the variant system was built
gdqd-yslk,hedj,age,you,2026-09-15,in base.csv when the variant system was built
ylnd-Cjdt,heps,ape,you,2026-09-15,in base.csv when the variant system was built
pvCq-hjcy,hamp,ampere (electric current),you,2026-09-15,in base.csv when the variant system was built
ypdm-xxdq,hant,hunt,you,2026-09-15,in base.csv when the variant system was built
yjjs-sdrk,hadj,hedge,you,2026-09-15,in base.csv when the variant system was built
kwws-cldp,habz,abstract,you,2026-09-15,in base.csv when the variant system was built
vsxd-pjbh,hatx,hole,you,2026-09-15,in base.csv when the variant system was built
CCgs-ncwm,hask,explore,you,2026-09-15,in base.csv when the variant system was built
gdcc-hszx,hard,hard (vs. soft),you,2026-09-15,in base.csv when the variant system was built
lymn-fmyn,hark,arc,you,2026-09-15,in base.csv when the variant system was built
wjzn-ksnc,hald,elm,you,2026-09-15,in base.csv when the variant system was built
jCnh-dwjb,hals,ice,you,2026-09-15,in base.csv when the variant system was built
nfCc-qCmr,halz,hell (emphasize surprise),you,2026-09-15,in base.csv when the variant system was built
wqnt-bmpg,halc,ethnicity,you,2026-09-15,in base.csv when the variant system was built
xgfs-dbnl,host,thirst,you,2026-09-15,in base.csv when the variant system was built
nCzy-pxdk,hord,ahead,you,2026-09-15,in base.csv when the variant system was built
nkgx-xhvj,hort,heart (body),you,2026-09-15,in base.csv when the variant system was built
wmcf-Cpjn,hors,horse,you,2026-09-15,in base.csv when the variant system was built
Ctvp-yhbd,hold,h sound,you,2026-09-15,in base.csv when the variant system was built
gnyj-khwc,holv,elbow,you,2026-09-15,in base.csv when the variant system was built
zprC-ddbC,huqk,hunger,you,2026-09-15,in base.csv when the variant system was built
yvvC-mlml,hudj,vowel u sound,you,2026-09-15,in base.csv when the variant system was built
wztx-pwdt,hutx,itch,you,2026-09-15,in base.csv when the variant system was built
lvfx-gvgz,siqk,sink (down),you,2026-09-15,in base.csv when the variant system was built
zjjk-mmCl,sitx,second (time),you,2026-09-15,in base.csv when the variant system was built
qrnb-lxns,sent,saint,you,2026-09-15,in base.csv when the variant system was built
fmry-qcgs,sedj,sage (person),you,2026-09-15,in base.csv when the variant system was built
ymjx-Cthl,samp,sentence (text),you,2026-09-15,in base.csv when the variant system was built
tdCt-zmth,sand,sand,you,2026-09-15,in base.csv when the variant system was built
vtyc-ptrp,saqk,sign,you,2026-09-15,in base.csv when the variant system was built
yhhr-cfjb,sadj,beside,you,2026-09-15,in base.csv when the variant system was built
dkks-sClr,satx,such,you,2026-09-15,in base.csv when the variant system was built
zcvh-zzwz,saft,soft,you,2026-09-15,in base.csv when the variant system was built
ctwd-svbw,sard,side,you,2026-09-15,in base.csv when the variant system was built
gynz-bykq,sart,certain,you,2026-09-15,in base.csv when the variant system was built
rffw-mzvp,sark,discern,you,2026-09-15,in base.csv when the variant system was built
gccb-bjgy,sarz,feature,you,2026-09-15,in base.csv when the variant system was built
vsgj-xfhq,salk,circle,you,2026-09-15,in base.csv when the variant system was built
ddwk-qsfv,sals,celsius,you,2026-09-15,in base.csv when the variant system was built
bgkr-svjj,sorg,recent,you,2026-09-15,in base.csv when the variant system was built
sChf-mvfg,sorf,surface,you,2026-09-15,in base.csv when the variant system was built
qlyj-fcxw,sold,solid,you,2026-09-15,in base.csv when the variant system was built
wsrh-kzmv,solp,swap,you,2026-09-15,in base.csv when the variant system was built
mnlb-yqzv,sutx,set (math),you,2026-09-15,in base.csv when the variant system was built
fpwq-mygv,zist,resist,you,2026-09-15,in base.csv when the variant system was built
gfqy-zzxn,zeqk,hand,you,2026-09-15,in base.csv when the variant system was built
hmkw-brbC,zetx,1000,you,2026-09-15,in base.csv when the variant system was built
jdph-gsCj,zart,lizard,you,2026-09-15,in base.csv when the variant system was built
Cqng-fjmd,zark,open,you,2026-09-15,in base.csv when the variant system was built
mwys-kyml,zalb,fermion,you,2026-09-15,in base.csv when the variant system was built
tfvm-lrct,zalv,dissolve,you,2026-09-15,in base.csv when the variant system was built
sxqr-jkff,zord,exit,you,2026-09-15,in base.csv when the variant system was built
vqnv-blcC,zolt,column,you,2026-09-15,in base.csv when the variant system was built
Ccnx-nnyf,zuqk,z sound,you,2026-09-15,in base.csv when the variant system was built
dwcq-Cxtd,vist,visit,you,2026-09-15,in base.csv when the variant system was built
zrns-qqyj,vedj,vegetable,you,2026-09-15,in base.csv when the variant system was built
zbbs-ttgm,vant,archaea,you,2026-09-15,in base.csv when the variant system was built
tmnw-fpxx,vaqk,cow,you,2026-09-15,in base.csv when the variant system was built
fsbb-tfmf,vast,vast,you,2026-09-15,in base.csv when the variant system was built
lznj-lvky,vark,syllable,you,2026-09-15,in base.csv when the variant system was built
bsjk-cbvy,varz,forest,you,2026-09-15,in base.csv when the variant system was built
Cyvb-pxnz,valv,evolve,you,2026-09-15,in base.csv when the variant system was built
hdlk-wcjz,vord,avoid,you,2026-09-15,in base.csv when the variant system was built
dhbf-cdyb,vorb,ever,you,2026-09-15,in base.csv when the variant system was built
tgbb-fcrk,vork,electron,you,2026-09-15,in base.csv when the variant system was built
glCx-fxsC,volt,volt,you,2026-09-15,in base.csv when the variant system was built
trhz-tmgg,volz,violent,you,2026-09-15,in base.csv when the variant system was built
nhdj-mptg,vutx,entity,you,2026-09-15,in base.csv when the variant system was built
mhhb-rwpj,vust,v sound,you,2026-09-15,in base.csv when the variant system was built
flpf-qpmq,vurf,verify,you,2026-09-15,in base.csv when the variant system was built
wpcl-gxwc,fiqk,even (though),you,2026-09-15,in base.csv when the variant system was built
llkh-mqdy,fent,faint (dizzy),you,2026-09-15,in base.csv when the variant system was built
zdgh-zqqj,fand,fund,you,2026-09-15,in base.csv when the variant system was built
skqx-vCbk,faqk,funk,you,2026-09-15,in base.csv when the variant system was built
nybs-yjct,fast,fast,you,2026-09-15,in base.csv when the variant system was built
lvlz-zjpk,farg,fog,you,2026-09-15,in base.csv when the variant system was built
zqCb-zwlq,fart,fart,you,2026-09-15,in base.csv when the variant system was built
yyhm-khmh,farv,10^24,you,2026-09-15,in base.csv when the variant system was built
ycyf-xzsy,fort,fort,you,2026-09-15,in base.csv when the variant system was built
trfn-ghrz,fork,ant (animal),you,2026-09-15,in base.csv when the variant system was built
ysjl-gzfx,fold,fold,you,2026-09-15,in base.csv when the variant system was built
cdrt-lhrd,funt,photon,you,2026-09-15,in base.csv when the variant system was built
hxvr-mrdc,ximp,shrimp (fish),you,2026-09-15,in base.csv when the variant system was built
kwxj-zdfw,xift,shift,you,2026-09-15,in base.csv when the variant system was built
cmmz-dzpq,xant,ancient,you,2026-09-15,in base.csv when the variant system was built
fxjt-txkw,xask,ask,you,2026-09-15,in base.csv when the variant system was built
bnpd-Cfbx,xarp,x sound,you,2026-09-15,in base.csv when the variant system was built
tcry-xcml,xark,society,you,2026-09-15,in base.csv when the variant system was built
jsgy-wggq,xarz,opposite (anti),you,2026-09-15,in base.csv when the variant system was built
gsgz-ncfq,xort,sure,you,2026-09-15,in base.csv when the variant system was built
nhwx-yhmn,jalf,j sound,you,2026-09-15,in base.csv when the variant system was built
vhbr-jycz,Carv,forever,you,2026-09-15,in base.csv when the variant system was built
Ccnh-wzrm,Cork,large C sound,you,2026-09-15,in base.csv when the variant system was built
xgqz-wlpf,ciqk,think,you,2026-09-15,in base.csv when the variant system was built
syng-yzyc,cets,mole (measurement),you,2026-09-15,in base.csv when the variant system was built
rjky-vdcy,corb,distance (tele-),you,2026-09-15,in base.csv when the variant system was built
Cyxl-jtqv,cutx,tooth,you,2026-09-15,in base.csv when the variant system was built
bkjs-ymkh,yiqk,vowel large I sound,you,2026-09-15,in base.csv when the variant system was built
kjsm-lhyx,yard,yard (measurement),you,2026-09-15,in base.csv when the variant system was built
bzcz-fzmz,york,10^2,you,2026-09-15,in base.csv when the variant system was built
mtmc-dgqd,yust,used to,you,2026-09-15,in base.csv when the variant system was built
hbxn-qwnx,riqk,rhyme,you,2026-09-15,in base.csv when the variant system was built
fqcj-lsdf,ritx,ring (math),you,2026-09-15,in base.csv when the variant system was built
njnk-ypnk,risk,risk,you,2026-09-15,in base.csv when the variant system was built
fwzc-qcvm,rend,french r sound,you,2026-09-15,in base.csv when the variant system was built
rtzj-vzyr,reqk,rank,you,2026-09-15,in base.csv when the variant system was built
lhfc-wjjt,retx,rate (change),you,2026-09-15,in base.csv when the variant system was built
jbjr-kfwC,ramp,r sound,you,2026-09-15,in base.csv when the variant system was built
gtdx-gtww,rant,rant,you,2026-09-15,in base.csv when the variant system was built
fxcd-pwff,ratx,vowel a sound,you,2026-09-15,in base.csv when the variant system was built
gbjC-zxff,rast,rest (remainder),you,2026-09-15,in base.csv when the variant system was built
xrsr-gCbh,rask,reminiscent of (-esque),you,2026-09-15,in base.csv when the variant system was built
hmyf-llwn,raft,raft,you,2026-09-15,in base.csv when the variant system was built
Cqch-lwfv,rond,gnaw,you,2026-09-15,in base.csv when the variant system was built
hzsw-tzwj,rost,past (distance),you,2026-09-15,in base.csv when the variant system was built
rqcs-xcnp,rups,10^39,you,2026-09-15,in base.csv when the variant system was built
kyyg-yksp,rusk,vowel english r sound,you,2026-09-15,in base.csv when the variant system was built
ljxh-zspv,limp,limp,you,2026-09-15,in base.csv when the variant system was built
fCfy-fynj,lint,lint,you,2026-09-15,in base.csv when the variant system was built
xrws-ffhb,list,list,you,2026-09-15,in base.csv when the variant system was built
gqym-bjsd,legz,leg,you,2026-09-15,in base.csv when the variant system was built
nrtj-sjym,ledj,theory,you,2026-09-15,in base.csv when the variant system was built
yysk-nhhw,laqk,wool,you,2026-09-15,in base.csv when the variant system was built
nlmd-ygjd,ladj,l sound,you,2026-09-15,in base.csv when the variant system was built
xhkj-lCnC,laks,lack,you,2026-09-15,in base.csv when the variant system was built
grlh-npyk,last,last,you,2026-09-15,in base.csv when the variant system was built
tygq-ktdr,laft,laugh,you,2026-09-15,in base.csv when the variant system was built
zkbd-lrxv,larg,element,you,2026-09-15,in base.csv when the variant system was built
wddC-lcjs,larp,lepton,you,2026-09-15,in base.csv when the variant system was built
xylw-lzhd,lart,let,you,2026-09-15,in base.csv when the variant system was built
vchl-nrfv,larv,larva,you,2026-09-15,in base.csv when the variant system was built
hzkj-gxxt,lorg,log (diary),you,2026-09-15,in base.csv when the variant system was built
CkmC-wqkj,lurv,leave,you,2026-09-15,in base.csv when the variant system was built
bpkp-svpy,widj,10^45,you,2026-09-15,in base.csv when the variant system was built
ztvv-yjyq,witx,w sound,you,2026-09-15,in base.csv when the variant system was built
qfpz-zxgk,wetx,which,you,2026-09-15,in base.csv when the variant system was built
nfjk-fbpm,wand,wind (coil),you,2026-09-15,in base.csv when the variant system was built
zCrg-Crwk,want,want,you,2026-09-15,in base.csv when the variant system was built
wpcz-CpCg,watx,watch,you,2026-09-15,in base.csv when the variant system was built
glxv-nhtx,warp,vowel large A sound,you,2026-09-15,in base.csv when the variant system was built
nnjb-ldfk,wark,work,you,2026-09-15,in base.csv when the variant system was built
yfpb-zsvb,wald,wild,you,2026-09-15,in base.csv when the variant system was built
lCjc-vspl,worv,weave,you,2026-09-15,in base.csv when the variant system was built
bymt-cwkC,wold,world,you,2026-09-15,in base.csv when the variant system was built
yhhg-bchp,wolf,wolf,you,2026-09-15,in base.csv when the variant system was built
wnvw-zjph,wups,whoops,you,2026-09-15,in base.csv when the variant system was built
pfwc-pxpr,mig,nine,ai,2026-09-15,anneal seed 20260915 steps 80000
vrdz-jbvy,mip,emit,ai,2026-09-15,anneal seed 20260915 steps 80000
hxph-hklC,mif,near,ai,2026-09-15,anneal seed 20260915 steps 80000
tnmx-ydtt,mas,match,ai,2026-09-15,anneal seed 20260915 steps 80000
grhc-kCkb,mom,normal,ai,2026-09-15,anneal seed 20260915 steps 80000
cwdj-mmgb,mur,more,ai,2026-09-15,anneal seed 20260915 steps 80000
gslz-kxmk,neq,me,ai,2026-09-15,anneal seed 20260915 steps 80000
jCcl-tczx,nat,amount,ai,2026-09-15,anneal seed 20260915 steps 80000
wwxw-mbfc,nom,union,ai,2026-09-15,anneal seed 20260915 steps 80000
xqlc-bnCb,giq,original,ai,2026-09-15,anneal seed 20260915 steps 80000
ypgx-ghkt,gig,discrete,ai,2026-09-15,anneal seed 20260915 steps 80000
npxC-mdfd,giv,active,ai,2026-09-15,anneal seed 20260915 steps 80000
stdz-sCgb,gix,diversity,ai,2026-09-15,anneal seed 20260915 steps 80000
Crvy-rcbz,gen,general,ai,2026-09-15,anneal seed 20260915 steps 80000
kvzf-tbzy,geq,confidence,ai,2026-09-15,anneal seed 20260915 steps 80000
tyfr-jllg,geg,ten,ai,2026-09-15,anneal seed 20260915 steps 80000
rcxw-bvwk,gek,disconnect,ai,2026-09-15,anneal seed 20260915 steps 80000
xhrl-wgjk,gef,density,ai,2026-09-15,anneal seed 20260915 steps 80000
xsrl-cvgh,gom,common,ai,2026-09-15,anneal seed 20260915 steps 80000
mlnr-fhkn,gog,border,ai,2026-09-15,anneal seed 20260915 steps 80000
xClt-jnxh,gop,contain,ai,2026-09-15,anneal seed 20260915 steps 80000
bnht-vppp,gos,continuous,ai,2026-09-15,anneal seed 20260915 steps 80000
dgyp-Cftq,gof,confuse,ai,2026-09-15,anneal seed 20260915 steps 80000
vxlf-ymnk,gor,constraint,ai,2026-09-15,anneal seed 20260915 steps 80000
bcbp-wqws,dep,detect,ai,2026-09-15,anneal seed 20260915 steps 80000
qbrc-hdhy,bif,breath,ai,2026-09-15,anneal seed 20260915 steps 80000
Cjyx-nrrl,boq,among,ai,2026-09-15,anneal seed 20260915 steps 80000
dhfj-Cwlz,pix,persist,ai,2026-09-15,anneal seed 20260915 steps 80000
tyql-zzhw,pen,intensity,ai,2026-09-15,anneal seed 20260915 steps 80000
hhwx-hwqm,peg,unpredictable,ai,2026-09-15,anneal seed 20260915 steps 80000
hspk-nrmw,pek,specific,ai,2026-09-15,anneal seed 20260915 steps 80000
frjj-rxvz,pef,absense,ai,2026-09-15,anneal seed 20260915 steps 80000
twvv-hvpd,pex,mesh,ai,2026-09-15,anneal seed 20260915 steps 80000
bmvg-wbwy,pav,passive,ai,2026-09-15,anneal seed 20260915 steps 80000
tmxf-zdpy,pal,power,ai,2026-09-15,anneal seed 20260915 steps 80000
thvq-Cbwq,poq,potential,ai,2026-09-15,anneal seed 20260915 steps 80000
bznm-tzvh,pog,polarity,ai,2026-09-15,anneal seed 20260915 steps 80000
xzdm-mvlk,pos,oppose,ai,2026-09-15,anneal seed 20260915 steps 80000
ycyg-CCjx,pof,possible,ai,2026-09-15,anneal seed 20260915 steps 80000
rjyc-djjt,puk,touching,ai,2026-09-15,anneal seed 20260915 steps 80000
CxCb-xrfd,pur,turn,ai,2026-09-15,anneal seed 20260915 steps 80000
stqh-ymbp,tig,outside,ai,2026-09-15,anneal seed 20260915 steps 80000
ntwv-qjcr,kig,hit,ai,2026-09-15,anneal seed 20260915 steps 80000
yzbj-rtCl,kif,clarify,ai,2026-09-15,anneal seed 20260915 steps 80000
dyth-dmnq,keq,frequency,ai,2026-09-15,anneal seed 20260915 steps 80000
wdbs-fzmt,keb,convert,ai,2026-09-15,anneal seed 20260915 steps 80000
mwxw-wfjp,kad,backward,ai,2026-09-15,anneal seed 20260915 steps 80000
jvhx-qgnc,kas,capacity,ai,2026-09-15,anneal seed 20260915 steps 80000
rdns-gfsr,kog,contact,ai,2026-09-15,anneal seed 20260915 steps 80000
wxzc-hwns,kob,compare,ai,2026-09-15,anneal seed 20260915 steps 80000
Ccsw-hdpj,sak,instance,ai,2026-09-15,anneal seed 20260915 steps 80000
zwgd-llcw,veg,merge,ai,2026-09-15,anneal seed 20260915 steps 80000
rwtj-vrlg,vap,vague,ai,2026-09-15,anneal seed 20260915 steps 80000
jmkn-gnyy,vor,volume,ai,2026-09-15,anneal seed 20260915 steps 80000
xzCg-chww,vur,future,ai,2026-09-15,anneal seed 20260915 steps 80000
cjcm-wfsd,fiq,size,ai,2026-09-15,anneal seed 20260915 steps 80000
jhlt-ybgf,fik,finite,ai,2026-09-15,anneal seed 20260915 steps 80000
cmjj-mdgd,feq,uncertain,ai,2026-09-15,anneal seed 20260915 steps 80000
zgxm-hntr,fex,threshold,ai,2026-09-15,anneal seed 20260915 steps 80000
ygvj-Crtg,feC,other,ai,2026-09-15,anneal seed 20260915 steps 80000
klqC-bqrk,far,balance,ai,2026-09-15,anneal seed 20260915 steps 80000
nwyr-fcht,fal,obstacle,ai,2026-09-15,anneal seed 20260915 steps 80000
ywsy-yChv,fom,form,ai,2026-09-15,anneal seed 20260915 steps 80000
jCzw-wCkk,foq,solution,ai,2026-09-15,anneal seed 20260915 steps 80000
dlwz-pflx,fop,stop,ai,2026-09-15,anneal seed 20260915 steps 80000
hmqd-qxsx,xig,inside,ai,2026-09-15,anneal seed 20260915 steps 80000
sCtp-qcgn,xar,span,ai,2026-09-15,anneal seed 20260915 steps 80000
tCdy-kpkC,yig,leader,ai,2026-09-15,anneal seed 20260915 steps 80000
zrkp-rdcv,yip,capability,ai,2026-09-15,anneal seed 20260915 steps 80000
hnvp-hmkv,yif,line,ai,2026-09-15,anneal seed 20260915 steps 80000
hjcz-zfwj,yen,relation,ai,2026-09-15,anneal seed 20260915 steps 80000
Cxkz-gsvf,yeq,intersection,ai,2026-09-15,anneal seed 20260915 steps 80000
pxCr-glxm,yeg,region,ai,2026-09-15,anneal seed 20260915 steps 80000
wwvl-lhht,yeb,predictable,ai,2026-09-15,anneal seed 20260915 steps 80000
zzwx-bkmn,yep,repel,ai,2026-09-15,anneal seed 20260915 steps 80000
ngfk-rjrb,yek,silence,ai,2026-09-15,anneal seed 20260915 steps 80000
fhmt-rCcr,yes,release,ai,2026-09-15,anneal seed 20260915 steps 80000
pvvp-lzrs,yef,reflect,ai,2026-09-15,anneal seed 20260915 steps 80000
wysd-xynp,yoq,collection,ai,2026-09-15,anneal seed 20260915 steps 80000
tkqh-hvcc,yop,not touching,ai,2026-09-15,anneal seed 20260915 steps 80000
ssyp-rdhp,yof,that,ai,2026-09-15,anneal seed 20260915 steps 80000
bhys-cCgc,yor,uniformity,ai,2026-09-15,anneal seed 20260915 steps 80000
hzps-zqzd,yur,follower,ai,2026-09-15,anneal seed 20260915 steps 80000
ccth-vdhC,rim,limit,ai,2026-09-15,anneal seed 20260915 steps 80000
bjzt-cmcd,riq,orientation,ai,2026-09-15,anneal seed 20260915 steps 80000
fsvr-vlwx,rek,select,ai,2026-09-15,anneal seed 20260915 steps 80000
dkmC-ynsn,rag,attract,ai,2026-09-15,anneal seed 20260915 steps 80000
qhzv-btqy,roq,strong,ai,2026-09-15,anneal seed 20260915 steps 80000
Csqh-tmxh,ruq,true,ai,2026-09-15,anneal seed 20260915 steps 80000
kmCz-hxbv,rut,out,ai,2026-09-15,anneal seed 20260915 steps 80000
hbvr-tsqm,lar,parallel,ai,2026-09-15,anneal seed 20260915 steps 80000
rygv-kChn,lul,recursion,ai,2026-09-15,anneal seed 20260915 steps 80000
swhr-qgxm,wen,sequence,ai,2026-09-15,anneal seed 20260915 steps 80000
qfvf-wsqs,mig,merge,ai,2026-09-15,anneal seed 20260915 steps 80000
Cgdr-cgzf,mon,amount,ai,2026-09-15,anneal seed 20260915 steps 80000
yCws-slcb,nip,finite,ai,2026-09-15,anneal seed 20260915 steps 80000
nnnl-jkyv,nok,disconnect,ai,2026-09-15,anneal seed 20260915 steps 80000
mmcC-vvjc,giq,nine,ai,2026-09-15,anneal seed 20260915 steps 80000
bCbn-rlyq,gig,hit,ai,2026-09-15,anneal seed 20260915 steps 80000
dzqf-rgqj,giv,diversity,ai,2026-09-15,anneal seed 20260915 steps 80000
rhfh-rtCl,gix,discrete,ai,2026-09-15,anneal seed 20260915 steps 80000
xhwh-wybm,gen,density,ai,2026-09-15,anneal seed 20260915 steps 80000
jzps-hdkw,geq,general,ai,2026-09-15,anneal seed 20260915 steps 80000
hnld-tngy,geg,sequence,ai,2026-09-15,anneal seed 20260915 steps 80000
ncrl-sfkr,gek,detect,ai,2026-09-15,anneal seed 20260915 steps 80000
rgqb-qmnl,gef,mesh,ai,2026-09-15,anneal seed 20260915 steps 80000
vccz-ykqC,gog,collection,ai,2026-09-15,anneal seed 20260915 steps 80000
drdj-tcvj,gop,constraint,ai,2026-09-15,anneal seed 20260915 steps 80000
mqww-lrjC,gov,convert,ai,2026-09-15,anneal seed 20260915 steps 80000
rkdm-tbdf,gor,compare,ai,2026-09-15,anneal seed 20260915 steps 80000
qwrx-xxwn,deq,ten,ai,2026-09-15,anneal seed 20260915 steps 80000
ybsv-fjvC,dur,turn,ai,2026-09-15,anneal seed 20260915 steps 80000
bxsd-dcsc,bog,border,ai,2026-09-15,anneal seed 20260915 steps 80000
phzz-lCnq,pig,outside,ai,2026-09-15,anneal seed 20260915 steps 80000
nvbx-shws,piv,passive,ai,2026-09-15,anneal seed 20260915 steps 80000
ztrj-ndlm,pix,size,ai,2026-09-15,anneal seed 20260915 steps 80000
rnrx-yckl,pex,persist,ai,2026-09-15,anneal seed 20260915 steps 80000
jjmw-dssC,pad,span,ai,2026-09-15,anneal seed 20260915 steps 80000
dhvm-pcnn,pap,capacity,ai,2026-09-15,anneal seed 20260915 steps 80000
mbnr-wyrv,pal,polarity,ai,2026-09-15,anneal seed 20260915 steps 80000
fdjz-rfrz,puk,out,ai,2026-09-15,anneal seed 20260915 steps 80000
bpky-xpjr,pur,power,ai,2026-09-15,anneal seed 20260915 steps 80000
jzgm-llck,kig,capability,ai,2026-09-15,anneal seed 20260915 steps 80000
Cvyp-kshc,kif,active,ai,2026-09-15,anneal seed 20260915 steps 80000
dvyg-zkcn,keq,contain,ai,2026-09-15,anneal seed 20260915 steps 80000
ccxh-pgvh,kef,intensity,ai,2026-09-15,anneal seed 20260915 steps 80000
Cvvs-kgvf,kas,continuous,ai,2026-09-15,anneal seed 20260915 steps 80000
vpkl-dmng,fiq,touching,ai,2026-09-15,anneal seed 20260915 steps 80000
bnlc-wkbz,fik,uniformity,ai,2026-09-15,anneal seed 20260915 steps 80000
xftk-kqlg,feq,confidence,ai,2026-09-15,anneal seed 20260915 steps 80000
bnld-mlCf,fex,absense,ai,2026-09-15,anneal seed 20260915 steps 80000
lglw-bdjk,far,parallel,ai,2026-09-15,anneal seed 20260915 steps 80000
nmjk-zcCn,fal,that,ai,2026-09-15,anneal seed 20260915 steps 80000
rfls-pctq,foq,intersection,ai,2026-09-15,anneal seed 20260915 steps 80000
hqpf-zlqn,xar,obstacle,ai,2026-09-15,anneal seed 20260915 steps 80000
ywjj-vpbv,yif,clarify,ai,2026-09-15,anneal seed 20260915 steps 80000
qlnh-vkdv,yen,uncertain,ai,2026-09-15,anneal seed 20260915 steps 80000
pflv-cckd,yeq,line,ai,2026-09-15,anneal seed 20260915 steps 80000
ckbv-sydc,yeg,relation,ai,2026-09-15,anneal seed 20260915 steps 80000
fjct-lbvm,yeb,unpredictable,ai,2026-09-15,anneal seed 20260915 steps 80000
csCk-fkyp,yep,predictable,ai,2026-09-15,anneal seed 20260915 steps 80000
wxkC-lCfg,yek,select,ai,2026-09-15,anneal seed 20260915 steps 80000
gClr-hcdn,yef,frequency,ai,2026-09-15,anneal seed 20260915 steps 80000
nbbm-fsnw,yoq,solution,ai,2026-09-15,anneal seed 20260915 steps 80000
bngn-rlhn,yof,orientation,ai,2026-09-15,anneal seed 20260915 steps 80000
myCy-qhxj,yor,threshold,ai,2026-09-15,anneal seed 20260915 steps 80000
gpvx-fcwx,yur,recursion,ai,2026-09-15,anneal seed 20260915 steps 80000
qdtd-mChl,riq,original,ai,2026-09-15,anneal seed 20260915 steps 80000
kxtg-zxxh,rek,silence,ai,2026-09-15,anneal seed 20260915 steps 80000
ffwd-mvzq,rag,balance,ai,2026-09-15,anneal seed 20260915 steps 80000
zyhy-wfvy,lap,attract,ai,2026-09-15,anneal seed 20260915 steps 80000
fcqx-crcw,lar,normal,ai,2026-09-15,anneal seed 20260915 steps 80000
vbxl-gjrl,weg,region,ai,2026-09-15,anneal seed 20260915 steps 80000
hsbq-bhzl,wep,repel,ai,2026-09-15,anneal seed 20260915 steps 80000
rprf-tmll,wef,reflect,ai,2026-09-15,anneal seed 20260915 steps 80000
grzw-xvkt,wad,vague,ai,2026-09-15,anneal seed 20260915 steps 80000
fhnf-Chnm,wur,follower,ai,2026-09-15,anneal seed 20260915 steps 80000
dmnv-plnl,mif,limit,ai,2026-09-15,anneal seed 20260915 steps 80000
xmhg-fcCj,mom,union,ai,2026-09-15,anneal seed 20260915 steps 80000
lzzr-mvhC,mur,amount,ai,2026-09-15,anneal seed 20260915 steps 80000
nqks-frCd,nef,diversity,ai,2026-09-15,anneal seed 20260915 steps 80000
mycs-Cqfn,nap,orientation,ai,2026-09-15,anneal seed 20260915 steps 80000
wCtv-lkCC,nom,normal,ai,2026-09-15,anneal seed 20260915 steps 80000
vCbz-pnvv,nor,near,ai,2026-09-15,anneal seed 20260915 steps 80000
krgm-bkwx,giq,region,ai,2026-09-15,anneal seed 20260915 steps 80000
qrxs-dnwd,gig,nine,ai,2026-09-15,anneal seed 20260915 steps 80000
fsbb-vfgq,gip,capability,ai,2026-09-15,anneal seed 20260915 steps 80000
cCrb-yjyC,gix,hit,ai,2026-09-15,anneal seed 20260915 steps 80000
cpCs-nxCl,gen,constraint,ai,2026-09-15,anneal seed 20260915 steps 80000
cCCv-dyzd,gep,discrete,ai,2026-09-15,anneal seed 20260915 steps 80000
kfrk-tvgC,gek,density,ai,2026-09-15,anneal seed 20260915 steps 80000
wCsh-gCtc,gog,contain,ai,2026-09-15,anneal seed 20260915 steps 80000
vnbq-tpCt,gop,compare,ai,2026-09-15,anneal seed 20260915 steps 80000
jCvs-nxsn,gof,convert,ai,2026-09-15,anneal seed 20260915 steps 80000
fknx-pghf,gor,border,ai,2026-09-15,anneal seed 20260915 steps 80000
szlx-hsvs,guf,confuse,ai,2026-09-15,anneal seed 20260915 steps 80000
ywsf-cpny,dek,confidence,ai,2026-09-15,anneal seed 20260915 steps 80000
kmgm-lwlp,dar,balance,ai,2026-09-15,anneal seed 20260915 steps 80000
mywC-byjj,doq,continuous,ai,2026-09-15,anneal seed 20260915 steps 80000
mCfc-thvt,pig,predictable,ai,2026-09-15,anneal seed 20260915 steps 80000
Ckww-stjC,piz,passive,ai,2026-09-15,anneal seed 20260915 steps 80000
hxgk-hpsr,piv,possible,ai,2026-09-15,anneal seed 20260915 steps 80000
pdmp-zpCy,pek,detect,ai,2026-09-15,anneal seed 20260915 steps 80000
jltx-cdgf,pef,specific,ai,2026-09-15,anneal seed 20260915 steps 80000
krCm-kgxy,pon,potential,ai,2026-09-15,anneal seed 20260915 steps 80000
gfyr-mjCf,poq,collection,ai,2026-09-15,anneal seed 20260915 steps 80000
wnnr-hxym,pof,oppose,ai,2026-09-15,anneal seed 20260915 steps 80000
Chcb-mmlt,tap,attract,ai,2026-09-15,anneal seed 20260915 steps 80000
yrpj-rnlt,kig,outside,ai,2026-09-15,anneal seed 20260915 steps 80000
npsx-hhrs,keq,sequence,ai,2026-09-15,anneal seed 20260915 steps 80000
hzkC-CCjn,kef,frequency,ai,2026-09-15,anneal seed 20260915 steps 80000
Cdtq-npmh,vap,that,ai,2026-09-15,anneal seed 20260915 steps 80000
gmgw-wpwx,voq,uniformity,ai,2026-09-15,anneal seed 20260915 steps 80000
kvhd-dqnn,fik,intensity,ai,2026-09-15,anneal seed 20260915 steps 80000
csrw-jqbn,fev,other,ai,2026-09-15,anneal seed 20260915 steps 80000
hwnC-djdj,fef,absense,ai,2026-09-15,anneal seed 20260915 steps 80000
cgCy-mdCh,far,span,ai,2026-09-15,anneal seed 20260915 steps 80000
hzrn-hltf,fal,parallel,ai,2026-09-15,anneal seed 20260915 steps 80000
lsym-xlns,yib,unpredictable,ai,2026-09-15,anneal seed 20260915 steps 80000
trsw-yrrz,yip,polarity,ai,2026-09-15,anneal seed 20260915 steps 80000
pCcn-mvnw,yif,size,ai,2026-09-15,anneal seed 20260915 steps 80000
gkng-vlnr,yep,select,ai,2026-09-15,anneal seed 20260915 steps 80000
lttt-lztC,yoq,intersection,ai,2026-09-15,anneal seed 20260915 steps 80000
wszt-mlyg,yor,more,ai,2026-09-15,anneal seed 20260915 steps 80000
fzvk-zbpg,req,relation,ai,2026-09-15,anneal seed 20260915 steps 80000
wmgz-cmqf,rep,repel,ai,2026-09-15,anneal seed 20260915 steps 80000
gnlr-Ckrj,rag,vague,ai,2026-09-15,anneal seed 20260915 steps 80000
mykg-jdvk,ruq,solution,ai,2026-09-15,anneal seed 20260915 steps 80000
bCzy-bjns,lar,original,ai,2026-09-15,anneal seed 20260915 steps 80000
kftw-shcx,lul,true,ai,2026-09-15,anneal seed 20260915 steps 80000
lCyf-hsdm,wur,recursion,ai,2026-09-15,anneal seed 20260915 steps 80000
