category   	term      	meaning                                            	latin       	native        	language
           	miq       	motion
           	mid       	positive
           	mik       	meet                                               	            	              	english
           	mis       	                                     	            	              	english
           	miv
           	mix       	network                                            	            	              	english
           	mir
           	men       	main
           	meq
           	mek       	make                                               	            	              	english
           	mes       	                                              	masa        	मास           	sanskrit
           	mej
           	mam       	mother
           	man       	mind                                               	mánas       	मनस्          	sanskrit
           	maq       	harmony                                            	            	              	english
           	lut       	fruit                                              	            	              	english
           	mad
           	mab
            suz         source
           	map
           	mag       	many
           	mak
           	maf       	male
           	tak       	speech utterance
color      	maj       	magenta
           	mac       	great                                              	mahat       	महत्          	sanskrit
           	mar       	symbol
           	moq       	about/encompass                                    	            	              	english
           	min       	meaning                                            	            	              	english
number     	mop       	twelve
           	mok       	align                                              	            	              	english
code       	hax       	hash
           	mox       	immutable
           	mol
           	mor       	the model of the action (e.g. the transform)
           	mun       	gut sense
           	muq       	mmm                                                	            	              	english
           	zum       	(past particle)
           	mud
           	mut
           	muk
           	mus
           	mov       	move
           	muz       	pain
           	mis       	message                                            	            	              	english
body       	muc

           	mul       	unreal                                             	            	              	english
           	niq       	omniscient                                         	            	              	english
           	nid       	need
           	nik       	pink
           	neC       	a (isolated-element-focus)
           	nos       	nest (recursion)
           	nix       	listen
           	nir
           	nux       	nature
           	net
           	nek
           	nes
           	nev       	off
           	nam       	name
           	nen       	negate
           	naq
           	nak
           	nas
           	nav       	center
           	niz       	as                                                 	            	              	english
           	nal       	neutral
           	nar       	person                                             	nára        	नर            	sanskrit
           	non       	not (un- or -im)
           	nop       	no                                                 	            	              	english
           	not       	note                                               	            	              	english
           	noz       	nose                                               	            	              	english
           	nox       	notion                                             	            	              	english
           	nol       	toward
           	num       	know
           	nuq       	bond
           	nub       	separate
           	nuv       	empty
           	nuz       	distribute
           	nuj       	hell
           	nuc       	long
           	nul       	forget
           	gim       	magic
           	gin       	sync
           	gib       	guide                                              	            	              	english
           	git       	infinite
           	gik       	user                                               	            	              	english
           	gis       	will (future)                                      	            	              	english
           	gif       	give                                               	            	              	english
           	giz       	position
           	gir       	that
           	gem       	game                                               	            	              	english
           	gan       	garden                                             	gan         	גַּן          	hebrew
           	gag       	child
           	gad       	god                                                	            	              	english
           	gab       	eat
           	gav       	how (missing-action-focus)
           	gaz       	possess
           	gal       	too                                                	            	              	english
           	gar       	language
           	gaC       	gather                                             	            	              	english
           	goq       	job
color      	god       	gold                                               	            	              	english
           	gop
           	got       	antenna                                            	            	              	english
           	gol       	goal                                               	            	              	english
           	gum       	come
           	gun       	representation
           	gub       	like (filler)
body       	gut       	gut                                                	            	              	english
           	gus       	back (front)
           	guv       	end
           	guz       	lose
           	guj       	memory
math       	gul       	exponent
           	dim       	you
math       	dig       	sine
           	did       	deed                                               	            	              	english
           	dib       	connect
           	dip       	tree
           	dis       	number
           	dif       	define
           	div       	drive
           	det       	datetime stamp/instance in time
           	dez       	dynamic
color      	dej       	orange
           	dam       	morality                                           	dhárma      	धर्म          	sanskrit
           	dan       	the
animal     	dag       	dog                                                	            	              	english
           	dad       	content
           	dat       	word                                               	            	              	english
           	dak       	physical
           	das       	understand
           	daf       	previous
           	dav       	divine
           	dac       	death
           	dal       	matter (physics)
           	dom       	state
number     	dob       	two
           	doz       	here
           	dor       	door
           	dum       	negative
           	dun       	join (to one)
           	dug       	drink                                              	            	              	english
           	dud       	friend                                             	            	              	english
           	dub       	aware
           	duk       	minute                                             	daka        	דַּקָּה       	hebrew
           	dus       	reduce
           	duz       	do
           	dux       	condition (general state)
           	dul       	delete
           	bim       	target
           	biq       	being                                              	            	              	english
           	big       	go                                                 	            	              	english
           	bid       	ignorant
           	bib       	we
           	bip       	output
           	bit       	beat                                               	            	              	english
           	biz       	intense
           	bil       	limit/restrict                                     	higbíl      	הִגְבִּיל     	hebrew
           	beq       	bang                                               	            	              	english
           	bed       	bite
           	beb       	baby                                               	            	              	english
           	bet       	under
           	bes       	base                                               	            	              	english
           	bam       	create
           	ban       	together/bind
           	baq       	be
           	bag       	insect                                             	            	              	english
math       	bad       	tangent (math)
           	bab       	father
           	bat       	beauty                                             	            	              	english
           	bak       	send
           	bax       	bird                                               	bird        	              	english
           	bar       	bear (carry)                                       	            	              	english
           	baC       	by                                                 	            	              	english
           	bod
           	bot       	boat                                               	            	              	english
           	bos       	possessive plural
code       	bov       	debug
           	boz       	private
           	bor       	condition (case)
           	bum       	boom                                               	            	              	english
math       	bug       	cosine
           	bud       	awake
           	bub       	boob                                               	buba        	בּוּבָּה      	hebrew
           	bup       	energy
           	but       	unstable
           	buz       	bosom
           	bux       	bundle (matter condensing)
color      	bul       	blue
           	pim       	permeate                                           	            	              	english
           	piq       	request
           	pip       	individual
           	pit       	pure                                               	            	              	english
           	pik       	master
           	pem       	they (communicating-agent-external-reference-focus)	hem         	הֵם           	hebrew
           	peq       	pay                                                	            	              	english
           	pam       	pray
           	pan       	yes
           	paq       	response
math       	pat       	dimension
           	pak       	package
           	pas       	space                                              	            	              	english
           	pac       	path
           	par       	depart/from                                        	            	              	english
           	pom       	different
           	pod       	free
code       	pop       	property (of object)                               	            	              	english
           	pot       	honorific (address)
           	por       	poor                                               	chasheng    	差生            	chinese
           	pum       	time (count)
           	pul       	pull                                               	            	              	english
           	tim       	team                                               	            	              	english
           	tin       	between                                            	            	              	english
           	tiq       	mental experience                                  	tov         	טוֹב          	hebrew
           	tip       	step
           	tiv       	conscious
           	tiz       	ellipse
           	tix       	tingle                                             	            	              	english
number     	tic       	fourteen
           	tir       	TRUE
color      	ten       	tan (color)
           	teq       	like (as if)
           	tet       	signal                                             	le'ot(e)t   	לְאוֹתֵת      	hebrew
           	tek       	take                                               	            	              	english
           	tef       	left                                               	            	              	english
           	tam       	meditate
body       	taq       	tongue
body       	tad       	tail                                               	tail        	              	english
           	tab       	stable
           	tat       	sibling
           	tas       	test
           	taf       	good                                               	tov         	טוֹב          	hebrew
           	taj       	down (to be cool with something)
           	tac       	set (get)
           	tal       	tell                                               	            	              	english
           	tar       	tire (sleep)
science    	tom       	atom                                               	            	              	english
           	ton       	agent (one who does x)
           	tod       	term
           	tok       	structure                                          	            	              	english
           	tos       	task                                               	            	              	english
           	tox       	text
           	tor       	before
           	tuq       	type
           	tub       	tube                                               	            	              	english
           	tup       	impure                                             	            	              	english
code       	tuv       	input (computing)
           	tuz       	because
           	tux       	intuition                                          	            	              	english
           	tuc       	emotion
           	tul       	tool                                               	tool        	              	english
           	tur       	turf                                               	            	              	english
           	kim       	climb                                              	            	              	english
           	kiq       	action
           	kid       	could                                              	            	              	english
           	kip       	tune
           	kik       	kick
           	kis       	bottom
           	kiv       	intent
           	kiz       	if
code       	kix       	process
color      	kil       	cyan
           	ken       	communicate
           	kep       	clone
           	ket       	but
           	kek       	agree
           	kes       	case (situation)
           	kam       	calm
           	kan       	aggregate                                          	quánbù      	全部            	chinese
           	kaq       	object
           	kab       	receive                                            	kabala      	קַבָּלָה      	hebrew
           	kat       	focus                                              	            	              	english
           	kaf       	cough                                              	            	              	english
           	kaz       	cause                                              	            	              	english
           	kax       	perfect                                            	            	              	english
           	kal       	time                                               	kala        	काल           	sanskrit
           	kar       	call
number     	kom       	five
           	kon       	and
code       	kod       	code
code       	kop       	scope                                              	            	              	english
           	kok       	disagree                                           	nekhlák     	נֶחְלַק       	hebrew
           	kof       	default
           	kov       	cover                                              	            	              	english
           	koz       	z-axis
           	koj       	fool
           	kox       	cell (biology)                                     	koshA       	कोशा          	sanskrit
           	kol       	all                                                	kol         	כֹּל          	hebrew
           	kum       	back area
           	kuq       	manner
           	kud       	miss (didn't touch)
           	kub       	cube                                               	            	              	english
           	kup       	tone
           	kus       	constant                                           	            	              	english
           	kuf       	clue
           	kuv       	divide
           	kul       	cool (interjection)                                	            	              	english
           	kur       	down
           	him       	nothing
           	hin       	hi
           	hid       	not hidden
           	hip       	group
           	hit       	heat
           	hik       	hike
animal     	his       	snake                                              	            	              	english
color      	hix       	peach (color)
           	hir       	hear                                               	            	              	english
           	hem       	hey                                                	            	              	english
           	heq       	hang                                               	            	              	english
           	hek       	hour
           	hez       	every
           	ham       	hmm                                                	            	              	english
number     	han       	zero
           	had       	head                                               	            	              	english
           	hap       	event
           	hat       	at                                                 	            	              	english
           	hak       	hack (work)
           	has       	hyper                                              	            	              	english
           	haz       	have
           	hal       	how                                                	kathám      	कथम्          	sanskrit
           	har       	era                                                	            	              	english
           	hom       	home                                               	            	              	english
           	hoq       	hold
           	hod       	period of x (-hood)
           	hop       	hope                                               	            	              	english
           	hok       	okay
number     	hov       	floating point
           	toz       	position (cardinal)
number     	hoz       	cardinal number
           	hol       	whole                                              	            	              	english
           	xam       	chime
           	hum       	urge
           	hun       	illusion                                           	            	              	english
           	huq       	uh
           	hud       	hide
           	hub       	x-axis
           	hut       	heed                                               	            	              	english
           	huk       	hook
           	huv       	handle
           	huz       	duration
           	sig       	front
           	sid       	seed
           	sip       	asleep
           	sit       	medium
           	sik       	seek
color      	sif       	purple
           	siv       	perceive                                           	            	              	english
           	siz       	peace
           	six       	all encompasing thing
           	sil       	more (-er)
           	siC       	hush
           	sem       	same (sym-)
           	sep       	swipe                                              	            	              	english
           	sek       	percept
           	sef       	continue                                           	yos(e)f     	יוֹסֵף        	hebrew
           	sev       	save                                               	            	              	english
           	sez       	sir
           	seC       	etc.
sound      	sam       	sound                                              	sound       	              	english
           	san       	sun                                                	sū́rya      	सूर्य         	sanskrit
           	saq       	song                                               	            	              	english
           	sag       	beyond (extra- or hyper-)
           	sab       	describe
           	sap       	present (now)
           	sat       	sight                                              	            	              	english
           	sas       	parent
color      	sav       	silver                                             	            	              	english
           	saz       	emphasize                                          	            	              	english
           	saj       	etc
           	sax       	wash
           	sal       	like (similar)
           	sar       	surf
           	som       	drug                                               	soma        	सोम           	sanskrit
           	sog       	reason                                             	            	              	english
           	sod       	mystery                                            	            	              	hebrew
           	sop       	so/transition                                      	            	              	english
           	sok       	around/surround                                    	            	              	english
           	sof       	each
           	soz       	also
           	sol       	soul
code       	sor       	file (computer)                                    	            	              	english
           	sub       	I
           	sup       	above (super)/hover
           	sut       	store                                              	            	              	english
           	suk       	top
           	suf       	self (auto-)
           	suv       	observe                                            	            	              	english
           	sul       	still (time)
           	sur       	assert
           	sur       	out
number     	suC       	three
           	fim       	female
           	fid       	next
           	fid       	food
           	fix       	belief
           	fil       	feel                                               	            	              	engllish
number     	fet       	eight
           	fek       	fake                                               	            	              	english
           	fes       	face                                               	            	              	english
           	fam       	family                                             	            	              	english
           	fan       	find
           	fak       	fuck
color      	faz       	green
           	fon       	device
           	fot       	right (direction)
           	fok       	halt
           	fos       	else
           	for       	fire
           	fun       	within (endo-)
           	fun       	would                                              	            	              	english
           	fun       	wind (air)                                         	            	              	english
code       	fuq       	function                                           	            	              	english
           	fug       	figure (it out)
           	fup       	borrow
           	fut       	bad
           	fus       	discontinuous
           	fuz       	fusion
           	fuj       	refuge                                             	            	              	english
           	ful       	fuel                                               	            	              	english
           	fur       	fail
           	vim       	way/style
           	vin       	fill (-full)
           	viq       	everything
           	vig       	start
           	vid       	veer
number     	vip       	six
           	vit       	information
           	vis       	see                                                	            	              	spanish
           	vix       	preserve
           	vic       	bit
           	vil       	manifest
           	vir       	remote (far)
           	ved       	study or science of (-ology)
code       	veb       	byte                                               	            	              	english
           	vek       	filter
           	ves       	vessel
           	vex       	reveal
           	van       	having the nature of (-ivity)
           	vab       	vibe                                               	            	              	english
           	vat       	body
           	vak       	multiply
           	vas       	aspect
           	vav       	repeat
           	vax       	it
           	val       	value                                              	            	              	english
code       	var       	variable
           	von       	sin                                                	avon        	עָווֹן        	hebrew
color      	vog       	black
           	vod       	void
           	vot       	vote                                               	            	              	english
           	vov       	axis
           	voz       	voice                                              	            	              	english
           	vor
           	vun       	on
           	vuq       	data
           	vuq       	foundation                                         	            	              	english
           	vus       	flex
           	vuc       	catch
           	vul       	via                                                	            	              	english
           	zim       	pleasure
           	zin       	decision                                           	            	              	english
           	ziq       	zing                                               	            	              	english
           	zig       	gain
           	zip       	graph
           	zil       	perspective
           	zir       	pertaining to x (pleasantry)
           	zem       	plasma (matter)                                    	            	              	english
color      	zet       	olive (color)
number     	zan       	one
           	zaq       	presence
           	zab       	public                                             	tzibur      	צִיבּוּר      	hebrew
           	zap       	zap                                                	            	              	english
           	zak       	effect
           	zaf       	equal (iso-)
           	zav       	lie                                                	kaḏaba      	كَذَبَ        	arabic
           	zar       	vowel                                              	svara       	स्वर          	sanskrit
           	zom       	so/great
           	zon       	zone
           	zok       	try
           	zox       	sense
           	zum       	zoom
           	zub       	absorb                                             	            	              	english
           	zut       	identity                                           	zehut       	זֶהוּת        	hebrew
           	zuk       	where
           	zus       	experience
           	zuz       	converse (talk)
           	zul       	animal                                             	zoia        	ζῷᾰ           	greek
           	zur       	fall
           	jin       	paradise                                           	janna       	جَنَّة        	arabic
           	jit       	digit                                              	            	              	english
           	jil       	stream
           	jet       	throw                                              	jeté        	              	french
           	jan       	spirit                                             	            	              	english
           	jaq       	count
           	jak       	wisdom
           	jas       	just (close-focus)                                 	            	              	english
           	jom       	pattern
           	jul       	universe
           	jul       	flow
           	xim       	speech                                             	            	              	english
code       	xin       	machine                                            	            	              	english
           	xiq       	will
color      	xid       	grey
           	xip       	imagine                                            	            	              	english
           	xit       	provide                                            	lehox(i)t   	לְהוֹשִׁיט    	hebrew
code       	xik       	computation
           	xiv       	destroy
body       	xic       	eye
           	xen       	result
           	xed       	should                                             	            	              	english
           	xam       	heaven
number     	xab       	seven
           	xat       	or
           	xax       	eternal
           	xal       	share                                              	            	              	english
           	xom       	now
           	xok       	copy
           	xol       	show                                               	            	              	english
           	xum       	sky
           	xun       	change
           	xud       	quiet
           	xup       	ship
           	xut       	shout                                              	            	              	english
           	xut       	shelter
           	xuv       	return
           	xul       	subtract
           	ciq       	thing (hatchling)                                  	            	              	english
           	cit       	get
           	cam       	then                                               	            	              	english
           	cad       	life
           	cat       	mud                                                	            	leðja         	icelandic
           	cak       	thank                                              	            	              	english
code       	cok       	spec
color      	cov       	brown
           	cub       	torture                                            	ʿaḏāb       	عَذَاب        	arabic
number     	cuk       	eleven
code       	cuv       	field (ether)
code       	cux       	key
           	          	when (time location)                               	            	              	english
           	          	kaleidoscope
           	          	inverse                                            	            	              	english
           	          	connection network (neighborhood)
           	          	solve
           	          	wait                                               	            	              	english
           	          	wave
number     	          	fifteen
           	          	why
           	          	um
color      	          	white
           	          	walk
           	          	exist
           	          	while
           	          	wear
           	          	problem
           	          	wow
           	          	woo
           	          	emanate
           	          	what
           	          	system
           	lin       	learn                                              	            	              	english
           	liq       	simulate                                           	            	              	english
math       	lig       	square root                                        	            	              	english
           	lid       	lead
           	lip       	chain
           	lit       	light
           	lik       	link
plant      	lif       	leaf                                               	            	              	english
           	lij       	orient
code       	lil       	boolean
           	lem       	low                                                	            	              	english
           	lep       	push
           	lek       	collect
           	les       	air
           	leC       	point                                              	            	lið           	icelandic
           	lam       	real                                               	            	              	english
           	lan       	land                                               	            	              	english
           	laq       	object feature type
body       	lag       	organ (body)
color      	lad       	yellow
           	lak       	like                                               	            	              	english
number     	laf       	four
           	lav       	love                                               	            	              	english
           	laz       	very much of (-some)
           	lax       	add
           	lal       	y-axis
           	lom       	plural (many)
           	lon       	loan
           	log
           	log       	permute                                            	tmura       	תְּמוּרָה     	hebrew
           	log       	bet (gamble)                                       	himur       	הִימּוּר      	hebrew
           	log       	murmur
           	log       	glimmer
           	lod       	load
           	lob       	error
           	lot       	lot (land)
           	lok       	place (space location)                             	            	              	english
           	los       	less of (-less) empty                              	            	              	english
code       	lox       	string (computing)
           	lor       	lord
           	lum       	branch
           	lun       	moon
           	luq       	question
code       	lup       	loop
           	luk       	look                                               	            	              	english
           	luf       	far (large-distance-focus)
           	luj       	logic                                              	            	              	english
           	rin       	run
           	rid       	read
           	rib       	ribbit
           	rip       	rich
           	rit       	soil                                               	pṛthvī      	पृथ्वी        	sanskrit
           	rik       	up                                                 	fawq        	فوق           	arabic
           	ris       	express
           	rif       	close (near)
           	riv       	to/arrive
           	riz       	rise
           	ric       	straight
           	ril       	relation
code       	riC       	algorithm                                          	            	              	english
           	ren       	rain
           	reg       	edit
color      	red       	red
           	ret       	after
           	ref       	success
code       	rex       	array                                              	            	              	english
           	reC       	progress
           	ram       	dark                                               	rāma        	राम           	sanskrit
animal     	ran       	frog
           	ran
           	raq       	wrong
           	rad
           	rab       	ride                                               	            	              	english
           	rap       	wrap
           	rat       	write
           	rak       	rock
           	ras       	in
           	raf       	reference
science    	rav       	particle                                           	ravā        	रवा
           	raz       	resonate                                           	            	              	english
           	raj       	range                                              	            	              	english
           	ral       	raw                                                	            	              	english
           	rar       	rare                                               	            	              	english
           	raC       	rhythm
           	ron       	environment                                        	            	              	english
number     	rog       	thirteen
           	rot       	FALSE
           	ros       	force                                              	            	              	english
color      	rov       	copper
color      	roz       	rose                                               	            	              	english
           	rol       	cycle
           	rum       	realm
           	run       	glyph
           	rug       	this
           	rud       	update
math       	rub       	logarithm                                          	            	              	english
           	rup       	right (time)
           	ruk       	location
           	ruv       	local
sound      	ruz       	consonant
           	rul       	rule (in system)
           	yiq       	impermanent
           	yit       	night
           	yix       	something
           	yem       	yum (food)
           	yev       	sort
           	yam       	day                                                	yom         	יוֹם          	hebrew
           	yan       	vehicle                                            	yana        	यान           	sanskrit
           	yaq       	permanent                                          	yongjiu     	永久            	chinese
           	yad       	away                                               	yuǎn        	遠             	chinese
           	yap       	yep                                                	            	              	english
           	yat       	way
           	yaj       	measure
color      	yal       	turquoise
           	yar       	year
           	yog       	practice of focusing on x (-ism)
           	yov       	of
           	yol       	yell
           	yut       	yet                                                	            	              	english
           	yuv       	view                                               	            	              	english
           	yuz       	use
           	yuc       	with (con-)
math       	yul       	polynomial
           	Ciz       	kaledoscope
           	Cev       	without
           	Can       	than/compare                                       	            	              	english
           	Cas       	thus                                               	            	              	english
           	Car       	there (abstract reference)
           	Car       	other                                              	            	              	english
           	Con       	transition
           	Cog       	though/regard                                      	            	              	english
           	Coz       	except
           	minz      	means
           	miqk      	who                                                	mi          	מִי           	hebrew
           	miks      	mix                                                	            	              	english
measurement	mirt      	meter                                              	            	              	english
           	ment      	mate
           	maqk      	monkey                                             	markata     	मर्कट         	sanskrit
plant      	magz      	moss                                               	            	              	english
           	madj      	image                                              	            	              	english
           	matx      	symmetry                                           	symmetria   	συμμετρία     	greek
           	maks      	maximum
           	mast      	member
           	mask      	mask                                               	masecha     	מַסֵּיכָה     	hebrew
           	malt      	metal                                              	            	              	english
animal     	marm      	mammal                                             	            	              	english
science    	marn      	muon                                               	muon        	              	english
           	marg      	old
           	mars      	mass
           	marx      	mesh (inter-)
           	marC      	quite
           	most      	most (-est) (large-collection-partition-focus)
           	mold      	mold (shape)
sound      	molt      	vowel large O sound
           	molz      	mow (grass)
sound      	morn      	m sound
math       	mord      	manifold                                           	            	              	english
number     	morp      	10^36
           	morf      	morph                                              	            	              	english
           	morv      	maybe                                              	            	              	english
           	mutx      	much (large-lot-focus)
number     	neks      	10^27
           	namp      	magnet                                             	            	              	english
           	nand      	nand
           	nanz      	noise
           	nadj      	knowledge                                          	            	              	english
           	natz      	glory                                              	nétzakh     	נֶצַח         	hebrew
sound      	natx      	n sound
           	nalz      	analyse
           	narb      	neighbor                                           	            	              	english
science    	nart      	neutron
           	nark      	any
           	narv      	river                                              	nahar       	נָהָר         	hebrew
math       	norm      	normal (math)
body       	norn      	knee                                               	            	              	english
           	nord      	order                                              	            	              	english
           	nork      	nor
           	nors      	having some aspects of (-ish)
           	norx      	nourish
           	norc      	north                                              	            	              	english
animal     	nuqk      	bear (animal)                                      	            	ᓇᓄᖅ           	inuktitut
           	nust      	embed
sound      	nurf      	vowel large U sound
body       	nurv      	nerve                                              	            	              	english
body       	gilp      	gill
sound      	gemz      	vowel e sound
           	gest      	guest
           	gant      	-gon (polygon)                                     	            	              	english
sound      	gatx      	german i vowel sound
           	galt      	guilt                                              	            	              	english
body       	garm      	arm                                                	arm         	              	english
sound      	gard      	g sound
           	garz      	again (re-)                                        	            	              	english
           	gost      	ghost                                              	            	              	english
           	golx      	only
           	gump      	new                                                	            	              	english
body       	glip      	lip
science    	glen      	gluon                                              	            	              	english
           	gled      	lay
           	glet      	gate
number     	glez      	10^4
           	glan      	glide                                              	            	              	english
           	glav      	glove                                              	            	              	english
           	glob      	planet                                             	            	              	english
animal     	glot      	goat                                               	            	              	english
           	glok      	your
           	glor      	glare                                              	            	              	english
           	gluk      	lick                                               	            	              	english
           	grit      	hello
           	griv      	grieve                                             	            	              	english
           	gril      	case (container)
           	grem      	grim                                               	            	              	english
           	gred      	grade (score)                                      	            	              	english
           	grep      	grape                                              	            	              	english
           	gres      	guess
           	gram      	gram (measure)                                     	            	              	english
           	grad      	grid                                               	            	              	english
           	grap      	issue
plant      	gras      	grass                                              	            	              	english
science    	grav      	graviton
body       	grac      	jaw                                                	gnathos     	γνάθος        	greek
body       	gral      	foot                                               	regel       	רֶגֶל         	hebrew
           	groq      	lion                                               	            	              	english
           	gror      	growl                                              	            	              	english
           	grum      	row                                                	shura       	שׁוּרָה       	hebrew
           	grun      	grow
math       	grup      	group (math)                                       	            	              	english
           	grut      	grit (strength)                                    	            	              	english
           	gruv      	rub
           	diqk      	deny
           	disk      	discover
body       	dedj      	appendage                                          	            	              	english
           	danz      	dance
           	dapc      	depth                                              	            	              	english
           	dask      	desk                                               	            	              	english
           	dalg      	magnitude
           	dalt      	dependent
           	darn      	damn/dam
           	darb      	follow
           	dart      	east
           	domp      	dump
           	dolt      	doubt                                              	            	              	english
           	dolv      	deliver                                            	            	              	english
           	dort      	dirt                                               	            	              	english
           	dors      	desert                                             	            	              	english
           	dusk      	across (trans-)/cross
           	djin      	gene                                               	            	              	english
           	djip      	over
           	djiz      	jeez
animal     	djir      	deer                                               	            	              	english
           	djek      	reject                                             	            	              	english
           	djam      	jam
           	djat      	deal                                               	            	              	english
           	djak      	fingernail                                         	zhǐ jia     	指甲            	chinese
           	djas      	justice
           	djaz      	joy
           	djok      	joke                                               	            	              	english
           	djud      	jew                                                	            	              	english
           	djus      	juice                                              	            	              	english
           	djul      	jewel
           	drim      	dream
           	drig      	degree                                             	            	              	english
number     	drib      	10^6
           	driv      	fate
           	drix      	direction
           	dreg      	drag
           	drep
           	dref      	definite
           	drex      	hyphen                                             	            	              	english
           	dram      	human                                              	adam        	אָדָם         	hebrew
           	drad      	put
           	drap      	drop                                               	            	              	english
           	drak      	harm                                               	ḍarra       	ضَرَّ         	arabic
measurement	drav      	candela (measurement)                              	            	              	english
           	dral      	dry                                                	            	              	english
           	dron      	drone (sound)                                      	            	              	english
animal     	drov      	multicellular life
           	droz      	enter
           	drum      	drum                                               	            	              	english
sound      	drup      	d sound
science    	drut      	electricity                                        	vidyut      	विद्युत्      	sanskrit
math       	drus      	radius                                             	            	              	english
           	drul      	drool                                              	            	              	english
           	bist      	beast                                              	            	              	english
           	bild      	build
           	birs      	beer                                               	            	              	english
           	bend      	bend
           	besk      	basic
           	bamp      	bump
           	band      	band (group)
animal     	batx      	bat (animal)                                       	            	              	english
           	baks      	rectangle
           	bast      	prime
           	bask      	otherwise
sound      	bard      	b sound
           	barb      	barb
animal     	barv      	duck (bird)                                        	bar'maz     	ברווז         	hebrew
           	barc      	birth
           	barl      	bare                                               	            	              	english
number     	bold      	10^30
           	born      	bury                                               	            	              	english
           	borp      	burp
           	borz      	poison                                             	            	              	english
           	borl      	boil                                               	            	              	english
           	bund      	boundary                                           	            	              	english
           	bunz      	boon
           	bust      	burst                                              	            	              	english
           	blim      	beam                                               	            	              	english
body       	blin      	belly
           	bliz      	our
           	bleq      	eject
           	blet      	bait                                               	            	              	english
           	blab      	blob                                               	            	              	english
           	blof      	blow                                               	            	              	english
science    	bloz      	boson
           	blor      	blur                                               	            	              	english
           	bloC      	blood                                              	            	blóð          	icelandic
           	blum      	bloom
           	blut      	butt                                               	            	              	english
           	briq      	bring                                              	            	              	english
animal     	brig      	insecta
           	brip      	beep
science    	brit      	orbit                                              	            	              	english
           	brif      	brief                                              	            	              	english
           	briz      	simple
           	bren      	brain                                              	            	              	english
           	bred      	braid
           	brek      	break (pieces)                                     	            	              	english
           	brev      	brave                                              	            	              	english
           	brat      	big                                                	brhat       	बृहत्         	sanskrit
animal     	brak      	bacteria                                           	            	              	english
           	braz      	box                                                	            	              	english
           	bral      	ball                                               	            	              	english
           	broq      	membrane                                           	bomo        	薄膜            	chinese
body       	brod      	bone
           	brob      	decimal
           	brol      	brow                                               	            	              	english
body       	bruk      	beak
           	bruz      	buzz                                               	            	              	english
           	pitx      	pitch (sound)
           	pirs      	role/as
           	pent      	paint                                              	            	              	english
           	pest      	paste                                              	            	              	english
           	pand      	upon
           	paqk      	punk
           	padj      	edge                                               	            	              	english
           	patx      	patch
           	parn      	purr
           	pard      	pod                                                	            	              	english
math       	parp      	perpendicular                                      	            	              	english
           	part      	part                                               	part        	              	english
           	park      	park (car)
sound      	parz      	p sound
number     	pogz      	10^5
           	podj      	purge                                              	            	              	english
math       	potx      	pi
           	post      	post (content)
           	port      	important                                          	            	              	english
           	pork      	per                                                	            	              	english
           	porf      	puff                                               	            	              	english
           	plin      	discipline                                         	            	              	english
           	pliz      	please                                             	            	              	english
           	plen      	plane (geometry)                                   	            	              	english
           	pleg      	plague                                             	            	              	english
           	plep      	plop
           	plet      	plate                                              	            	              	english
           	plek      	their
           	plan      	plan                                               	            	              	english
sound      	plap      	glottal stop
           	plak      	pluck                                              	            	              	english
           	plas      	compassion                                         	            	              	english
           	plax      	accomplish                                         	            	              	english
           	plar      	play
science    	plon      	pion                                               	pion        	              	english
           	plod      	implode                                            	            	              	english
           	plud      	pound (measure)                                    	            	              	english
           	plup      	poop                                               	            	              	english
           	prim      	prime (primative)
           	prik      	opaque                                             	            	              	english
           	pres      	pressure                                           	            	              	english
           	prex      	precious                                           	            	              	english
           	pram      	primordial                                         	            	              	english
animal     	prag      	pig                                                	            	              	english
           	prab      	probable                                           	            	              	english
           	prat      	apart
           	pras      	press (force)                                      	            	              	english
           	praz      	prize                                              	            	              	english
           	prax      	ash                                                	            	              	english
science    	prot      	proton
           	proz      	for/purpose                                        	            	              	english
           	pruk      	pick
           	pruv      	prove                                              	            	              	english
           	titx      	teach
           	tirn      	tour                                               	            	              	english
           	test      	taste
           	tamp      	temperature                                        	            	              	english
           	taqk      	toy                                                	            	              	english
           	tatx      	touch
           	tals      	tall                                               	            	              	english
number     	tarn      	10^39
           	tard      	towards
math       	tarp      	topology
animal     	tarz      	reptile
           	totx      	attach
           	toks      	easy
sound      	told      	t sound
           	torn      	turn
           	torp      	interpolate                                        	            	              	english
           	txin      	teen
           	txir      	cheer                                              	            	              	english
sound      	txeq      	q sound
           	txet      	shit
           	txes      	chase
           	txap      	chip
           	txak      	check
number     	txaz      	100
           	txal      	shell
           	txot      	loose
           	txor      	saturate
           	txum      	tissue
           	txun      	sneeze
           	txut      	chew
           	txuz      	choose
           	txul      	actual                                             	            	              	english
science    	trin      	neutrino
sound      	trid      	vowel i sound
           	trik      	trick                                              	            	              	english
           	tris      	interest                                           	            	              	english
           	trij      	treasure
           	tred      	trade                                              	            	              	english
           	tret      	trait                                              	            	              	english
           	tres      	trace                                              	shemetz     	שֶׁמֶץ        	hebrew
           	traq      	triangle
number     	trag      	10^42
           	trad      	west
           	trab      	tribe                                              	            	              	english
           	trap      	trap                                               	            	              	english
           	trat      	tight
           	trak      	track (path)                                       	maslul      	מַסְלוּל      	hebrew
math       	tras      	torus
science    	trom      	spectrum                                           	            	              	english
number     	kiqk      	10^15
           	kirn      	cure                                               	            	              	english
           	kedj      	accept
           	kamp      	camp
           	kand      	command                                            	            	              	english
           	kast      	cast
           	kaln      	kaon
           	kalt      	cult                                               	            	              	english
           	kalv      	kelvin                                             	            	              	english
           	kard      	can
           	karp      	keep                                               	            	              	english
           	kart      	crown                                              	keter       	כֶּתֶר        	hebrew
science    	kark      	quark                                              	quark       	              	english
           	kold      	cold                                               	            	              	english
           	korn      	category
           	korg      	encounter
           	korb      	cone
           	kort      	court (justice)
           	kork      	curl
           	korx      	xor
           	kund      	kind (good)                                        	            	              	english
           	kulx      	answer
           	kurv      	curve
           	klin      	clean                                              	            	              	english
sound      	kliq      	k sound
science    	klis      	nucleus
           	kliv      	cave
           	klir      	clear                                              	            	              	english
           	klem      	claim                                              	            	              	english
           	klek      	click                                              	            	              	english
           	klan      	claw
           	klad      	cloud
sound      	klap      	danish a vowel sound
animal     	klat      	cat                                                	            	              	english
           	klak      	clock
           	klok      	quick                                              	            	              	english
           	kloz      	close
           	klor      	color                                              	            	              	english
           	klum      	cue
           	klun      	community
           	klub      	kill
           	klut      	cute                                               	            	              	english
           	kriq      	care                                               	            	              	english
           	krid      	liquid                                             	            	              	english
           	krem      	chemical                                           	            	              	english
           	kred      	credit
           	krep      	crypto
           	kret      	secret                                             	            	              	english
           	krek      	cake                                               	            	              	english
           	krev      	crave                                              	            	              	english
           	kraq      	ring (sound)
           	krag      	node
           	krak      	crack                                              	            	              	english
           	kras      	cross
           	kraf      	comfort
           	krax      	crash                                              	            	              	english
measurement	krom      	ohm (measurement)
           	krot      	right (vs. wrong)
           	krok      	croak                                              	            	              	english
           	krol      	cull
           	hint      	hint                                               	            	              	english
           	hidj      	polyhedron                                         	            	              	english
           	hilk      	elk                                                	            	              	english
           	heqk      	angry                                              	            	              	english
           	hedj      	age                                                	            	              	english
           	heps      	ape
measurement	hamp      	ampere (electric current)                          	            	              	english
           	hant      	hunt
           	hanz      	house                                              	            	              	english
           	hadj      	hedge                                              	            	limgerði      	icelandic
           	habz      	abstract                                           	abstract    	              	english
           	hatx      	hole                                               	            	              	english
           	hask      	explore                                            	            	              	english
           	halm      	hue                                                	            	              	english
           	hald      	elm                                                	            	חֶסֶד         	hebrew
           	hals      	ice
           	halz      	hell (emphasize surprise)
body       	halx      	hair
           	halc      	ethnicity                                          	            	              	english
           	harq      	along
           	hard      	hard (vs. soft)                                    	            	              	english
           	hark      	arc                                                	            	              	english
           	host      	thirst
sound      	hold      	h sound
body       	holv      	elbow
animal     	horn      	horn (animal)
           	hord      	ahead
body       	hort      	heart (body)
animal     	hors      	horse                                              	            	              	english
           	horx      	oh                                                 	            	              	english
           	huqk      	hunger
sound      	hudj      	vowel u sound
           	hutx      	itch
           	sinc      	synthetic                                          	            	              	english
           	siqk      	sink (down)                                        	            	              	english
           	sitx      	second (time)                                      	            	              	english
           	sent      	saint
           	senz      	essence                                            	            	              	english
           	sedj      	sage (person)                                      	            	              	english
           	samp      	sentence (text)
           	sand      	sand                                               	            	              	english
           	saqk      	sign                                               	            	              	english
           	sadj      	beside
           	satx      	such                                               	            	              	english
           	saft      	soft                                               	            	              	english
           	salk      	circle                                             	            	              	english
measurement	sals      	celsius                                            	            	              	english
           	sard      	side                                               	            	              	english
           	sart      	certain                                            	            	              	english
           	sark      	discern
           	sarz      	feature
           	sarl      	swirl                                              	            	              	english
           	sold      	solid                                              	            	              	english
           	solp      	swap
           	sorm      	some                                               	            	              	english
           	sorg      	recent
           	sorf      	surface
math       	sutx      	set (math)                                         	            	              	english
science    	smin      	meson
           	smil      	smell                                              	            	              	english
           	smek      	smack                                              	            	              	english
           	smax      	smash
           	smal      	small                                              	            	              	english
           	smok      	smoke                                              	            	              	english
           	smul      	smile
           	snik      	sneak                                              	            	              	english
           	snif      	sniff                                              	            	              	english
           	snap      	snap                                               	            	              	english
           	snar      	snare (drum)                                       	            	              	english
           	snom      	snow
sound      	snor      	s sound
           	spin      	spin                                               	            	              	english
           	spit      	spit                                               	            	              	english
           	spik      	speak                                              	            	              	english
           	spek      	respect
           	span      	spine                                              	            	              	english
           	spak      	spike
           	spas      	spice
           	spok      	spoke (wheel)
           	stim      	steam                                              	            	              	english
           	stik      	stick (plant)                                      	            	              	english
           	stil      	still (motion)                                     	            	              	english
           	sten      	stain                                              	            	              	english
           	stet      	status                                             	            	              	english
           	stek      	mistake
           	stef      	safe                                               	            	              	english
           	stev      	stay
           	stab      	stab                                               	            	              	english
           	stat      	stat
           	staf      	stuff                                              	            	              	english
           	stal      	stall                                              	            	              	english
           	star      	star                                               	            	              	english
           	stom      	install
           	ston      	stone                                              	            	              	english
           	stok      	stomach                                            	            	              	english
           	stoj      	storage                                            	            	              	english
           	stud      	sad
           	stup      	stupid
           	skim      	minimum
body       	skin      	skin                                               	            	              	english
           	skit      	sweet
           	skil      	skill                                              	kauśala     	कौशल          	sanskrit
           	skep      	scape (scenery)                                    	            	              	english
           	skap      	skip                                               	            	              	english
           	skax      	squash                                             	            	              	english
           	skal      	scale                                              	            	              	english
           	skar      	square                                             	            	              	english
           	skoq      	cease
           	skor      	score                                              	            	              	english
           	skum      	scheme                                             	            	              	english
           	skun      	skew
           	skup      	scoop
           	skut      	difficult
           	skuz      	excuse                                             	            	              	english
           	skul      	school                                             	            	              	english
           	skur      	scare                                              	            	              	english
           	sfir      	sphere                                             	            	              	english
           	svik      	knife                                              	            	ᓴᕕᒃ           	inuktitut
           	svas      	sigh                                               	            	श्वास         	sanskrit
           	svur      	very
           	slim      	submit                                             	muslim      	مُسْلِم       	arabic
           	slid      	swing
           	slip      	sleep                                              	            	              	english
           	slix      	wish
           	sliC      	therefore                                          	suǒyǐ       	所以            	chinese
           	slet      	slight
animal     	slag      	slug (animal)
           	slad      	slide
           	slap      	slop                                               	            	              	english
number     	slat      	10^9
           	slas      	faint (light)
           	slax      	slash
           	slom      	slow                                               	            	              	english
           	slog      	slug
           	slop      	slope                                              	            	              	english
           	slok      	weak
           	slun      	soon                                               	            	              	english
           	slup      	swoop
           	slur      	my
           	sriz      	series                                             	            	              	english
           	finz      	finish                                             	            	              	english
           	fiqk      	even (though)
           	film      	film (material)
           	fent      	faint (dizzy)                                      	            	              	english
           	fand      	fund                                               	            	              	english
           	faqk      	funk                                               	            	              	english
           	fast      	fast
           	farm      	far                                                	            	              	english
           	farg      	fog                                                	            	              	english
           	fart      	fart
number     	farv      	10^24
           	farC      	feather                                            	            	              	english
plant      	folg      	fungus                                             	fungus      	              	english
           	fold      	fold                                               	            	              	english
           	form      	form                                               	            	              	english
           	forn      	fine (good)
           	fort      	fort                                               	            	              	english
animal     	fork      	ant (animal)                                       	            	              	latin
           	forc      	there
science    	funt      	photon                                             	photon      	              	english
math       	flid      	field (math)                                       	            	              	english
           	flip      	flip
           	flem      	flame
           	flet      	fight                                              	            	              	english
           	flek      	mirror
           	fleC      	appear
           	flap      	hop
           	flat      	flat                                               	            	              	english
           	flax      	flesh
sound      	flom      	f sound
           	flob      	lob
           	flot      	float
           	flok      	glow                                               	livh(o)k    	לִבְהוֹק      	hebrew
plant      	flor      	flower                                             	            	              	english
           	flum      	fly (action)
           	flun      	few
           	flud      	fluid                                              	            	              	english
           	fluz      	complex
           	flux      	flush                                              	            	              	english
           	frin      	funny
           	frik      	freak
           	fris      	hiss
           	friz      	freeze                                             	            	              	english
           	frix      	fish
sound      	fren      	danish e vowel sound
sound      	fred      	vowel large E sound
           	fret      	frame
           	frez      	phrase                                             	            	              	english
           	fras      	sail                                               	mifras      	מִפְרָשׂ      	hebrew
           	frax      	fresh                                              	            	              	english
           	froC      	fear                                               	            	              	english
           	vist      	visit
           	vedj      	vegetable                                          	            	              	english
animal     	vant      	archaea
animal     	vaqk      	cow                                                	            	              	latin
           	vast      	vast                                               	            	विपुल         	sanskrit
           	valv      	evolve                                             	            	              	english
           	varm      	vomit                                              	            	              	english
           	vark      	syllable                                           	havara      	הֲבָרָה       	hebrew
           	varz      	forest                                             	ya'ar       	יַעַר         	hebrew
           	volt      	volt
           	volz      	violent
           	vord      	avoid                                              	            	              	english
           	vorb      	ever
science    	vork      	electron
sound      	vorx      	vowel o sound
           	vutx      	entity
sound      	vust      	v sound
           	vurf      	verify                                             	            	              	english
           	vlam      	its
           	vriC      	wood                                               	            	viður         	icelandic
           	vret      	settle                                             	lax(e)vet   	לָשֶׁבֶת      	hebrew
           	vram      	insight                                            	tovana      	תּוֹבָנָה     	hebrew
           	vraj      	average                                            	            	              	english
           	vrun      	ocean                                              	varuna      	वरुण          	sanskrit
number     	vrug      	10^18
           	zist      	resist                                             	            	              	english
           	zeqk      	hand
number     	zetx      	1000
science    	zalb      	fermion
           	zalv      	dissolve                                           	            	              	english
body       	zalx      	toe
           	zarn      	alien                                              	xeno        	              	latin
animal     	zart      	lizard                                             	            	              	english
           	zark      	open
           	zolt      	column
body       	zorn      	ear
           	zord      	exit
sound      	zuqk      	z sound
sound      	jalf      	j sound
animal     	ximp      	shrimp (fish)                                      	ebi         	海老            	japanese
           	ximz      	happy
           	xift      	shift                                              	            	              	english
           	xild      	shield                                             	            	              	english
           	xant      	ancient
           	xask      	ask                                                	            	              	english
number     	xarm      	10^21
sound      	xarp      	x sound
           	xark      	society                                            	            	              	english
           	xarz      	opposite (anti)
           	xort      	sure                                               	            	              	english
           	xlik      	shriek                                             	            	              	english
           	xlav      	calculate                                          	leHax(e)v   	לְחַשֵּׁב     	hebrew
plant      	xlum      	mushroom                                           	            	              	english
           	ciqk      	think                                              	            	              	english
measurement	cets      	mole (measurement)
science    	carn      	ion                                                	            	              	english
sound      	corn      	british o vowel sound
           	corb      	distance (tele-)
body       	cutx      	tooth
           	crit      	threat
number     	crak      	10^33
           	crav      	thrive                                             	            	              	english
           	cral      	hill
           	cron      	south
sound      	crop      	c sound
           	cros      	art
           	crum      	through/tunnel                                     	            	              	english
animal     	crug      	amphibian
           	crut      	puzzle                                             	            	þraut         	icelandic
number     	widj      	10^45
           	widc      	width
sound      	witx      	w sound
           	wird      	weird
           	wetx      	which                                              	            	              	english
           	wand      	wind (coil)
           	want      	want                                               	            	              	english
           	watx      	watch                                              	            	              	english
           	wald      	wild
sound      	warp      	vowel large A sound
           	wark      	work                                               	            	              	english
           	warx      	worship                                            	            	              	english
           	wold      	world
animal     	wolf      	wolf                                               	            	              	english
           	worv      	weave                                              	            	              	english
           	worc      	worth                                              	            	              	english
           	wups      	whoops                                             	            	              	english
animal     	wurm      	worm                                               	            	              	english
           	limp      	limp
           	lint      	lint
           	list      	list                                               	            	              	english
           	lird      	wet
math       	lirk      	ratio
body       	legz      	leg                                                	leg         	              	english
           	ledj      	theory
           	laqk      	wool                                               	lana        	              	spanish
sound      	ladj      	l sound
           	laks      	lack                                               	            	              	english
           	last      	last                                               	            	              	english
           	laft      	laugh
body       	larm      	limb                                               	            	              	english
science    	larg      	element
science    	larp      	lepton
           	lart      	let
           	larv      	larva                                              	            	              	english
number     	larx      	10^12
           	lorn      	line
           	lorg      	log (diary)                                        	yoman       	יוֹמָן        	hebrew
           	lurv      	leave                                              	            	              	english
           	riqk      	rhyme                                              	            	              	english
math       	ritx      	ring (math)                                        	            	              	english
           	risk      	risk                                               	            	              	english
           	rilz      	reel
sound      	rend      	french r sound
           	reqk      	rank
           	retx      	rate (change)                                      	rate        	              	english
sound      	ramp      	r sound
           	rant      	rant                                               	            	              	english
           	ranz      	ram
sound      	ratx      	vowel a sound
           	rast      	rest (remainder)                                   	            	              	english
           	rask      	reminiscent of (-esque)
           	raft      	raft                                               	            	              	english
           	rond      	gnaw                                               	            	rodere        	latin
           	rost      	past (distance)                                    	            	              	english
number     	rups      	10^39
           	rutz      	race (event)                                       	merutza     	מְרוּצָה      	hebrew
sound      	rusk      	vowel english r sound
sound      	yiqk      	vowel large I sound
           	yild      	yield                                              	            	              	english
sound      	yarn      	y sound
measurement	yard      	yard (measurement)                                 	            	              	english
           	yorm      	uniform (consistent)
           	yorn      	yearn                                              	            	              	english
number     	york      	10^2
           	yust      	used to
           	Carv      	forever
sound      	Cork      	large C sound
           	mimak     	mimic
           	miniq     	mean (verb)                                        	            	              	english
           	minet     	internet
           	minan     	offering                                           	mincha      	מִנְחָה       	hebrew
           	minag     	custom/traditional practice                        	minhág      	מִנְהָג       	hebrew
           	minor     	lamp                                               	menora      	מְנוֹרָה      	hebrew
           	minuk     	serenity                                           	menucha     	מְנוּחָה      	hebrew
           	mints     	mince
           	miget     	mitigate                                           	            	              	english
           	migor     	meager                                             	            	              	english
           	midan     	media                                              	            	              	english
           	midar     	myriad
           	midur     	compartment                                        	midur       	מִידּוּר      	hebrew
           	miput     	minority                                           	mi'ut       	מִעוּט        	hebrew
           	mikil     	burrow                                             	mechila     	מְחִילָּה     	hebrew
           	mikar     	survey                                             	mechkar     	מֶחְקָר       	hebrew
           	misat     	protest                                            	mecha'a     	מְחָאָה       	hebrew
           	misal     	missile
           	misok     	erase                                              	limH(o)k    	לִמְחוֹק      	hebrew
           	mizam     	initiative                                         	mezam       	מֵיזָם        	hebrew
code       	micad     	method
           	micak     	myth                                               	            	              	english
           	milit     	filling                                            	m'lít       	מְלִית        	hebrew
           	milan     	mill
           	milat     	cement                                             	melet       	מֶלֶט         	hebrew
           	miriq     	merry                                              	            	              	english
           	mirad     	revolt                                             	mered       	מֶרֶד         	hebrew
           	mirak     	miracle
           	miraj     	mirage                                             	            	              	english
           	miCim     	ticket                                             	            	miði          	icelandic
           	memik     	maim                                               	            	              	english
           	memac     	mammoth                                            	            	              	english
           	memon     	memo
           	menat     	mane                                               	            	              	english
           	menak     	money                                              	            	              	english
           	menas     	menace                                             	            	              	english
math       	medun     	median (math)                                      	            	              	english
animal     	meduz     	jellyfish                                          	meduza      	מֶדוּזָה      	hebrew
           	mepal     	maple                                              	            	              	english
           	metan     	thing about the thing (meta-)
           	metak     	tension                                            	metach      	מֶתַח         	hebrew
math       	metar     	chord (math)                                       	metar       	מיתר          	hebrew
           	mekir     	err                                                	            	              	english
           	mesid     	stumble                                            	me'ida      	מְעִידָה      	hebrew
           	meset     	emaciate
           	mesor     	tradition                                          	            	              	hebrew
           	mezan     	maze
           	mejar     	major                                              	zhòngyào    	重要            	english
           	melak     	mail                                               	            	              	english
plant      	melon     	melon (vegetable)                                  	            	              	english
           	mamig     	mummy
           	mamip     	mime
           	mamat     	debate                                             	ma'amat     	מַעֲמָת       	hebrew
           	mamar     	sorrow                                             	memer       	מֶמֶר         	hebrew
           	manan     	dose                                               	leman(e)n   	לְמַנֵּן      	hebrew
           	manat     	ponder                                             	            	मन्यते        	sanskrit
           	manaj     	manage                                             	            	              	english
           	manok     	motor                                              	mano'a      	מָנוֹעַ       	hebrew
           	manor     	manner                                             	            	              	english
           	manun     	passion                                            	            	मन्यु         	sanskrit
           	manut     	occuptation                                        	umanut      	אוּמָּנוּת    	hebrew
           	manuC     	humanity                                           	            	mannúð        	icelandic
           	mants     	monster                                            	            	              	english
           	magef     	epidemic                                           	magefa      	מַגֵּיפָה     	hebrew
           	magan     	dock                                               	ma'agán     	מַעֲגָן       	hebrew
           	magat     	maggot                                             	            	              	english
           	magaf     	boot (shoe)                                        	magaf       	מַגָּף        	hebrew
           	magop     	mug (rob)                                          	            	              	english
           	magux     	tray                                               	magash      	מַגָּשׁ       	hebrew
animal     	magur     	tuna                                               	maguro      	鮪             	japanese
           	madim     	uniform (clothing)                                 	madim       	מַדִּים       	hebrew
           	madil     	armadillo                                          	            	              	english
           	madam     	intoxicate                                         	mádya       	मद्य          	sanskrit
           	madat     	revel                                              	            	माद्यति       	sanskrit
           	madaf     	shelf                                              	madaf       	מַדָּף        	hebrew
           	madol     	muddle
           	mabac     	mob
           	mapen     	mop                                                	            	              	english
           	mapon     	habitat                                            	ma'on       	מָעוֹן        	hebrew
           	matar     	shower (water)                                     	matar       	מָטָר         	hebrew
animal     	matod     	nematoda
           	mator     	mutter                                             	            	              	english
           	makaz     	muck
           	makov     	grief                                              	makh'óv     	מַכְאוֹב      	hebrew
           	masib     	party                                              	mesibah     	מְסִבָּה      	hebrew
           	masoz     	territory                                          	machoz      	מָחוֹז        	hebrew
           	masol     	mussel                                             	            	              	english
           	masor     	saw (tool)                                         	masor       	מַסּוֹר       	hebrew
           	masut     	character (nature)                                 	mahut       	מַהוּת        	hebrew
           	mavat     	die                                                	mávet       	מָוֶת         	hebrew
           	mavon     	introduction                                       	mavo        	מָבוֹא        	hebrew
           	mavok     	maze/labyrinth                                     	mavókh      	מָבוֹךְ       	hebrew
           	mazic     	muze
           	mazal     	luck                                               	mazal       	מַזָּל        	hebrew
           	maxot     	oar (boat)                                         	jìxù        	מְשׁוֹט       	mashowt
           	maxov     	feedback                                           	mashov      	מָשׁוֹב       	hebrew
           	malin     	filth                                              	malina      	मलिन          	sanskrit
           	maliz     	sermon                                             	mawʿiẓa     	مَوْعِظَة     	arabic
           	malok     	king                                               	melech      	מֶלֶךְ        	hebrew
           	malor     	maul
           	malum     	special                                            	maalum      	              	swahili
           	marid     	sick                                               	marīḍ       	مَرِيض        	arabic
           	maric     	marry
           	marad     	nurse                                              	maraḍ       	مَرَّضَ       	arabic
           	marak     	soup                                               	marak       	מָרָק         	hebrew
color      	marun     	maroon                                             	            	              	english
           	maruf     	decend                                             	maʿrūf      	مَعْرُوف      	arabic
           	martx     	march
           	marst     	must                                               	            	              	english
           	moniq     	moan
           	mobal     	mobile                                             	            	              	english
           	motif     	motif                                              	            	              	english
           	motiv     	motive                                             	            	              	english
           	mosad     	institution                                        	mosad       	מוֹסָד        	hebrew
measurement	moleq     	mole                                               	            	              	english
           	mordj     	merge
           	mumiq     	moo
           	mutin     	mutiny
           	muton     	moot
           	mukan     	dumb                                               	            	मूक           	sanskrit
           	musit     	overall                                            	muḥīṭ       	مُحِيط        	arabic
           	musaq     	aardvark                                           	muhanga     	              	swahili
           	musag     	concept                                            	musag       	מוּשָּׂג      	hebrew
           	mufol     	muffle
           	muvun     	move on
           	muzik     	music                                              	            	              	english
body       	muzul     	muscle                                             	            	              	english
           	muxit     	mush
           	muxak     	prolonged                                          	m'mushákh   	מְמֻשָּׁךְ    	hebrew
           	murib     	suspicious                                         	murīb       	مريب          	arabic
           	nimuk     	justification                                      	nimuk       	נִימּוּק      	hebrew
           	nidol     	needle                                             	            	              	english
           	nitak     	chunk                                              	netach      	נֶתַח         	hebrew
           	nituk     	severing                                           	nituk       	נִיתּוּק      	hebrew
           	nisig     	recession                                          	nesiygah    	נְסִיגָה      	hebrew
           	nisan     	necessary
           	nivim     	prophecy                                           	n'vi'ím     	נְבִיאִים     	hebrew
           	nival     	harp                                               	nevel       	נֶבֶל         	hebrew
           	nizak     	damage                                             	nezek       	נֶזֶק         	hebrew
           	nijak     	specific
animal     	nixin     	herring (fish)                                     	nishin      	ニシン           	japanese
           	nilet     	annihilate                                         	            	              	english
           	nilam     	restraint                                          	niyamá      	नियम          	sanskrit
           	nilod     	neon
           	negif     	virus                                              	negif       	נְגִיף        	hebrew
           	negox     	negotiate                                          	            	              	english
           	nedir     	vow                                                	neder       	נֶדֶר         	hebrew
           	nebul     	nebula
           	nekam     	revenge                                            	nekama      	נְקָמָה       	hebrew
           	nekad     	naked
           	nekud     	dot                                                	nekuda      	נְקוּדָּה     	hebrew
           	nesag     	steer                                              	nehag       	נֶהָג         	hebrew
           	nesal     	nestle                                             	            	              	english
           	nefil     	tumble                                             	nefila      	נְפִילָה      	hebrew
body       	neval     	navel                                              	            	              	english
           	nexan     	nation                                             	            	              	english
           	neliq     	neigh
           	nelar     	document                                           	neyar       	נְייָר        	hebrew
           	namal     	port                                               	namel       	נָמֵל         	hebrew
animal     	nagin     	eel                                                	unagi       	うなぎ           	japanese
           	nagak     	goad                                               	niguach     	נִיגּוּחַ     	hebrew
           	nagon     	melody                                             	nigún       	נִגּוּן       	hebrew
           	nagud     	contrast                                           	nigud       	נִגּוּד       	hebrew
           	nadiv     	generous                                           	nadív       	נָדִיב        	hebrew
           	nadad     	wander                                             	nadád       	נָדַד         	hebrew
           	nadak     	nod
animal     	nadar     	cnidaria                                           	            	              	english
           	nadot     	banish                                             	lenad(o)t   	לְנַדּוֹת     	hebrew
           	naban     	nub
           	nabog     	genius                                             	nabogh      	نَبُوْغ       	arabic
           	napek     	inflate                                            	lenap(e)aH  	לְנַפֵּחַ     	hebrew
           	napar     	nap
           	napot     	sift                                               	lenap(o)t   	לְנַפּוֹת     	hebrew
           	natim     	parallax                                           	            	नति           	sanskrit
           	natiq     	knight                                             	            	              	english
           	natir     	monitor                                            	lenat(e)R   	לְנַטֵּר      	hebrew
           	natan     	gnat
           	nakik     	crevice                                            	nakik       	נָקִיק        	hebrew
           	nakal     	palm tree                                          	naḵal       	نَخْل         	arabic
animal     	nakul     	cervidae                                           	nakjuliit   	ᓇᒃᔪᓖᑦ         	inuktitut
           	nasig     	retreat                                            	nesiga      	נְסִיגָה      	hebrew
           	nasir     	ally                                               	naṣīr       	نَصِير        	arabic
           	nasot     	attempt                                            	lenas(o)t   	לְנַסּוֹת     	hebrew
           	nafak     	capacity                                           	nefach      	נֶפַח         	hebrew
           	navuk     	prophesy                                           	nevu'a      	נְבוּאָה      	hebrew
           	najat     	nauseate
           	naxaf     	breeze                                             	nâshaph     	נָשַׁף        	hebrew
           	naret     	narrate
           	naroq     	narrow
           	nardj     	farenheit                                          	            	              	english
           	notis     	notice                                             	            	              	english
           	notet     	annotate                                           	            	              	english
           	nosep     	passenger                                          	nose'a      	נוֹסֵעַ       	hebrew
           	nosal     	proceed                                            	nohal       	נוֹהַל        	hebrew
           	novak     	realize                                            	nókhakh     	נוׄכַח        	hebrew
           	noval     	novel                                              	            	              	english
           	numan     	numb                                               	            	              	english
           	nunan     	none                                               	            	              	english
           	nubol     	nibble
           	nutan     	newton (force)                                     	            	              	english
           	nukis     	nut                                                	            	              	latin
           	nukan     	nick
           	nuzol     	nuzzle
           	nuzul     	lodge                                              	nuzul       	نُزُل         	arabic
           	gigal     	giggle                                             	            	              	english
           	gibor     	hero                                               	gibor       	גִּיבּוֹר     	hebrew
           	gibux     	consolidate                                        	gibush      	גִּיבּוּשׁ    	hebrew
           	gilus     	recruitment                                        	giyus       	גִּיּוּס      	hebrew
           	girar     	gear (wear)
           	gepar     	scold                                              	ge'ara      	גְּעָרָה      	hebrew
           	getiq     	gait
           	gevin     	cheese                                             	geviynah    	גְּבִינָה     	hebrew
           	gezit     	gaze
           	gexiq     	personality                                        	gexing      	个性            	chinese
animal     	gamal     	camel                                              	gamál       	גָּמָל        	hebrew
           	gamor     	gum                                                	            	              	english
           	ganis     	gneiss
           	ganan     	reckon                                             	            	गणन           	sanskrit
           	ganav     	steal                                              	ganáv       	גָּנַב        	hebrew
           	ganol     	gown
           	gagor     	gag
           	gadas     	lentil                                             	ʿadas       	عَدَس         	arabic
           	gadar     	fence                                              	gader       	גָּדֵר        	hebrew
           	gabil     	knead                                              	legab(e)l   	לְגַבֵּל      	hebrew
           	gaboq     	gob
           	gabol     	gobble
           	gator     	gutter                                             	            	              	english
           	gasav     	pride                                              	ga'ava      	גַּאֲווָה     	hebrew
           	gavan     	guava                                              	jawāfa      	جَوَافَة      	arabic
           	gazol     	guzzle
           	gazor     	geyser                                             	            	              	english
           	gaxek     	gash
           	gaxax     	scout                                              	gashash     	גַּשָּׁשׁ     	hebrew
           	gaxox     	probe                                              	gashosh     	גָּשׁוֹשׁ     	hebrew
           	gacar     	affect                                             	ʔaṯṯar      	أثّر          	arabic
           	galim     	embody                                             	legal(e)m   	לְגַלֵּם      	hebrew
           	galap     	gallop                                             	            	              	english
           	galat     	recite                                             	gā́yati     	गायति         	sanskrit
           	galut     	exile                                              	            	גָּלוּת       	hebrew
           	garam     	cost                                               	gharama     	              	swahili
           	garaz     	lubricate                                          	legaR(e)z   	לְגָרֵז       	hebrew
           	garon     	deficit                                            	gera'on     	גֵּירָעוֹן    	hebrew
           	garot     	provoke                                            	legaR(o)t   	לְגָרוֹת      	hebrew
           	garos     	gregarious                                         	gregarious  	              	english
           	garur     	delusion                                           	ḡurūr       	غُرُور        	arabic
           	gaCim     	magnificent                                        	ʿaẓīm       	عَظِيم        	arabic
           	goqik     	craft                                              	gōng yì     	工艺            	chinese
           	goqep     	industry                                           	gōngyè      	工业            	chinese
           	goquk     	apartment                                          	gōng yù     	公寓            	chinese
           	gokam     	factor                                             	goQem       	גּוֹרֵם       	hebrew
           	govak     	height                                             	góvah       	גֹּבַהּ       	hebrew
           	govun     	govern                                             	            	              	english
animal     	gojam     	parrot                                             	goja        	              	french
           	gojan     	gouge (indent)                                     	gouge       	              	french
           	golar     	abroad                                             	guó wài     	国外            	chinese
           	gorik     	gore
math       	gorem     	factor (math)                                      	gorem       	גורם          	hebrew
           	goral     	destiny                                            	goral       	גּוֹרָל       	hebrew
           	gunam     	quality                                            	guṇa        	गुण           	sanskrit
           	gugal     	outlandish                                         	gǔ guài     	古怪            	chinese
body       	gudal     	thumb                                              	agudal      	אֲגוּדָל      	hebrew
           	gudoq     	agitate                                            	gǔ dòng     	鼓动            	chinese
           	gudut     	solitude                                           	gudu        	孤独            	chinese
           	guput     	quaint                                             	gǔ pǔ       	古朴            	chinese
           	gutik     	pill                                               	guṭikā      	गुटिका        	sanskrit
           	gusul     	bath                                               	ġusl        	غسل           	arabic
           	gufap     	goof
           	guvul     	border                                             	gvul        	גְּבוּל       	hebrew
           	guxik     	scam                                               	gùshì       	故事            	chinese
           	gulon     	bewitched                                          	gǔ huò      	蛊惑            	chinese
body       	gland     	gland                                              	            	              	english
           	grand     	grand                                              	            	              	english
           	grasp     	grasp                                              	            	              	english
           	graft     	graft                                              	            	              	english
           	grund     	ground
           	diman     	demon                                              	            	              	english
           	dimaz     	devise                                             	            	              	english
           	dimon     	imagination                                        	dimyon      	דִמיוֹן       	hebrew
           	dimot     	demote
           	dimut     	figure                                             	demut       	דְּמוּת       	hebrew
           	dinot     	denote                                             	            	              	english
           	digor     	dig                                                	            	              	english
           	didaq     	site                                               	dìdiǎn      	地点            	chinese
           	didak     	tick tock                                          	dí dā       	嘀嗒            	chinese
           	diduk     	deduct                                             	            	              	english
           	didus     	deduce                                             	            	              	english
           	diban     	slander                                            	diba        	דִּיבָּה      	hebrew
           	dipak     	kindle                                             	dīpaka      	दीपक          	sanskrit
           	diten     	detain
           	ditak     	detect                                             	            	              	english
           	dital     	detail                                             	            	              	english
           	diken     	decay                                              	decay       	              	english
           	dikam     	predicament
           	dikod     	decode
           	dikos     	cram                                               	lidH(o)s    	לִדְחוֹס      	hebrew
           	dikur     	remembrance                                        	dhikr       	ذِكْر         	arabic
           	disiv     	deceive                                            	            	              	english
           	diseC     	diss
           	disab     	disable
           	disap     	disciple
           	disak     	dissect                                            	            	              	english
           	disaf     	decipher
           	difen     	deify
           	difes     	deface                                             	            	              	english
           	difak     	defy
           	difor     	defer
           	difur     	differ
           	divan     	echo                                               	            	ध्वनि         	sanskrit
           	divak     	glue                                               	devek       	דֶּבֶק        	hebrew
           	divar     	devour
           	divot     	devote                                             	            	              	english
           	divus     	diverse                                            	            	              	english
           	dizar     	desire                                             	            	              	english
           	dijan     	indecision                                         	            	              	english
           	dijor     	relative
           	dixaq     	boy/girl friend                                    	duìxiàng    	对象            	chinese
           	dilem     	dilemma                                            	            	              	english
           	dilen     	delay                                              	            	              	english
           	dilan     	dill
           	dilak     	delectable                                         	            	              	english
           	dilun     	discuss                                            	diyun       	דִיוּן        	hebrew
           	dilud     	delude
           	dilut     	illuminate                                         	dyut        	द्युत्        	sanskrit
           	dilur     	accommodate                                        	diyur       	דִּיּוּר      	hebrew
code       	direk     	directory
           	dirad     	deride                                             	            	              	english
           	dirat     	direct
           	dirak     	direct (focus)                                     	            	              	english
           	denim     	responsible                                        	            	दायिनी        	sanskrit
           	dendj     	danger
           	dents     	dense                                              	            	              	english
           	debol     	dabble
           	debor     	dab                                                	            	              	english
           	dekal     	palm                                               	dekel       	דֶּקֶל        	hebrew
           	devan     	hobby                                              	devanā      	देवना         	sanskrit
           	deziq     	daisy                                              	            	              	english
           	dezak     	daze                                               	            	              	english
           	damap     	dam
           	danin     	donation                                           	dānin       	दानिन्        	sanskrit
           	daniq     	dine
           	danam     	dawn
           	dagim     	sample                                             	dgima       	דְּגִימָה     	hebrew
           	dagix     	emphasis                                           	dagesh      	דָּגֵשׁ       	hebrew
           	dadan     	bold                                               	dà dǎn      	大胆            	chinese
           	dadol     	avenue                                             	dà dào      	大道            	chinese
           	dabit     	debit                                              	            	              	english
           	dabiv     	dub                                                	ledab(e)v   	לְדַבֵּב      	hebrew
           	dabak     	adhere                                             	            	דָּבַק        	hebrew
           	dapok     	shiver                                             	dǎpò        	打破            	chinese
animal     	dakan     	duck (below)
           	dasik     	dice                                               	            	              	english
           	dasak     	stress                                             	dachak      	דַּחַק        	hebrew
           	dasuk     	skid                                               	dahua       	打滑            	chinese
           	dafit     	defeat                                             	            	              	english
           	dafuz     	diffuse
           	dazin     	dizzy                                              	            	              	english
           	daziz     	disease                                            	            	              	english
           	dazal     	dazzle                                             	            	              	english
           	daxin     	fertilize                                          	ledax(e)n   	לְדַשֵּׁן     	hebrew
           	daxen     	university                                         	dàxué       	大学            	chinese
           	dalin     	dally                                              	            	              	english
           	dalik     	approximate                                        	dàyuē       	大约            	chinese
           	dalif     	leak                                               	dlifa       	דְּלִיפָה     	hebrew
           	dalir     	delirious                                          	            	              	english
           	dalet     	dilate
           	dalam     	pity                                               	            	दया           	sanskrit
           	dalag     	dialogue
           	dalap     	weapon                                             	dalapḥ      	दलपः          	sanskrit
           	dalat     	suck                                               	            	धयति          	sanskrit
           	dalak     	grate                                              	dhayaqa     	ضَايَقَ       	arabic
           	dalun     	road                                               	dàolù       	道路            	chinese
           	dalut     	dilute                                             	            	              	english
           	daluc     	cuckold                                            	dayyūṯ      	دَيُّوث       	arabic
           	dareC     	dash
           	darat     	mote                                               	ḏarra       	ذَرَّة        	arabic
           	darut     	dire
           	donet     	donate
           	doqak     	animate                                            	dòng huà    	动画            	chinese
           	dopan     	dope
           	dotiq     	doting                                             	            	              	english
           	dotan     	dote
           	dokan     	portrait                                           	dyokan      	דְּיוֹקָן     	hebrew
animal     	doven     	dove (bird)                                        	            	              	english
           	dozaf     	doze
           	dojam     	marijuana
           	doxam     	fertile                                            	doshen      	דּוֹשֶׁן      	hebrew
           	doles     	adolescent                                         	            	              	english
           	doriq     	during
           	dumun     	doom
           	dupik     	dupe
           	dukan     	suffer
           	duxiq     	inert                                              	duoxing     	惰性            	chinese
           	duliv     	dew
           	duliz     	duly
           	djist     	gist                                               	            	              	english
           	djamp     	jump
           	djaqk     	junk
           	djadj     	judge                                              	            	              	english
           	djast     	gesture
           	djont     	joint                                              	            	              	english
           	drast     	dress (put on clothes)                             	            	              	english
           	drask     	heavy
           	draft     	draft (version)                                    	            	              	english
           	bimon     	bemoan                                             	            	              	english
           	binit     	bean
           	binan     	benign                                             	            	              	english
           	binat     	violate                                            	            	भिनत्ति       	sanskrit
           	bidat     	stoke                                              	bedāa       	بضاعة         	arabic
           	bidaz     	bedazzle                                           	            	              	english
           	bidal     	beetle                                             	            	              	english
           	bidon     	fiction                                            	bidyon      	בִּדְיוֹן     	hebrew
           	bibun     	bib
           	bitan     	beet
           	bitor     	bitter                                             	            	              	english
           	bituk     	accent                                             	bitúi       	בִּטּוּי      	hebrew
           	bikic     	bequeath                                           	            	              	english
           	bikam     	become                                             	            	              	english
           	bikar     	bicker
           	bihev     	behave                                             	zuoren      	做人            	english
           	biset     	beset
           	bisal     	match (competition)                                	bǐsài       	比赛            	chinese
           	bival     	bevel                                              	            	              	english
           	bizar     	bizarre                                            	            	              	english
           	bicuv     	behoove                                            	            	              	english
           	bilam     	brake                                              	belem       	בֶּלֶם        	hebrew
           	bilaq     	belong                                             	            	              	english
           	bilat     	ability
           	bilar     	beware
           	bilon     	bill (money)
           	biloq     	billow                                             	            	              	english
           	biriv     	bereave
           	biret     	berate                                             	            	              	english
           	biran     	inevitable                                         	bì rán      	必然            	chinese
           	birur     	inquiry                                            	berur       	בֵּירוּר      	hebrew
           	begin     	begin
           	began     	pessimistic                                        	bēi guān    	悲观            	chinese
           	bedoq     	wiggle                                             	bǎi dòng    	摆动            	chinese
           	bedul     	battle
           	beben     	babe
           	betan     	bat (hit with stick)
           	betor     	bet
           	bekin     	bake
           	bekan     	beckon
           	bezik     	cup                                                	bēi zi      	杯子            	chinese
color      	bejan     	beige                                              	            	              	english
           	belit     	belittle
           	belan     	bail
           	beloq     	bellow
           	bamap     	stage                                              	bama        	בָּמָה        	hebrew
           	banic     	beneath                                            	            	              	english
           	banan     	banana                                             	            	              	english
           	bagon     	bag
           	badan     	bide
plant      	badax     	bud (flower)
           	babol     	bubble                                             	            	              	english
animal     	babun     	baboon                                             	            	              	english
           	bapas     	bypass                                             	            	              	english
           	batik     	watermelon                                         	baṭṭīḵ      	بَطِّيخ       	arabic
           	batol     	bottle
           	bator     	batter                                             	            	              	english
           	batum     	fellow                                             	baṭu        	बटु           	sanskrit
plant      	batul     	birch (tree)                                       	al-batūlā   	الْبَتُولَا   	arabic
           	bakir     	senior (rank)                                      	bakhír      	בָּכִיר       	hebrew
           	bakan     	pecan                                              	al-baqqān   	الْبَقَّان    	arabic
           	bakak     	hatch (egg)                                        	baqáʿ       	בָּקַע        	hebrew
           	bakal     	bike
           	bakar     	inspect                                            	bakar       	בַּקָּר       	hebrew
           	bakop     	balk                                               	            	              	english
           	bakol     	buckle
           	basir     	well-seeing                                        	baṣīr       	بَصِير        	arabic
           	basac     	quest                                              	baḥṯ        	بَحْث         	arabic
           	basal     	own                                                	ba'al       	בַּעַל        	hebrew
           	bason     	bustle                                             	            	              	english
           	bafol     	baffle                                             	            	              	english
           	bavan     	dwell                                              	bhavana     	भवन           	sanskrit
           	baxir     	herald                                             	bašīr       	بَشِير        	arabic
           	baxal     	ripe                                               	bashel      	בָּשֵׁל       	hebrew
           	baliq     	bully                                              	            	              	english
           	balix     	embellish                                          	            	english       	english
           	balat     	tile                                               	balata      	בָּלָטָה      	hebrew
           	balaz     	bawl                                               	            	              	english
           	balon     	bile
           	balut     	bout
           	baltx     	belch
           	bariq     	berry                                              	            	              	english
           	baran     	barren                                             	            	              	english
           	barak     	bless                                              	barak       	בָרַךְ        	hebrew
           	baraj     	barrage                                            	            	              	english
           	baral     	barrel                                             	            	              	english
science    	barun     	baryon                                             	            	              	english
           	bardj     	barge                                              	            	              	english
           	bodan     	bode
animal     	bovin     	bovinae                                            	            	              	english
           	bovor     	buffer                                             	            	              	english
           	bolaq     	bow (arrow)
           	borig     	screw (bolt)                                       	boreg       	בּוֹרֶג       	hebrew
           	bugiq     	bug (bother)                                       	            	              	english
           	bukad     	buck                                               	            	              	english
           	bulin     	buoy
           	bliqk     	blink                                              	            	              	english
           	bland     	blend                                              	            	              	english
           	blast     	blast                                              	            	              	english
           	blort     	blurt                                              	            	              	english
           	bridj     	bridge
           	britx     	breach                                             	            	              	english
body       	brest     	breast                                             	            	              	english
           	brand     	brand (business)
           	bradz     	brass                                              	            	              	english
           	bralt     	brittle                                            	            	              	english
plant      	pimoz     	pea (vegetable)                                    	            	              	english
           	pinar     	pin
           	pinut     	peanut                                             	            	              	english
plant      	pinus     	pine (tree)                                        	            	              	latin
           	pigum     	scaffolding                                        	pigum       	פִּיגּוּם     	hebrew
           	pigur     	lag                                                	pigur       	פִּיגּוּר     	hebrew
           	pipin     	pee                                                	            	              	english
           	pipar     	peep
           	pitul     	twist                                              	pitul       	פִּיתּוּל     	hebrew
           	pisin     	piss
           	pisek     	interval                                           	pesek       	פֶּסֶק        	hebrew
           	pizin     	pie
           	pizen     	rash                                               	pí zhěn     	皮疹            	chinese
           	pilat     	blame                                              	pī́yati     	पीयति         	sanskrit
           	pilac     	peel                                               	            	              	english
           	pirad     	period                                             	period      	              	english
           	piroz     	pack                                               	le'eR(o)z   	לֶאֱרוֹז      	hebrew
           	pedir     	herd                                               	edér        	עֵדֶר         	hebrew
plant      	petal     	petal (flower)
           	petol     	toll
           	petor     	patter                                             	            	              	english
           	pekiq     	peck                                               	lenak(e)R   	לְנַקֵּר      	hebrew
           	pesod     	fan (person)                                       	le'ehod     	לֶאֱהוֹד      	hebrew
           	pamen     	coach                                              	le'am(e)n   	לְאַמֵּן      	hebrew
           	pamon     	bell                                               	pa'amon     	פַּעֲמוֹן     	hebrew
           	pamol     	pummel                                             	            	              	english
           	panin     	pearl                                              	pnina       	פְּנִינָה     	hebrew
           	panit     	delight                                            	le'an(e)g   	לְעַנֵּג      	hebrew
body       	panis     	penis                                              	            	              	english
           	panix     	punish                                             	            	              	english
           	panan     	companion
           	panaq     	paw
           	panak     	pine
           	panas     	torch                                              	panas       	פָּנָס        	hebrew
           	panot     	torment                                            	le'an(o)t   	לְעַנּוֹת     	hebrew
           	panol     	panel                                              	            	              	english
           	pantx     	hit
           	pagov     	seduce                                             	la'ag(o)v   	לַעֲגוֹב      	hebrew
           	padat     	topple                                             	            	पद्यते        	sanskrit
           	padot     	simmer                                             	le'ad(o)t   	לְאַדּוֹת     	hebrew
           	padol     	puddle                                             	            	              	english
           	pabol     	pebble                                             	            	              	english
           	papan     	vicious                                            	            	पाप           	sanskrit
           	papap     	pop
           	papat     	pipe                                               	            	              	english
           	patix     	hammer                                             	patish      	פַּטִּישׁ     	hebrew
           	patat     	soar                                               	            	पतति          	sanskrit
           	patas     	pout
           	patof     	envelop                                            	la'at(o)f   	לַעֲטוֹף      	hebrew
           	patox     	pot
           	pator     	encircle                                           	la'at(o)R   	לַעֲטוֹר      	hebrew
           	pakim     	drift                                              	piaoyi      	漂移            	chinese
           	pakid     	official                                           	pakiyd      	פָּקִיד       	hebrew
           	pakit     	pocket
           	pakil     	confiscate                                         	le'ak(e)l   	לְעַקֵּל      	hebrew
           	paket     	packet                                             	            	              	english
           	pakav     	prevent                                            	le'ak(e)v   	לְעַכֵּב      	hebrew
           	pakal     	digest                                             	le'ak(e)l   	לְעַכֵּל      	hebrew
           	pakof     	overtake                                           	la'ak(o)f   	לַעֲקוֹף      	hebrew
           	pakor     	displace                                           	la'ak(o)R   	לַעֲקוֹר      	hebrew
           	pasaj     	passage
           	pasal     	idol                                               	pesel       	פֶּסֶל        	hebrew
animal     	pasar     	sparrow                                            	passer      	              	latin
           	pasor     	ban                                                	le'es(o)R   	לֶאֱסוֹר      	hebrew
           	pasur     	prowl                                              	paihuai     	徘徊            	chinese
           	pavit     	distort                                            	le'av(e)t   	לְעַווֵּת     	hebrew
           	paziq     	pause                                              	            	              	english
           	pajot     	pit                                                	pajot       	              	french
           	paxip     	posh
           	paxar     	confirm                                            	le'ax(e)R   	לְאַשֵּׁר     	hebrew
           	pacar     	prefer                                             	ʾāṯara      	آثَرَ         	arabic
           	palix     	polish                                             	            	              	english
           	palan     	pollen                                             	pollen      	              	english
           	palaq     	nifty                                              	piào liang  	漂亮            	chinese
           	palat     	pilot                                              	            	              	english
           	palaf     	tame                                               	le'al(e)f   	לְאַלֵּף      	hebrew
           	palon     	hostile                                            	la'ay(o)n   	לַעֲיוֹן      	hebrew
           	palor     	power                                              	            	              	english
           	parag     	poppy                                              	parag       	פָּרָג        	hebrew
           	parab     	parable                                            	            	              	english
           	parat     	pirate                                             	            	              	english
           	parav     	involve                                            	le'aR(e)v   	לְעָרֵב       	hebrew
           	parax     	perish                                             	            	              	english
           	parom     	pile                                               	la'aR(o)m   	לַעֲרוֹם      	hebrew
           	partx     	land (perch)
           	ponts     	pounce                                             	            	              	english
           	podal     	ramp                                               	podao       	坡道            	chinese
           	poket     	poke
           	pozar     	pose
           	poxam     	potion                                             	            	              	english
           	polip     	poll                                               	poll        	              	english
           	polis     	police                                             	            	              	english
           	polem     	poem                                               	            	              	english
           	polar     	polar                                              	            	              	english
           	porit     	pour
           	poraq     	pore
           	pumag     	pumice
           	pusat     	pus
           	pufan     	poof                                               	poof        	              	english
           	pulan     	pool
           	plamp     	plump                                              	            	              	english
plant      	plant     	plant                                              	            	              	english
           	print     	print                                              	            	              	english
           	prent     	apparent
           	pramp     	prompt (message)
           	promz     	pass
           	timiq     	teem
           	timad     	timid                                              	            	              	english
           	tinat     	twin
           	tants     	tense
           	tidas     	tedious                                            	            	              	english
           	tipun     	case (law)                                         	ti'un       	טִיעוּן       	hebrew
           	tikal     	tickle                                             	            	              	english
           	tikol     	tweak
           	tizor     	tease
           	tilat     	twilight                                           	            	              	english
           	tiriq     	tea
           	tirant    	tyrrany                                            	            	              	english
           	tirat     	deteriorate                                        	            	              	english
           	tiraf     	prey                                               	teref       	טֶרֶף         	hebrew
           	tiraz     	tear (cry)
           	tiron     	noob                                               	tiron       	טִירוֹן       	hebrew
           	tirok     	slam                                               	litR(o)k    	לִטְרוֹק      	hebrew
           	tegak     	dare                                               	etegaQ      	אֶתְגָּר      	hebrew
           	tepur     	taper
           	tetar     	tatter                                             	            	              	english
           	tekes     	ceremony                                           	            	טֶקֶס         	hebrew
           	tekan     	standard                                           	teken       	תֶּקֶן        	hebrew
           	tesan     	fig                                                	te'enah     	תְּאֵנָה      	hebrew
math       	tesal     	tessellation                                       	            	              	english
           	tefir     	stitch                                             	tefer       	תֶּפֶר        	hebrew
           	telom     	abyss                                              	            	תְּהוֹם       	hebrew
           	telun     	rail (track)                                       	tiělù       	铁路            	chinese
           	teCur     	tether                                             	            	              	english
           	taman     	price                                              	ṯaman       	ثَمَن         	arabic
           	tamar     	date (fruit)                                       	tamár       	תָּמָר        	hebrew
           	tanit     	tiny
           	tanal     	tunnel
plant      	tanub     	fir (tree)                                         	al-tanuwwb  	التنوب        	arabic
           	tagid     	corporation                                        	ta'agíd     	תַּאֲגִיד     	hebrew
           	tagen     	fry                                                	letag(e)n   	לְטַגֵּן      	hebrew
           	tagal     	toggle                                             	            	              	english
           	taguv     	comment                                            	teguvah     	תְּגוּבָה     	hebrew
           	tabic     	gazelle                                            	Ṭabīṯāʾ     	טביתא         	hebrew
           	tabil     	spice (action)                                     	letab(e)l   	לְתַבֵּל      	hebrew
           	tapik     	topic                                              	            	              	english
           	tapem     	coordinate (action)                                	leta'(e)m   	לְתָאֵם       	hebrew
           	tatir     	develop                                            	tatwîr      	تَطْوِيْر     	arabic
           	tatol     	tattle                                             	            	              	english
           	tator     	totter
           	tatul     	tattoo
           	takin     	correct                                            	letak(e)n   	לְתַקֵּן      	hebrew
           	takit     	aim                                                	tachlit     	תַּכְלִית     	hebrew
           	takir     	investigate                                        	tachkir     	תַּחְקִיר     	hebrew
           	taket     	tact
           	takan     	tack                                               	            	              	english
animal     	takon     	octopus                                            	tako        	タコ            	japanese
           	takol     	tackle                                             	            	              	english
           	tasim     	delineate                                          	letaH(e)m   	לְתַחֵם       	hebrew
           	tasit     	tacit                                              	            	              	english
           	tasik     	lake                                               	            	ᑕᓯᖅ           	inuktitut
           	tasaj     	toss
           	tasal     	tassel
           	tavut     	tuck
           	talin     	tally
           	taliC     	spell (charm)                                      	taʿwīḏa     	تَعْوِيذَة    	arabic
           	talaq     	talent                                             	            	              	english
           	talon     	towel                                              	            	              	english
           	talor     	tire (car)
body       	taluk     	chin                                               	            	ᑕᓪᓗ           	inuktitut
           	taret     	tolerate                                           	            	              	english
animal     	tarad     	cod (fish)                                         	tara        	タラ            	japanese
           	taror     	terror                                             	            	              	english
           	taCar     	apologize                                          	iʿtaḏara    	اِعْتَذَرَ    	arabic
           	tonar     	tow
           	total     	total                                              	            	              	english
           	tofif     	tap                                                	letof(e)f   	לְתוֹפֵף      	hebrew
           	tolat     	toilet
           	tugak     	ivory                                              	            	ᑑᒑᖅ           	inuktitut
           	tudoq     	nudge                                              	tuidong     	推动            	chinese
animal     	tusik     	plover (bird)                                      	tuusiik     	ᕐᑮᕐᓕᒃ         	inuktitut
           	tufan     	tuff (rock)
           	txiqk     	tick (step)
           	txant     	chant
           	txarm     	item
           	txart     	chart                                              	            	              	english
           	tranz     	transform                                          	            	              	english
           	tradj     	trudge                                             	            	              	english
           	trast     	trust
           	kinam     	lamentation                                        	kina        	קִינָה        	hebrew
           	kinat     	louse                                              	kinat       	כִּנָּה       	hebrew
animal     	kigak     	beaver                                             	kigiaq      	ᑭᒋᐊᖅ          	inuktitut
animal     	kiden     	equidae                                            	            	              	latin
           	kidak     	gun                                                	ekedaH      	אֶקְדָח       	hebrew
           	kidum     	promotion                                          	kidum       	קִדּוּם       	hebrew
           	kibol     	quibble
           	kipan     	ghast                                              	kepa        	可怕            	chinese
animal     	kipod     	hedgehog                                           	kipod       	קִיפּוֹד      	hebrew
plant      	kikab     	maple (tree)                                       	al-qiqab    	القيقب        	arabic
           	kikar     	plaza                                              	kikar       	כִּיכָּר      	hebrew
animal     	kikuq     	finch (bird)                                       	què kē      	雀科            	chinese
           	kisak     	kiss                                               	            	              	english
           	kifal     	crease                                             	kefel       	קֵפֶל         	hebrew
           	kival     	isolation                                          	            	केवल          	sanskrit
           	kivar     	quiver (shake)                                     	            	              	english
           	kijon     	cajole                                             	cajoler     	              	french
           	kixar     	knot                                               	kesher      	קֶשֶׁר        	hebrew
           	kixut     	decorate                                           	kishut      	קִישּׁוּט     	hebrew
           	kilat     	keel
           	kilar     	cucumber                                           	ḵiyār       	خِيَار        	arabic
           	kiluv     	obligate                                           	chiyuv      	חִיּוּב       	hebrew
animal     	kenan     	canidae
           	kenat     	kin
           	kenos     	rape                                               	le'en(o)s   	לֶאֱנוֹס      	hebrew
           	kebit     	evil                                               	ḵabīṯ       	خَبِيث        	arabic
           	kepal     	capable
           	ketor     	cater
           	kekep     	harsh                                              	kē kè       	苛刻            	chinese
           	kevur     	grave                                              	kever       	קֵבֶר         	hebrew
           	kejan     	occasion                                           	            	              	english
           	kelak     	quail                                              	            	              	english
           	kelak     	kayak                                              	            	ᖃᔭᖅ           	inuktitut
           	kelas     	chaos                                              	            	              	english
           	kamix     	commission
           	kamet     	comet                                              	            	              	english
           	kamat     	flour                                              	kemach      	קֶמַח         	hebrew
           	kamar     	gamble                                             	qamara      	قَمَرَ        	arabic
           	kamon     	common                                             	            	              	english
           	kamut     	commute                                            	            	              	english
           	kaniq     	cunning                                            	            	              	english
           	kanan     	canyon                                             	            	              	english
           	kanop     	canopy                                             	            	              	english
           	kanot     	connotation                                        	            	              	english
           	kantx     	crunch
animal     	kaqak     	goose                                              	kanguq      	ᑲᖑᖅ           	inuktitut
           	kadid     	helmet                                             	ḥadīd       	حَدِيد        	arabic
           	kadat     	succumb                                            	khadaa      	خَضَعَ        	arabic
           	kadal     	cuddle                                             	legap(e)f   	לְגַפֵּף      	hebrew
           	kadom     	precede                                            	likd(o)m    	לִקְדּוֹם     	hebrew
           	kadol     	coddle                                             	            	              	english
           	kabol     	cobble                                             	            	              	english
           	kapot     	skim                                               	lekap(o)t   	לְקַפּוֹת     	hebrew
           	kapor     	concave                                            	ka’or       	קעור          	hebrew
           	katif     	shoulder                                           	katef       	כָּתֵף        	hebrew
           	katar     	ooze                                               	qatara      	قَطَرَ        	arabic
           	katoq     	cut                                                	cut         	              	english
           	kator     	cruel                                              	kaṭhora     	कठोर          	sanskrit
animal     	kakit     	oyster                                             	kaki        	牡蠣            	japanese
           	kakak     	quack
           	kakal     	quell                                              	lexak(e)H   	לְשַׁכֵּךְ    	hebrew
           	kakol     	cackle                                             	            	              	english
           	kakor     	basin                                              	khakhor     	ཁ་ཁོར         	tibetan
           	kakuz     	cuckoo                                             	            	              	english
           	kasan     	instant                                            	            	क्षण          	sanskrit
           	kasat     	allot                                              	qassaṭa     	قَسَّطَ       	arabic
           	kafif     	subordinate                                        	kafif       	כָּפִיף       	hebrew
           	kafam     	however                                            	kayfamā     	كَيْفَمَا     	arabic
           	kafaf     	extenuate                                          	khaffafa    	خَفَّفَ       	arabic
           	kafar     	close oneself off                                  	kafara      	كَفَرَ        	arabic
body       	kavid     	liver                                              	kaved       	כָּבֵד        	hebrew
           	kavik     	wolverine                                          	qavvik      	ᖃᕝᕕᒃ          	inuktitut
           	kavat     	caveat                                             	            	              	english
           	kavak     	dust                                               	avák        	אָבָק         	hebrew
           	kavon     	cavern                                             	            	              	english
           	kavod     	honor/respect                                      	kavod       	כָּבוֹד       	hebrew
           	kazit     	facade                                             	chazit      	חֲזִית        	hebrew
           	kazis     	piece
           	kazar     	return at regular intervals                        	chazár      	חָזַר         	hebrew
           	kajul     	cashew                                             	acajou      	              	french
           	kaxiq     	cash                                               	            	              	english
           	kaxad     	suspicion                                          	chashad     	חֲשָׁד        	hebrew
           	kaxon     	quash                                              	            	              	english
           	kaxun     	caution                                            	            	              	english
           	kacir     	viscous                                            	ḵāṯir       	خَاثِر        	arabic
           	kacac     	furniture                                          	ʔaṯāṯ       	أثاث          	arabic
           	kalig     	colleague
animal     	kalit     	leporidae (hare)                                   	ukaliit     	ᐅᑲᓖᑦ          	inuktitut
           	kalif     	successor                                          	ḵalīfa      	خَلِيفَة      	arabic
           	kalil     	scarcity                                           	qalīl       	قَلِيل        	arabic
           	kalad     	collide                                            	            	              	english
           	kalaz     	equalize                                           	            	              	english
           	kalal     	scour                                              	ḵallala     	خَلَّلَ       	arabic
           	kalox     	dominate                                           	laHal(o)x   	לַחֲלוֹשׁ     	hebrew
           	kalor     	cower                                              	            	              	english
           	kalud     	collude                                            	            	              	english
animal     	kaluk     	trout                                              	            	ᐃᖃᓗᒃ          	inuktitut
           	karin     	carry                                              	            	              	english
           	karik     	query                                              	            	              	english
           	karix     	shark                                              	karish      	כָּרִישׁ      	hebrew
           	karir     	career                                             	            	              	english
           	kares     	caress                                             	lelat(e)f   	לְלַטֵּף      	hebrew
           	karan     	car                                                	            	              	english
           	karom     	heal                                               	likR(o)m    	לִקְרוֹם      	hebrew
body       	kardj     	cartilage
           	kartx     	cache
           	kaCif     	projectile                                         	qaḏīfa      	قَذِيفَة      	arabic
           	kaCal     	disposition                                        	            	aðal          	icelandic
           	koman     	coma
           	kopal     	compel                                             	            	              	english
           	kotan     	quota                                              	            	              	english
           	kotas     	quote                                              	            	              	english
           	koken     	coke
           	kovem     	cove
           	kovat     	covet                                              	            	              	english
           	kozin     	cozy                                               	            	              	english
           	kolet     	collate                                            	            	              	english
           	koles     	coalesce                                           	            	              	english
           	kolab     	collaborate                                        	            	              	english
           	kolav     	rack                                               	kolav       	קוֹלָב        	hebrew
animal     	kolot     	coyote                                             	            	              	english
           	koltx     	ouch
           	korig     	ore
           	korag     	core
           	koral     	coral                                              	            	              	english
           	korod     	corrode
           	korol     	quarrel
           	kumat     	pear                                               	kummaṯrā    	كُمَّثْرَى    	arabic
animal     	kugak     	swan                                               	qugjuq      	ᖁᒡᔪᒃ          	inuktitut
           	kubox     	conquer                                            	liHb(o)x    	לִכְבּוֹשׁ    	hebrew
           	kupun     	coal                                               	            	              	inuktitut
plant      	kutun     	cottonwood (tree)                                  	quṭun       	قُطُن         	arabic
 gun)      	kukan     	cock (action
           	kukat     	infamy                                             	kukhyāti    	कुख्याति      	sanskrit
           	kusol     	console (help)                                     	            	              	english
plant      	kuzam     	lavender (vegetable)                               	al-ḵuzāmā   	الْخُزَامَى   	arabic
           	kujan     	recursion
           	kuxon     	cushion                                            	            	              	english
           	kulam     	coulomb
           	kulos     	meticulous
           	kulor     	peculiar                                           	            	              	english
           	kuras     	curious                                            	            	              	english
           	kurun     	cabbage                                            	kurunb      	كرمب          	arabic
           	klamp     	clamp                                              	            	              	english
           	klanz     	cleanse                                            	            	              	english
           	klasp     	clasp                                              	            	              	english
           	klutz     	pioneer                                            	chalutz     	חָלוּץ        	hebrew
           	krist     	anoint
           	kramp     	cramp                                              	            	              	english
           	krast     	annoint
           	krolb     	unobstruct
           	krutx     	crouch                                             	            	              	english
           	himex     	emission
           	himat     	emit
           	himux     	ammunition                                         	chimush     	חִימּוּשׁ     	hebrew
           	hinak     	enact
           	hinuf     	enough                                             	            	              	english
measurement	hintx     	inch (measurement)                                 	            	              	english
           	higar     	eager                                              	            	              	english
           	higot     	ego                                                	            	              	english
           	higoz     	vanish                                             	lehig(o)z   	לְהִיגּוֹז    	hebrew
           	hidan     	hidden
           	hidot     	idiot                                              	            	              	english
           	hibit     	inhibit
           	hibax     	bash
           	hibuk     	hug                                                	chibuk      	חִיבּוּק      	hebrew
           	hipan     	hip                                                	            	              	english
           	hipul     	impel
           	hitak     	thrust                                             	lehitak(e)a 	לְהִיתָּקֵעַ  	hebrew
           	hituk     	bisect                                             	chituch     	חיתוך         	hebrew
           	hikep     	equip
animal     	hikan     	squid                                              	ika         	イカ            	japanese
           	hikal     	hall                                               	hechal      	הֵיכָל        	hebrew
           	hisul     	eliminate                                          	chisul      	חִיסּוּל      	hebrew
           	hifuz     	effusion                                           	            	              	english
           	hivik     	heave
           	hivad     	slave                                              	eved        	עֶבֶד         	hebrew
           	hivok     	evoke                                              	            	              	english
           	hivux     	rustle                                             	ivshush     	אִיווְשׁוּשׁ  	hebrew
           	hizet     	impersonate                                        	            	              	english
           	hizak     	exact                                              	            	              	english
           	hizun     	equilibrium                                        	izun        	אִיזּוּן      	hebrew
           	hizut     	ease                                               	            	              	english
           	hicar     	aether                                             	            	              	english
           	hilat     	elite                                              	            	              	english
           	hilak     	elect
           	hilud     	elude
           	hiluk     	partition                                          	chiluk      	חִילּוּק      	hebrew
           	hiluf     	replace                                            	chiluf      	חִילּוּף      	hebrew
           	hilul     	desecrate                                          	chilul      	חִילּוּל      	hebrew
animal     	hiram     	flounder (fish)                                    	hirame      	ヒラメ           	japanese
           	hirav     	sword                                              	cherev      	חֶרֶב         	hebrew
           	hirod     	erode                                              	            	              	english
           	hirum     	emergency                                          	cherum      	חֵירוּם       	hebrew
           	hirut     	hire
           	hiCal     	whip                                               	            	hýða          	icelandic
           	hiCor     	either                                             	            	              	english
           	hemaq     	hem
           	hemun     	confidence                                         	emun        	אֵמוּן        	hebrew
body       	henas     	anus                                               	            	              	english
           	hegat     	egg                                                	            	              	english
           	hedip     	eddy
           	hepin     	hippie                                             	            	              	english
           	hetaq     	hate                                               	            	              	english
           	hekir     	characteristic                                     	heker       	הֶיכֵּר       	hebrew
           	hesin     	hasten                                             	            	              	english
animal     	heviz     	aves (birds)                                       	            	              	latin
           	hevor     	behavior                                           	            	              	english
           	helet     	determine                                          	hechlet     	הֶחְלֵט       	hebrew
           	helat     	hail (acclaim)
           	hamik     	pelt                                               	            	ᐊᒥᖅ           	inuktitut
           	hamis     	melt                                               	leham(i)s   	לְהָמִיס      	hebrew
           	hamem     	stun                                               	leham(e)m   	לְהַמֵּם      	hebrew
           	hamez     	amaze
           	hamon     	crowd/mob                                          	hamon       	הָמוֹן        	hebrew
           	hamot     	hum                                                	leham(o)t   	לְהַמּוֹת     	hebrew
animal     	hamos     	ferret                                             	chamos      	חָמוֹס        	hebrew
           	hamus     	hummus                                             	chumus      	חוּמוּסחֶסֶד  	hebrew
           	hamuz     	amuse                                              	            	              	english
           	hanit     	initialize                                         	            	              	english
           	hanan     	onion                                              	            	              	english
           	hanak     	giant                                              	anak        	עֲנָק         	hebrew
           	hanon     	park (vehicle)                                     	chanyon     	חַנְיוֹן      	hebrew
           	hanod     	annoy                                              	            	              	english
           	hanol     	annul                                              	            	              	english
           	hanuk     	dedicate                                           	chanukah    	חֲנֻכָּה      	hebrew
           	handj     	angel                                              	            	              	english
           	hanst     	honest
           	hagix     	serve                                              	lehag(i)x   	לְהַגִּישׁ    	hebrew
           	haget     	await                                              	            	              	english
           	hagol     	haggle
           	hadit     	audit                                              	            	              	english
           	hadij     	ideology
           	hadic     	news                                               	ḥadīṯ       	حَدِيث        	arabic
           	hadep     	adept
           	hadap     	adapt
           	hadas     	myrtle                                             	hadas       	הֲדַס         	hebrew
           	hadax     	lens                                               	adasha      	עֲדָשָׁה      	hebrew
           	hadal     	idle
           	hadof     	repel                                              	lahad(o)f   	לַהֲדוֹף      	hebrew
           	habil     	sabotage                                           	leHab(e)l   	לְחַבֵּל      	hebrew
           	habet     	habituate                                          	            	              	english
           	habad     	abide                                              	            	              	english
           	habak     	embrace                                            	ḥăḇaq       	חֲבַק         	hebrew
           	habav     	cherish                                            	leHab(e)v   	לְחַבֵּב      	hebrew
           	habal     	rope                                               	ḥabl        	حَبْل         	arabic
           	habaC     	applaud                                            	ḥabbaḏa     	حَبَّذَ       	arabic
           	habol     	hobble
           	habor     	abhor                                              	            	              	english
           	habus     	abuse                                              	            	              	english
           	hapiq     	hype
           	hapiz     	appease                                            	            	              	english
           	hapil     	appeal                                             	            	              	english
           	hapan     	happen                                             	            	              	english
           	hapal     	appall                                             	            	              	english
           	hapot     	overlap                                            	leHap(o)t   	לְחַפּוֹת     	hebrew
           	hapoz     	oppose
           	hatit     	pry                                                	leHat(e)t   	לְחַטֵּט      	hebrew
           	hatik     	transfer                                           	lehat(i)k   	לְהַתִּיק     	hebrew
           	hatif     	advocate                                           	lehat(i)f   	לְהַטִּיף     	hebrew
           	hatiz     	squirt                                             	lehat(i)z   	לְהַתִּיז     	hebrew
           	hatiC     	festival                                           	            	hátíð         	icelandic
           	haten     	attain
           	hatak     	attack                                             	            	              	english
           	hatar     	attire                                             	            	              	english
           	hatom     	automatic                                          	            	              	english
           	haton     	hot                                                	            	              	english
           	hatot     	tilt                                               	lehat(o)t   	לְהַטּוֹת     	hebrew
           	hakit     	acquit                                             	            	              	english
           	hakik     	engraving                                          	chakika     	חֲקִיקָה      	hebrew
           	hakif     	enforcement                                        	achifa      	אֲכִיפָה      	hebrew
           	hakir     	acquaint                                           	lehak(i)R   	לְהַכִּיר     	hebrew
           	hakam     	establish                                          	hakama      	הֲקָמָה       	hebrew
           	hakan     	icon
           	hakab     	obstacle                                           	ʿaqaba      	عَقَبَة       	arabic
           	hakav     	heel                                               	akev        	עָקֵב         	hebrew
           	hakar     	recognition                                        	hakara      	הַכָּרָה      	hebrew
           	hakaC     	captivate                                          	ʾaḵḵāḏ      	أَخَّاذ       	arabic
           	hakom     	accompany
           	hakun     	meadow                                             	achu        	אָחוּ         	hebrew
           	hasin     	essay                                              	            	              	english
           	hasig     	recall                                             	lehas(i)g   	לְהַסִּיג     	hebrew
           	hasid     	piety                                              	            	חסידות        	hebrew
           	hasis     	assist                                             	            	              	english
           	haseq     	assay                                              	            	              	english
           	hases     	assess                                             	            	              	english
           	hasam     	placement                                          	hasama      	הֲשָׂמָה      	hebrew
           	hasad     	aside                                              	            	              	english
           	hasap     	convect                                            	hasa'a      	הַסָּעָה      	hebrew
           	hasom     	awe                                                	            	              	english
           	hasof     	expose                                             	laHas(o)f   	לַחֲשׂוֹף     	hebrew
           	hasol     	hustle
           	hasum     	assume
           	hafid     	conserve                                           	hafiza      	حفظ           	arabic
           	hafik     	derive                                             	lehaf(i)k   	לְהָפִיק      	hebrew
           	hafif     	congruence (geometry)                              	chafifa     	חֲפִיפָה      	hebrew
           	hafil     	encourage                                          	lehaf'(i)l  	לְהַפְעִיל    	hebrew
           	hafan     	often                                              	            	              	english
           	hafat     	curb                                               	hāf         	fah           	arabic
           	hafak     	production                                         	hafaka      	הֲפָקָה       	hebrew
           	hafas     	fuss                                               	            	              	english
           	hafaf     	huff
           	havid     	avid                                               	            	              	english
           	havit     	hive
animal     	havik     	walrus                                             	aiviq       	ᐊᐃᕕᖅ          	inuktitut
           	havis     	oblation                                           	havis       	हविस्         	sanskrit
           	havak     	havoc                                              	            	              	english
           	havas     	obvious                                            	            	              	english
           	havot     	constitute                                         	lehav(o)t   	לְהַוּוֹת     	hebrew
           	hazif     	frown                                              	lehaz'(i)f  	לְהַזְעִיף    	hebrew
           	hazot     	rave                                               	lahaz(o)t   	לַהֲזוֹת      	hebrew
           	hajur     	aperture                                           	ajour       	              	french
           	haxin     	lean                                               	lehax'(i)n  	לְהַשְׁעִין   	hebrew
           	haxiv     	reply                                              	lehax(i)v   	לְהָשִׁיב     	hebrew
           	haxir     	molt                                               	lehax(i)R   	לְהַשִּׁיר    	hebrew
           	haxak     	launch of new product                              	hashaka     	הַשָּׁקָה     	hebrew
           	haxor     	usher
           	hacid     	acid                                               	            	              	english
           	hacor     	author                                             	            	              	english
           	halin     	cushy                                              	hayyin      	هَيِّن        	arabic
           	halig     	mock                                               	lehal'(i)g  	לְהַלְעִיג    	hebrew
           	halit     	haul
           	halif     	suit (clothing)                                    	Haliyfah    	חֲלִיפָה      	hebrew
           	halen     	highway                                            	            	              	english
           	haleg     	dial                                               	leHay(e)g   	לְחַייֵּג     	hebrew
           	halez     	always                                             	            	              	english
           	halak     	law                                                	halacha     	הֲלָכָה       	hebrew
           	halav     	milk                                               	chalav      	חָלָב         	hebrew
           	halal     	permissible                                        	halal       	حلال          	arabic
           	halon     	alone                                              	            	              	english
animal     	halun     	hyena                                              	            	              	english
           	halud     	allude                                             	            	              	english
           	haluf     	option                                             	chalufa     	חֲלוּפָה      	hebrew
           	halur     	allure                                             	            	              	english
body       	haris     	iris
           	hariv     	expand                                             	lehaRH(i)v  	לְהַרְחִיב    	hebrew
           	haram     	forbidden/taboo                                    	ḥarām       	حَرَام        	arabic
animal     	haran     	heron                                              	            	              	english
           	harad     	arid                                               	            	              	english
           	harat     	till                                               	ḥaraṯa      	حَرَثَ        	arabic
           	haras     	grip                                               	haras       	हरस्          	sanskrit
           	harax     	dull                                               	            	अरस           	sanskrit
           	harac     	cultivate                                          	ḥaraṯa      	حَرَثَ        	arabic
           	haral     	convert                                            	hawwala     	حَوَّلَ       	arabic
           	harar     	mull                                               	lehaRh(e)R  	לְהַרְהֵר     	hebrew
           	haron     	arrow                                              	            	              	english
           	harok     	squeak                                             	laHaR(o)k   	לַחֲרוֹק      	hebrew
           	haroz     	arouse                                             	            	              	english
           	harnz     	harness
           	hartx     	arch
           	haCik     	proficient                                         	ḥāḏiq       	حَاذِق        	arabic
           	haCir     	cautious                                           	ḥaḏir       	حَذِر         	arabic
           	haCan     	announce                                           	ʾāḏana      	آذَنَ         	arabic
           	honiq     	hoe
           	honas     	onus
           	honot     	swindle                                            	lehon(o)t   	לְהוֹנוֹת     	hebrew
           	honts     	ounce                                              	            	              	english
           	hoqat     	owe
           	hogal     	ogle
           	hogor     	hoard                                              	ogér        	אוֹגֵר        	hebrew
           	hodik     	ode                                                	            	              	english
           	hodar     	odor                                               	            	              	english
           	hoben     	obey                                               	            	              	english
           	hopan     	opine
           	hopal     	opal
           	hopok     	perky                                              	huó pō      	活泼            	chinese
           	hotat     	scallop                                            	hotate      	ほたて           	japanese
           	hokek     	length                                             	oQeHe       	אֹרֶךְ        	hebrew
           	hokur     	occur
           	hosil     	tent                                               	ohel        	אוֹהֶל        	hebrew
           	hovis     	oversee
           	hovan     	debt                                               	chova       	חוֹבָה        	hebrew
           	hozir     	hose
           	holiq     	howl
           	holid     	holy                                               	            	              	english
           	holan     	hull
           	hores     	heresy                                             	            	              	english
           	humad     	humid                                              	            	              	english
animal     	hunik     	sea urchin                                         	uni         	うに            	japanese
           	hunak     	harpoon                                            	            	ᐅᓈᖅ           	inuktitut
           	hubob     	hub                                                	            	              	english
           	hutak     	seam                                               	ħūṭāˀ       	חוּטָא        	hebrew
           	hutom     	hut
           	hutut     	hoot
           	hurin     	hurry                                              	            	              	english
           	hurot     	heir
           	simaq     	seem                                               	            	              	english
           	simun     	indicate                                           	simun       	סִימּוּן      	hebrew
           	sinet     	insinuate
           	sinor     	senior                                             	            	              	english
           	sindj     	singe                                              	            	              	english
           	sidik     	astringent
           	sidas     	insidious                                          	            	              	english
           	sibuk     	complication                                       	sibúkh      	סִבּוּךְ      	hebrew
           	sipan     	sip
           	sipar     	sweep
           	sipun     	deck                                               	sipun       	סִיפּוּן      	hebrew
           	sipur     	tale                                               	sipur       	סִיפּוּר      	hebrew
           	sitir     	slack                                              	            	शिथिर         	sanskrit
           	sitar     	city                                               	            	              	english
           	sikad     	cicada                                             	            	              	english
           	sikuv     	refusal                                            	seQuv       	סֵרוּב        	hebrew
math       	sisim     	fraction                                           	sehemu      	              	swahili
           	sisen     	easy-going                                         	suí hé      	随和            	chinese
           	sisak     	sex
           	sisuk     	conflict                                           	sichsuch    	סִיכְסוּךְ    	hebrew
           	sivam     	service                                            	            	सेवा          	sanskrit
           	sivar     	hypothesis                                         	svara       	סְבָרָה       	hebrew
           	sizan     	season (period)                                    	            	              	english
           	sizal     	sizzle                                             	            	              	english
           	sizol     	fringe                                             	sìzhōu      	四周            	chinese
           	sixet     	satiate                                            	            	              	english
           	siliq     	ceiling
           	silit     	silhouette
           	silek     	torn                                               	sī liè      	撕裂            	chinese
           	sileC     	seal
           	silan     	seal (connect)                                     	            	              	english
           	silab     	garment                                            	ṯiyāb       	ثِيَاب        	arabic
           	silak     	select                                             	            	              	english
           	silut     	nightmare                                          	siyut       	סִיּוּט       	hebrew
           	siren     	axle                                               	seren       	סֶרֶן         	hebrew
           	siral     	cereal                                             	            	              	english
           	siroz     	sear
           	sirup     	syrup                                              	            	              	english
           	sirut     	rent                                               	schirut     	שְׂכִירוּת    	hebrew
           	siCig     	seethe
           	siCan     	page                                               	            	síða          	icelandic
           	seman     	partial (semi-)
           	senir     	sane                                               	            	              	english
           	senat     	senate                                             	            	              	english
           	sedar     	cedar                                              	            	              	english
           	seban     	say                                                	            	              	english
           	setiq     	setting
animal     	setas     	cetacea
           	setar     	satire                                             	            	              	english
           	sekut     	execute                                            	            	              	english
           	sesis     	sass
           	seval     	civil
           	sevor     	savor                                              	            	              	english
           	samon     	summon                                             	            	              	english
           	samor     	summer
animal     	sanov     	swallow (bird)                                     	            	              	english
           	sants     	since                                              	            	              	english
           	saget     	segregate                                          	            	              	english
           	sadir     	tidy                                               	lesad(e)R   	לְסַדֵּר      	hebrew
           	sadan     	sudden                                             	            	              	english
           	sadal     	saddle                                             	            	              	english
           	sabit     	swab
           	sabir     	patient                                            	ṣābir       	صَابِر        	arabic
           	sabam     	polite                                             	            	सभ्य          	sanskrit
animal     	sabat     	mackerel                                           	saba        	さば            	japanese
           	sabon     	soap                                               	sabon       	סַבּוֹן       	hebrew
           	sapak     	supplier                                           	sapak       	סַפָּק        	hebrew
           	sapar     	barber                                             	sapar       	סַפָּר        	hebrew
           	sapoz     	suppose                                            	            	              	english
           	sapud     	meal                                               	se'uda      	סְעוּדָה      	hebrew
           	satam     	sincere                                            	            	सत्य          	sanskrit
           	satol     	subtle                                             	            	              	english
           	sakin     	blade                                              	sakin       	סַכִּין       	hebrew
           	sakik     	psychic                                            	            	              	english
           	saket     	socket                                             	            	              	english
           	sakon     	sack                                               	            	              	english
           	sakoj     	psychology                                         	            	              	english
           	sakul     	succulent                                          	            	              	english
           	sasib     	associate                                          	ṣāḥib       	صَاحِب        	arabic
           	sasaC     	hone                                               	šaḥaḏa      	شَحَذَ        	arabic
           	safix     	sufficient                                         	            	              	english
           	safar     	sapphire                                           	            	              	english
           	savan     	savanna                                            	            	              	english
           	sazan     	size
           	salin     	silly                                              	            	              	english
           	salig     	swell
           	salet     	insulate                                           	            	              	english
           	saloq     	swallow
           	salos     	cellulose                                          	            	              	english
           	sariq     	sorry                                              	            	              	english
           	sarit     	tape                                               	seret       	סֶרֶט         	hebrew
           	saras     	potent                                             	            	सरस           	sanskrit
           	sonam     	soy                                                	            	              	english
           	sodak     	soda
           	sokur     	soak                                               	            	              	english
           	soxal     	social                                             	            	              	english
           	solan     	swollen                                            	swollen     	              	english
           	soran     	sour                                               	sōraṇa      	सोरण          	sanskrit
           	sortx     	search
           	sunit     	neat                                               	            	              	english
           	sunan     	blank                                              	śūnya       	शून्य         	sanskrit
           	sugam     	convenient                                         	sugama      	सुगम          	sanskrit
           	sudon     	somewhat (pseudo-)
           	sutas     	soot
           	susad     	suicide                                            	            	              	english
animal     	suzuk     	bass (fish)                                        	suzuki      	スズキ           	japanese
           	suxav     	dear                                               	            	सुशेव         	sanskrit
           	suliq     	sew
           	suCiq     	sooth
           	suCal     	weld                                               	            	suða          	icelandic
           	smilt     	mile                                               	            	              	english
           	smadj     	smudge                                             	            	              	english
           	smart     	smart                                              	            	              	english
           	smark     	smirk                                              	            	              	english
           	snarl     	snarl                                              	            	              	english
           	snort     	snort
           	spand     	spend                                              	            	              	english
           	spark     	spark
           	spurm     	sperm                                              	            	              	english
           	split     	split                                              	            	              	english
           	splax     	splash
           	spriq     	spring (tool)                                      	            	              	english
           	spriz     	react
           	spred     	spread                                             	            	              	english
           	sprat     	sprout
           	spral     	spiral                                             	            	              	english
           	stiqk     	stink                                              	            	              	english
           	stedj     	stage (action)
           	stand     	stand                                              	            	              	english
           	stalc     	stealth                                            	            	              	english
           	stark     	stark                                              	            	              	english
           	starv     	starve                                             	            	              	english
           	stomp     	stomp
           	storm     	storm                                              	            	              	english
           	stork     	story                                              	            	              	english
           	striq     	string                                             	            	              	english
           	strip     	stripe                                             	            	              	english
           	streq     	stray                                              	            	              	english
           	straq     	strong                                             	            	              	english
           	strap     	strap                                              	            	              	english
           	strat     	strict                                             	            	              	english
           	strax     	stretch                                            	            	              	english
           	strol     	stroll                                             	            	              	english
           	strup     	strip                                              	            	              	english
           	struk     	strike                                             	            	              	english
           	skint     	squint                                             	            	              	english
           	skitx     	switch                                             	            	              	english
           	skamp     	swamp                                              	            	              	english
           	skalp     	sculpt                                             	            	              	english
           	skalk     	skulk                                              	            	              	english
           	skars     	scarce
           	skorn     	scorn                                              	            	              	english
           	skrin     	screen (display)                                   	            	              	english
           	skriz     	squeeze                                            	            	              	english
           	skrep     	scrape                                             	            	              	english
           	skrap     	scrap
           	skral     	scrawl                                             	            	              	english
           	skrol     	scroll
           	slind     	cylinder                                           	            	              	english
           	slamd     	salamander                                         	            	              	english
           	slant     	slant
           	slotx     	slouch                                             	            	              	english
           	slorm     	swarm                                              	            	              	english
           	slorp     	slurp
           	srand     	surround
           	finam     	phenomenon
           	final     	final                                              	            	              	english
           	fidiq     	feed
           	fidas     	fetus                                              	            	              	english
           	fidal     	fiddle                                             	            	              	english
           	fibal     	feeble                                             	            	              	english
           	fitor     	feat
           	fisiz     	feces                                              	            	              	english
           	fizab     	feasible                                           	            	              	english
           	fizaz     	fizz
           	fizal     	fizzle
           	fixet     	officiate
           	filet     	affilliate                                         	            	              	english
animal     	filan     	felidae
           	femas     	famous                                             	zhuming     	著名            	english
           	fenak     	feign                                              	            	              	english
           	feqat     	fang
           	fediq     	wun                                                	            	              	english
           	fedan     	fade                                               	            	              	english
           	fevor     	favor                                              	            	              	english
           	fecat     	faith                                              	            	              	english
           	feloq     	tax                                                	fèiyòng     	费用            	chinese
           	felur     	failure                                            	            	              	english
           	fanit     	fan (machine)
           	fanis     	fun
           	fanov     	fawn (over)
           	fatot     	tempt                                              	lefat(o)t   	לְפַתּוֹת     	hebrew
           	fakam     	surge                                              	lefa'(e)m   	לְפַעֵם       	hebrew
           	fasit     	facet                                              	            	              	english
           	faset     	faucet                                             	            	              	english
           	fasan     	fasten                                             	            	              	english
           	fasad     	corrupt                                            	fasād       	فَسَاد        	arabic
           	faziz     	fuzz
           	faxir     	compromise                                         	lefax(e)R   	לְפַשֵּׁר     	hebrew
           	faxon     	fashion (style)
           	faliq     	folly                                              	            	              	english
           	falek     	bland                                              	fá wèi      	乏味            	chinese
           	farig     	ferry
measurement	farad     	farad (measurement)                                	            	              	english
           	faCom     	fathom
           	folet     	exfoliate                                          	            	              	english
           	forin     	foreign                                            	            	              	english
           	forid     	foe                                                	            	              	english
           	forek     	euphoric                                           	            	              	english
           	foran     	prompt (speed)                                     	faoran      	فَوْرا        	arabic
           	fulep     	soothe                                             	fǔ wèi      	抚慰            	chinese
           	furet     	infuriate
           	furoq     	furrow
           	flant     	flaunt                                             	            	              	english
measurement	fretx     	foot (measurement)                                 	            	              	english
           	vimal     	transparent
           	vigor     	vigor                                              	            	              	english
           	vipak     	fact
           	vitog     	veto
           	vikat     	dread                                              	            	विकट          	sanskrit
           	vivad     	vivid                                              	            	              	english
animal     	vivar     	viverridae
           	viCak     	supplement                                         	            	viðauki       	icelandic
           	venip     	vane
body       	venas     	vein
           	venuk     	venue                                              	            	              	english
           	vegin     	vague                                              	            	              	english
code       	vepaq     	interface (computing)
           	vepor     	vapor                                              	            	              	english
           	vetig     	vet                                                	            	              	english
           	vekex     	vacation
           	veliq     	veil
           	vanir     	veneer
           	vanal     	vinyl
           	vatar     	descent                                            	avatar      	अवतार         	sanskrit
           	vakiq     	vie
           	vaket     	evacuate                                           	            	              	english
           	vasan     	breadth                                            	vyāsa       	व्यास         	sanskrit
           	vasad     	vice
           	vasox     	stir                                               	livH(o)x    	לִבְחוֹשׁ     	hebrew
           	vasum     	wealth                                             	vásu        	वसु           	sanskrit
           	vavex     	vivacious                                          	            	              	english
           	vazir     	disperse                                           	levaz(e)R   	לְבַזֵּר      	hebrew
           	vazor     	visor                                              	            	              	english
           	valim     	valley                                             	            	              	english
           	valid     	valid                                              	            	              	english
           	valit     	domesticate                                        	levay(e)t   	לְבַייֵּת     	hebrew
           	valeb     	available                                          	            	              	english
           	valet     	evaluate                                           	            	              	english
           	valax     	embarrass                                          	levay(e)x   	לְבַייֵּשׁ    	hebrew
           	valol     	vial
math       	valum     	volume (math)                                      	            	              	english
           	varin     	vary                                               	            	              	english
           	varit     	ward (off)                                         	vārita      	वारित         	sanskrit
           	varik     	greet                                              	levaR(e)H   	לְבָרֵךְ      	hebrew
math       	varam     	circumference                                      	vára        	वर            	sanskrit
           	varat     	variety                                            	            	              	english
           	vogun     	vogue
           	vokad     	avocado                                            	            	              	english
           	vosas     	versus
           	volaC     	misery                                             	            	volæði        	icelandic
           	vorex     	voracious                                          	            	              	english
animal     	vorak     	bee                                                	dvora       	דְּבוֹרָה     	hebrew
body       	vuxim     	genitals                                           	m'vushím    	מְבוּשִׁים    	hebrew
           	vulol     	mingle                                             	livl(o)l    	לִבְלוֹל      	hebrew
animal     	vritx     	spider
           	vrant     	vibrant                                            	            	              	english
           	vruft     	bracket
           	zinuk     	dash (spurt)                                       	zinuk       	זִינּוּק      	hebrew
           	zital     	stance                                             	zitai       	姿态            	chinese
           	zikap     	affinity                                           	zika        	זִיקָּה       	hebrew
           	zikuk     	flare                                              	zikuk       	זִיקּוּק      	hebrew
           	zisum     	pollute                                            	zihum       	זִיהוּם       	hebrew
           	zifat     	tar                                                	zefet       	זֶפֶת         	hebrew
           	zivon     	style                                              	tzivyon     	צִבְיוֹן      	hebrew
           	zizut     	haste                                              	pzizut      	פְּזִיזוּת    	hebrew
           	zixal     	least                                              	zhìshǎo     	至少            	chinese
           	zilam     	xylem                                              	            	              	english
math       	ziret     	factorial (math)                                   	atzeret     	עֲצֶרֶת       	hebrew
           	ziram     	movement (political/etc.)                          	zerem       	זֶרֶם         	hebrew
           	ziraz     	catalyze                                           	zeréz       	זֵרֵז         	hebrew
           	zirok     	consume                                            	litzR(o)H   	לִצְרוֹךְ     	hebrew
           	zevak     	sacrifice                                          	zevach      	זֶבַח         	hebrew
           	zamin     	examine                                            	            	              	english
           	zamar     	prune (fruit)                                      	zamár       	זָמַר         	hebrew
           	zanan     	delve                                              	zuanyan     	钻研            	chinese
           	zanak     	abandon                                            	zanákh      	זָנַח         	hebrew
           	zapam     	fury                                               	za'am       	זַעַם         	hebrew
           	zatin     	anxiety                                            	            	              	english
           	zatik     	exotic                                             	            	              	english
           	zatad     	march (foot)                                       	tza'ada     	צַעֲדָה       	hebrew
           	zakar     	masculine                                          	zachar      	זָכָר         	hebrew
           	zakut     	privilege                                          	zchut       	זְכוּת        	hebrew
           	zakuf     	erect                                              	zakúf       	זָקוּף        	hebrew
           	zasot     	recognise                                          	lezah(o)t   	לְזַהוֹת      	hebrew
           	zavit     	angle                                              	zavit       	זווית         	hebrew
           	zaxam     	slink                                              	zaochan     	早产            	chinese
           	zalot     	grill                                              	litzl(o)t   	לִצְלוֹת      	hebrew
           	zaran     	tragedy                                            	tzara       	צָרָה         	hebrew
           	zarat     	sow                                                	zaraʿa      	زَرَعَ        	arabic
           	zotet     	eavesdrop                                          	letzot(e)t  	לְצוֹתֵת      	hebrew
           	zofin     	cipher                                             	tzofen      	צוֹפֶן        	hebrew
           	zumom     	plot                                               	lizm(o)m    	לִזְמוֹם      	hebrew
           	zupon     	conceal                                            	litzp(o)n   	לִצְפּוֹן     	hebrew
           	zuzal     	book                                               	zhùzuò      	著作            	chinese
           	zulaq     	earn                                               	zhuang      	赚             	chinese
           	jidar     	jitter                                             	            	              	english
           	jirar     	swear                                              	jurer       	              	french
           	jetaj     	throw away
           	jeton     	token                                              	jeton       	              	french
           	jabir     	legging                                            	jambière    	              	french
           	jabar     	math                                               	aljabr      	الجبر         	arabic
           	jaket     	jacket                                             	jaquette    	              	french
           	javal     	swathe                                             	javelle     	              	french
           	jazur     	gossip                                             	jaser       	              	french
           	jalim     	jelly                                              	gelée       	              	french
           	jalus     	jealous                                            	jaloux      	              	french
           	jaret     	jar                                                	jarre       	              	french
           	joval     	jovial                                             	jovial      	              	french
plant      	junip     	juniper (tree)                                     	            	              	english
           	judix     	judicious                                          	            	              	english
           	julam     	reality
           	ximak     	shim
           	ximor     	shimmer                                            	            	              	english
           	ximun     	oil                                                	shemen      	שֶׁמֶן        	hebrew
           	xinip     	sheen                                              	            	              	english
           	xinaq     	shank/shin (leg)                                   	shin        	              	english
           	xigur     	launch                                             	shigur      	שִׁיגּוּר     	hebrew
           	xidaq     	appropriate (behavior)                             	shì dàng    	适当            	chinese
           	xipur     	improve                                            	shipur      	שִׁיפּוּר     	hebrew
           	xitan     	urine                                              	sheten      	שֶׁתֶן        	hebrew
           	xivav     	chip (like computing)                              	shvav       	שְׁבָב        	hebrew
           	xixam     	student                                            	            	शिष्या        	sanskrit
           	xixuk     	sparse                                             	xī shū      	稀疏            	chinese
           	xicam     	sheath                                             	            	              	english
           	xilek     	deem                                               	shìwéi      	视为            	chinese
           	xireq     	shear                                              	shear       	              	english
           	xirut     	cohesion (physics)                                 	kshirut     	קְשִׁירוּת    	hebrew
           	xedar     	shed
           	xepol     	shape                                              	            	              	english
           	xekan     	shake
           	xeviz     	shave
           	xelan     	shale
           	xaman     	shaman
           	xanip     	shine                                              	            	              	english
           	xagin     	shag
           	xagat     	shrug
           	xadiq     	shoddy                                             	            	              	english
           	xadik     	pair                                               	lexad(e)H   	לְשַׁדֵּךְ    	hebrew
           	xadon     	shadow
           	xadur     	shudder                                            	            	              	english
           	xabic     	cling                                              	shabitha    	شَبِثَ        	arabic
           	xabat     	rest                                               	shabat      	שַׁבָּת       	hebrew
           	xator     	shutter                                            	            	              	english
           	xakim     	rehabilitate                                       	lexak(e)m   	לְשַׁקֵּם     	hebrew
animal     	xakit     	salmon                                             	sake        	サケ            	japanese
           	xasal     	kid                                                	xiǎohái     	小孩            	chinese
           	xaviv     	flash                                              	shviv       	שְׁבִיב       	hebrew
           	xavas     	fame                                               	            	श्रवस्        	sanskrit
           	xavol     	shovel
           	xaliv     	inspire                                            	lexalh(e)v  	לְשַׁלְהֵב    	hebrew
           	xalaq     	jot                                                	shaoliang   	少量            	chinese
           	xalav     	phase                                              	shalav      	שָׁלָב        	hebrew
           	xalom     	welfare                                            	shalom      	שָׁלוֹם       	hebrew
           	xarab     	wine                                               	šarāb       	شَرَاب        	arabic
           	xofar     	horn (instrument)                                  	            	שׁוֹפָר       	hebrew
           	xoviq     	shove
           	xoval     	spade (shovel)                                     	            	              	english
           	xoxaq     	hurt                                               	shòushāng   	受伤            	chinese
           	xoxon     	sell                                               	xiaoshou    	销售            	chinese
           	xuman     	fat                                                	shuman      	שׁוּמָּן      	hebrew
           	xubor     	shatter                                            	lixb(o)R    	לִשְׁבּוֹר    	hebrew
           	xupiq     	horizontal                                         	shuǐpíng    	水平            	chinese
           	xusak     	fling                                              	shuai       	甩             	chinese
           	xufol     	shuffle
           	xufun     	fix                                                	xiū fù      	修复            	chinese
           	xulof     	extract                                            	lixl(o)f    	לִשְׁלוֹף     	hebrew
           	xriqk     	shrink
           	cinap     	inept                                              	            	              	english
           	citar     	theater
           	ciket     	equate                                             	            	              	english
           	cikam     	rely                                               	ṯiqa        	ثِقة          	arabic
           	cisal     	thistle                                            	            	              	english
           	cilet     	elate                                              	            	              	english
math       	ciram     	theorem                                            	            	              	english
           	cetak     	pathetic                                           	            	              	english
           	cefur     	stench                                             	            	þefur         	icelandic
           	camil     	drunk                                              	ṯamil       	ثَمِل         	arabic
           	cagan     	thug                                               	            	              	english
           	cagaf     	culture (society)                                  	ṯaɡāfa      	ثقافة         	arabic
           	cagur     	naughty                                            	            	óþægur        	icelandic
           	catik     	apathy                                             	            	              	english
           	catun     	atone                                              	            	              	english
           	cakal     	heckle                                             	            	              	english
           	casal     	assail                                             	            	              	english
           	caval     	avow                                               	            	              	english
           	caram     	revolution (society)                               	ṯawra       	ثَوْرَة       	arabic
           	caraq     	plenty                                             	ṯarwa       	ثَرْوَة       	arabic
           	caraz     	arise                                              	            	              	english
           	codal     	dye                                                	            	              	english
           	cotaq     	rush                                               	            	þjóta         	icelandic
           	covit     	overheat                                           	            	              	english
           	corat     	revolution                                         	thaorah     	ثًوْرَة       	arabic
           	craks     	thorax                                             	            	              	english
           	wimul     	whim                                               	            	              	english
           	winim     	ween
           	winaf     	wean
           	winar     	win
           	wints     	wince
           	widor     	weed
           	wipik     	weep
           	witin     	witty                                              	            	              	english
           	wital     	whittle                                            	            	              	english
           	wifan     	iff
           	wizal     	weasel                                             	            	              	english
           	wixak     	scarf                                              	wishah      	وِشَاح        	arabic
           	wilon     	willow                                             	            	              	english
           	wiCar     	wither                                             	            	              	english
           	wenak     	wane                                               	            	              	english
           	wedal     	tang                                               	wèidào      	味道            	chinese
measurement	webar     	weber (measurement)                                	            	              	english
           	wekim     	wake
           	wevac     	waive                                              	            	              	english
           	wevar     	waver
           	weliq     	wail
           	welig     	weigh
           	weCar     	weather                                            	            	              	english
           	wanak     	whine
           	wanal     	stoop                                              	wanyao      	弯腰            	chinese
           	wanun     	dusk                                               	huáng hūn   	黄昏            	chinese
           	wagin     	wag
           	wadal     	waddle
           	wabol     	wobble
           	wapaz     	wipe
           	wakar     	revere                                             	waqqara     	وَقَّرَ       	arabic
           	wasaf     	depict                                             	wasafa      	وَصَفَ        	arabic
           	wasol     	whistle                                            	            	              	english
           	wazim     	sock (foot)                                        	wà zi       	袜子            	chinese
animal     	waxin     	sardine                                            	iwashi      	いわし           	japanese
           	walid     	bring forth                                        	wallidī     	وَلِّدِي      	arabic
           	walet     	wallet                                             	            	              	english
           	walan     	wall
           	waloq     	wallow
           	wariq     	whir
measurement	wartx     	watt (measurement)                                 	            	              	english
           	waCan     	shore
animal     	wonuk     	snail                                              	woniu       	蜗牛            	chinese
           	woriq     	worry                                              	            	              	english
           	woraq     	wary
           	wugan     	extraneous                                         	wú guān     	无关            	chinese
           	limeq     	leeway                                             	            	              	english
           	lipar     	leap
measurement	litar     	liter (measurement)                                	            	              	english
           	likan     	liken                                              	            	              	english
           	lisiq     	lease
           	lisem     	bread                                              	lechem      	לֶחֶם         	hebrew
           	lisat     	elicit                                             	            	              	english
           	livik     	evict
           	lived     	evade
           	livet     	alleviate                                          	            	              	english
           	lijur     	leisure
           	lixaq     	ideal                                              	lǐxiǎng     	理想            	chinese
           	lilaq     	might                                              	lìliàng     	              	chinese
           	lirin     	leer                                               	            	              	english
           	lebal     	label/characterization                             	            	              	english
           	lebor     	labor                                              	            	              	english
animal     	lepor     	leporidae
           	letar     	late                                               	            	              	english
           	lesiq     	lace
           	leson     	lesson                                             	            	              	english
           	lezin     	lazy                                               	            	              	english
           	lamid     	tutor                                              	lelam(e)d   	לְלַמֵּד      	hebrew
           	laman     	lamb                                               	            	              	english
           	lanoq     	blush                                              	liǎn hóng   	脸红            	chinese
           	landj     	lounge                                             	            	              	english
           	lagar     	log
           	ladin     	laud
           	ladid     	delicious                                          	ladhîdh     	لَذِيذ        	arabic
           	labin     	lobby                                              	            	              	english
           	labot     	fan (action)                                       	lelab(o)t   	לְלַבּוֹת     	hebrew
           	latif     	entertain                                          	lateef      	لَطِيفٌ       	arabic
           	latas     	lattice                                            	            	              	english
           	latus     	lettuce
           	lakok     	client                                             	lakoach     	לָקוֹחַ       	hebrew
           	lasit     	hit (popular)                                      	lahit       	לָהִיט        	hebrew
           	lasak     	flock                                              	lahak       	לַהַק         	hebrew
           	lavan     	satellite                                          	lavyan      	לַווְייָן     	hebrew
           	lazim     	due                                                	lāzim       	لَازِمٌ       	arabic
           	lazan     	almond                                             	lawz        	لَوْز         	arabic
           	lazup     	candle                                             	là zhú      	蜡烛            	chinese
           	larot     	pregnant                                           	lahaR(o)t   	לַהֲרוֹת      	hebrew
animal     	larus     	gull                                               	            	              	latin
           	lardj     	large                                              	            	              	english
           	laCir     	lather
           	laCad     	stack                                              	            	hlaða         	icelandic
           	laCor     	leather                                            	            	              	english
           	lonak     	lone                                               	            	              	english
           	lonal     	loyal                                              	            	              	english
           	loban     	boss                                               	laoban      	老板            	chinese
           	lotar     	loiter
           	loket     	locate
           	lokan     	open space                                         	loká        	लोक           	sanskrit
           	lored     	already                                            	            	              	english
           	lorst     	lust
           	loCig     	loathe
           	loCud     	loath                                              	            	              	english
           	lumet     	loom
measurement	luman     	lumen (measurement)                                	            	              	english
body       	luqan     	lung
           	lusiv     	elusive                                            	            	              	english
           	lusad     	lucid                                              	            	              	english
           	lusul     	halogen                                            	lusu        	卤素            	chinese
           	luxiq     	popular                                            	liúxíng     	流行            	chinese
           	lulek     	reed (plant)                                       	lúwěi       	芦苇            	chinese
           	luran     	lure
           	rimen     	remain                                             	            	              	english
           	rimaz     	revise                                             	            	              	english
           	rimot     	remote (distance)                                  	            	              	english
           	rimuv     	remove                                             	            	              	english
           	rineg     	renege
animal     	rinos     	rhinoceros                                         	            	              	english
           	rinul     	renew
           	rints     	rinse
           	riqoq     	artificial                                         	rengong     	人工            	chinese
           	rigiv     	clod of earth                                      	regev       	רֶגֶב         	hebrew
           	rigan     	rig                                                	            	              	english
           	rigal     	wriggle
           	ridim     	redeem
           	ridaq     	rid
           	ridol     	riddle                                             	            	              	english
           	ridun     	redo
           	ribit     	interest (banking)                                 	ribit       	רִיבִּית      	hebrew
           	ribac     	intermediate
           	ribar     	rebar                                              	            	              	english
           	ribon     	rule (control)                                     	ribon       	רִיבּוֹן      	hebrew
           	ribuk     	rebuke                                             	english     	              	english
           	ripas     	fault                                              	répas       	रेपस्         	sanskrit
           	ripar     	repair                                             	            	              	english
           	ripol     	ripple
           	riput     	repute                                             	            	              	english
           	ritar     	retire                                             	            	              	english
           	rikap     	recap
           	rikar     	require                                            	            	              	english
           	rikol     	recoil                                             	            	              	english
           	rikup     	recoup                                             	            	              	english
           	rikuz     	concentration                                      	rikuz       	רִיכּוּז      	hebrew
           	rikur     	recur
           	risid     	recede                                             	            	              	english
           	risis     	sliver                                             	resis       	רְסִיס        	hebrew
           	risat     	reset
           	risax     	purchase                                           	rechesh     	רֶכֶשׁ        	hebrew
           	risux     	asset                                              	rechush     	רְכוּשׁ       	hebrew
           	rifan     	refine                                             	            	              	english
           	rifom     	reform                                             	            	              	english
           	rifut     	refute                                             	            	              	english
           	rifuz     	refuse                                             	            	              	english
           	rivat     	rivet                                              	            	              	english
           	rivav     	revive                                             	            	              	english
           	rivok     	revoke                                             	            	              	english
           	rivun     	review                                             	            	              	english
           	rizod     	reside                                             	            	              	english
           	rizum     	resume                                             	            	              	english
           	rijon     	origin                                             	            	              	english
           	rixet     	net                                                	reshet      	רֶשֶׁת        	hebrew
           	rixum     	record                                             	rishum      	רִישּׁוּם     	hebrew
           	rixut     	permission                                         	reshut      	רְשׁוּת       	hebrew
           	rilik     	calendar                                           	rì lì       	日历            	chinese
           	rilis     	release                                            	            	              	english
           	rilen     	relay
           	rilet     	relate
           	rilot     	riot
           	ririk     	rear                                               	            	              	english
           	riCak     	sway                                               	            	riða          	icelandic
           	remit     	remit
           	reniq     	rein                                               	            	              	english
           	renix     	ray                                                	            	              	english
animal     	renan     	wren (bird)                                        	wren        	              	english
           	regin     	reign                                              	            	              	english
           	regan     	rag                                                	            	              	english
           	redin     	ready                                              	            	              	english
           	redid     	raid
           	redet     	radiate                                            	            	              	english
           	redak     	irradiate
           	rebal     	rebel                                              	            	              	english
           	repub     	republican
           	reput     	reputation                                         	            	              	english
           	retiq     	rate
           	rekiv     	ingredient                                         	rechiv      	רְכִיב        	hebrew
           	rekac     	wreck
           	resit     	race
           	resov     	street                                             	rechov      	רְחוֹב        	hebrew
           	revil     	rival
           	reven     	revenue                                            	            	              	english
           	revav     	lot (amount)                                       	revava      	רְבָבָה       	hebrew
           	reziq     	raise                                              	            	              	english
           	rezal     	wrestle
           	rezor     	razor (tool)                                       	razor       	              	english
           	rexin     	zeal                                               	rè xīn      	热心            	chinese
           	recas     	recess                                             	            	              	english
           	reliq     	rail
           	relif     	relief                                             	            	              	english
           	relij     	religion
           	reCin     	rage                                               	            	reiði         	icelandic
           	reCur     	irrational (number)                                	            	óræður        	icelandic
           	ramos     	trample                                            	liRm(o)s    	לִרְמוֹס      	hebrew
           	radex     	radish                                             	            	              	english
           	radud     	shallow (depth)                                    	radud       	רָדוּד        	hebrew
           	rabat     	rabbit                                             	            	              	english
           	rabor     	rob
           	raped     	pad                                                	leRap(e)d   	לְרַפֵּד      	hebrew
           	rapax     	rap
           	rapal     	repeal                                             	            	              	english
           	ratit     	tremble                                            	leRat(e)t   	לְרַטֵּט      	hebrew
           	ratik     	fascinate                                          	leRat(e)k   	לְרַתֵּק      	hebrew
           	rataq     	cart                                               	rátha       	रथ            	sanskrit
           	raton     	rat                                                	            	              	english
           	rakib     	perpetrate                                         	rakiba      	رَكِبَ        	arabic
           	raket     	racket (tool)                                      	racket      	              	english
           	rakan     	bow                                                	rākiʿ       	رَاكِع        	arabic
           	rakat     	rocket                                             	            	              	english
           	rakav     	rot                                                	rakav       	רָקָב         	hebrew
           	rasit     	rice
           	rasik     	mash                                               	leRas(e)k   	לְרַסֵּק      	hebrew
           	rasis     	spray                                              	leRas(e)s   	לְרַסֵּס      	hebrew
           	rasif     	hover                                              	leRaH(e)f   	לְרַחֵף       	hebrew
           	rasat     	furnish                                            	leRah(e)t   	לְרַהֵט       	hebrew
           	rasak     	moisture                                           	rasā́       	रसा           	sanskrit
           	rasul     	messenger                                          	rasūl       	رَسُول        	arabic
           	rafad     	rife
           	rafak     	raisard                                            	rafa        	a             	arabic
           	rafal     	mist                                               	arafel      	עֲרָפֶל       	hebrew
           	rafol     	ruffle                                             	            	              	english
           	ravak     	profut                                             	revach      	רֶווַח        	hebrew
           	ravaj     	ravish                                             	            	              	english
           	razin     	resin                                              	            	              	english
           	razaj     	rouse                                              	            	              	english
           	razom     	rhizome                                            	            	              	english
           	rajis     	registry                                           	            	              	english
           	raxam     	crime                                              	rasha       	רָשָׁע        	hebrew
           	racon     	wrath                                              	            	              	english
           	ralik     	rally                                              	            	              	english
           	ralan     	interview                                          	leRay(e)n   	לְרַאְייֵן    	hebrew
           	ralas     	rile
           	raror     	roar                                               	            	              	english
           	raCik     	velocity                                           	            	hraði         	icelandic
           	raCaC     	drizzle                                            	raḏāḏ       	رَذَاذ        	arabic
           	raCor     	rather
           	romar     	roam                                               	            	              	english
           	roqik     	apt                                                	róng yì     	容易            	chinese
           	rodan     	dictator                                           	rodan       	רוֹדָן        	hebrew
           	robas     	robust                                             	            	              	english
           	rotiv     	sauce                                              	rotev       	רוֹטֶב        	hebrew
           	rotet     	rotate
           	roxam     	impression                                         	roshem      	רוֹשֶׁם       	hebrew
           	rumag     	room                                               	            	              	english
           	rumor     	rumor                                              	            	              	english
           	rubor     	rubber                                             	            	              	english
           	rupaq     	outward appearance                                 	rūpá        	रूप           	sanskrit
           	rutin     	routine                                            	            	              	english
           	ruzas     	ruse
           	ruzot     	slim                                               	liRz(o)t    	לִרְזוֹת      	hebrew
           	rulin     	ruin                                               	            	              	english
           	yinan     	murky                                              	yinan       	阴暗            	chinese
           	yinoq     	application                                        	yìng yòng   	应用            	chinese
           	yiqaq     	nutritious                                         	yíng yǎng   	营养            	chinese
           	yitur     	chord                                              	yeter       	יֶתֶר         	hebrew
           	yikal     	depend                                             	yī kào      	依靠            	chinese
           	yisud     	founding                                           	yisud       	יִיסּוּד      	hebrew
           	yixik     	faintly                                            	yixi        	依稀            	chinese
           	yixiv     	session                                            	yeshiva     	יְשִׁיבָה     	hebrew
           	yixeq     	doctor                                             	yī shēng    	医生            	chinese
           	yiliq     	collar                                             	yī lǐng     	衣领            	chinese
           	yilal     	treat (patient)                                    	yīliáo      	医疗            	chinese
           	yenux     	despair                                            	ye'ush      	יֵיאוּשׁ      	hebrew
           	yeduq     	peruse                                             	yuèdú       	阅读            	chinese
math       	yetor     	hypotenuse                                         	yeter       	יתר           	hebrew
           	yesud     	praise                                             	yehuda      	יְהוּדָה      	hebrew
           	yexin     	ambition                                           	yě xīn      	野心            	chinese
           	yelip     	appointment                                        	yuē huì     	约会            	chinese
           	yeluk     	amateur                                            	yè yú       	业余            	chinese
           	yanuk     	smog                                               	yān wù      	烟雾            	chinese
           	yabiq     	import                                             	leyabe      	לְייַבֵּא     	hebrew
           	yapad     	destination                                        	ya'ad       	יַעַד         	hebrew
           	yatir     	obsolete                                           	leyat(e)R   	לְייַתֵּר     	hebrew
           	yakid     	designate                                          	leyaH(e)d   	לְייַחֵד      	hebrew
           	yakir     	darling                                            	yakira      	יַקִּירָה     	hebrew
           	yasir     	arrogant                                           	yahir       	יָהִיר        	hebrew
           	yaxas     	worthy                                             	yashas      	यशस्          	sanskrit
           	yaxav     	sit                                                	yasháv      	יָשַׁב        	hebrew
           	yacam     	kneel                                              	jaṯama      	جَثَمَ        	arabic
           	yalid     	native                                             	yalid       	יָלִיד        	hebrew
           	yarit     	intercept                                          	leyaR(e)t   	לְייָרֵט      	hebrew
           	yariv     	opponent                                           	yariv       	יָרִיב        	hebrew
body       	yarek     	thigh                                              	yarech      	יָרֵךְ        	hebrew
           	yoqol     	retain                                             	yǒngyǒu     	拥有            	chinese
           	yosaf     	increase                                           	yosef       	יוֹסֵף        	hebrew
           	yovak     	consequence
           	yoxam     	priority                                           	yōuxiān     	优先            	chinese
           	yoxav     	inhabitant                                         	yoshév      	יוֹשֵׁב       	hebrew
           	yolul     	hesitant                                           	youyu       	犹豫            	chinese
           	yolur     	superior                                           	youyue      	优越            	chinese
           	yunit     	unit
           	yunik     	unique                                             	            	              	english
           	yunif     	unify
           	yunat     	unite                                              	            	              	english
           	yunoq     	wield                                              	yùn yòng    	运用            	chinese
           	yudiq     	schedule                                           	yūdìng      	预定            	chinese
           	yudoq     	sport                                              	yùndòng     	运动            	chineese
           	yudum     	noxious                                            	yǒu dú      	有毒            	chinese
           	yubik     	ubiquitous                                         	            	              	english
           	yukan     	yucca                                              	            	              	english
           	yujal     	usual                                              	            	              	english
           	yuxaq     	bruise                                             	yū shāng    	瘀伤            	chinese
           	yuciq     	youth                                              	            	              	english
           	yucam     	heap                                               	juṯwa       	جُثْوَة       	arabic
           	yulaz     	utilize                                            	            	              	english
           	yuCap     	nag                                                	            	juða          	icelandic
           	Camim     	obnoxious                                          	ḏamīm       	ذَمِيم        	arabic
           	Cakar     	mention                                            	ḏakara      	ذَكَرَ        	arabic
           	Calil     	dispicable                                         	ḏalīl       	ذَلِيل        	arabic
           	mintan    	mint (make)                                        	            	              	english
           	minsar    	prism                                              	minsara     	מִנְסָרָה     	hebrew
           	minsul    	miniscule                                          	            	              	english
           	minral    	mineral
           	miqmat    	muskox                                             	umingmat    	ᐅᒥᖕᒪᒃ         	inuktitut
           	migdal    	tower                                              	migdal      	מִגְדָּל      	hebrew
           	midrax    	interpret                                          	midrash     	מִדְרָשׁ      	hebrew
           	mitzud    	fortress                                           	metzuda     	מְצוּדָה      	hebrew
           	mikdax    	temple                                             	mikdásh     	מִקְדָּשׁ     	hebrew
           	mikzur    	recycle                                            	michzur     	מִיחְזוּר     	hebrew
           	mikxur    	mixture
           	mikran    	mechanical                                         	            	              	english
           	mismis    	apricot                                            	mišmiš      	مِشْمِش       	arabic
           	mismat    	certificate                                        	mismach     	מִסְמָךְ      	hebrew
           	miskuz    	promiscuous                                        	            	              	english
           	mislid    	mislead
           	misrut    	loyalty                                            	mesirut     	מְסִירוּת     	hebrew
           	mifkad    	census                                             	mifkad      	מִפְקָד       	hebrew
           	mifrak    	joint (biology)                                    	mifrak      	מִפְרָק       	hebrew
           	mivrak    	telegram                                           	mivrak      	מִבְרָק       	hebrew
           	mizvad    	luggage                                            	mizvad      	מִזְווָד      	hebrew
           	mixdal    	transmission                                       	mishdar     	מִשְׁדָּר     	hebrew
           	mixtar    	regulate                                           	mishtara    	מִשְׁטָרָה    	hebrew
           	mixkan    	ointment                                           	mishcha     	מִשְׁחָה      	hebrew
           	milvin    	kite                                               	            	              	latin
           	mirman    	fraud                                              	mirma       	מִרְמָה       	hebrew
           	mirdat    	spare                                              	            	मृडति         	sanskrit
           	mirkam    	texture                                            	mirkam      	מִרְקָם       	hebrew
           	mirxam    	recipe                                             	mirsham     	מִרְשָׁם      	hebrew
           	miClar    	mediate                                            	            	miðlari       	icelandic
           	memraz    	memorize                                           	            	              	english
           	mendin    	mend
           	menten    	maintain                                           	            	              	english
           	mentur    	mentor
           	medket    	medicate
           	medlaq    	meddle
           	metfor    	metaphor                                           	            	              	english
           	mekxud    	mute
           	mekrik    	make up
           	mezraz    	mesmerize                                          	            	              	english
           	mambol    	mumble
           	manden    	mundane                                            	            	              	english
           	mandal    	round                                              	maṇḍala     	मण्डल         	sanskrit
           	mandor    	meander                                            	            	              	english
           	manpol    	monopoly
           	manfak    	manufacture
           	manxan    	shy                                                	miantian    	腼腆            	chinese
           	maqkur    	manicure                                           	            	              	english
           	magets    	iron                                               	maghetz     	מַגְהֵץ       	hebrew
           	magzin    	magazine
           	magref    	rake                                               	magrefa     	מַגְרֵפָה     	hebrew
           	madist    	modest                                             	            	              	english
           	madsin    	medicine                                           	            	              	english
           	madfan    	modify
           	madjiq    	video
           	madjat    	dive                                               	            	मज्जति        	sanskritenglish
           	madret    	moderate                                           	            	              	english
           	matben    	coin                                               	matbea      	מַטְבֵּעַ     	hebrew
           	matkak    	paddle                                             	matka       	מַטְקָה       	hebrew
           	matsav    	situation                                          	matsáv      	מַצָּב        	hebrew
           	matzat    	cracker                                            	matzah      	מַצָּה
           	matzuk    	distress                                           	metzuka     	מְצוּקָה      	hebrew
           	matxor    	mature                                             	            	              	english
           	matrik    	metric
           	makniz    	mechanism                                          	            	              	english
           	maksim    	maxim                                              	            	              	english
           	maklas    	refugee                                            	maḵlaṣ      	مَخْلَص       	arabic
           	masadj    	massage                                            	            	              	english
           	masarg    	expensive                                          	            	महार्घ        	sanskrit
           	masart    	massacre
           	masmir    	nail (carpentry)                                   	masmer      	מַסְמֵר       	hebrew
           	mastim    	must (smell)
           	mastur    	muster                                             	            	              	english
           	maskit    	musk
           	mazlig    	fork (utensil)                                     	mazleg      	מַזְלֵג       	hebrew
           	mazlog    	muzzle
           	maxkin    	pledge                                             	lemaxk(e)n  	לְמַשְׁכֵּן   	hebrew
           	malosk    	mollusk                                            	            	              	english
           	malzal    	frizz                                              	máo zào     	毛躁            	chinese
           	marodj    	marry (wed)                                        	            	              	english
           	marnet    	marinate
           	marbol    	marble
           	martol    	mettle                                             	            	              	english
           	martor    	martyr
           	markan    	mark
           	marsup    	marsupial                                          	            	              	english
           	marvol    	marvel                                             	            	              	english
           	marzas    	mars                                               	            	              	english
           	marjin    	margin                                             	            	              	english
           	marxol    	marshal                                            	            	              	english
           	moment    	moment                                             	            	              	english
           	momart    	momentum                                           	            	              	english
           	momret    	commemorate                                        	            	              	english
           	modarn    	modern                                             	            	              	english
           	motant    	mutant                                             	            	              	english
           	motpik    	peak
           	motvet    	motivate                                           	            	              	english
           	motran    	moat
           	mokxam    	fly (bug)                                          	mákṣā       	मक्षा         	sanskrit
animal     	moskit    	mosquito                                           	            	              	english
           	moldos    	mold (bacteria)
           	morniq    	morning
           	mornaq    	mourn                                              	            	              	english
           	morgaj    	mortgage
           	mordur    	murder                                             	            	              	english
           	morpak    	mope
           	mortal    	mortal                                             	            	              	english
           	mortor    	mortar                                             	            	              	english
           	morfoz    	metamorphosis                                      	            	              	english
           	morvig    	mighty
           	mundam    	bald                                               	            	मुण्ड         	sanskrit
           	mutxal    	mutual                                             	            	              	english
           	mutlet    	mutilate                                           	            	              	english
           	mustax    	mustache                                           	            	              	english
animal     	mustal    	mustelidae
           	muskam    	convention                                         	muskama     	מוּסְקָמָה    	hebrew
           	muzrig    	muse                                               	            	              	english
           	murkas    	mercury
           	nimnan    	depression                                         	            	निम्न         	sanskrit
           	nimtul    	clay                                               	niantu      	黏土            	chinese
           	nipatx    	nip
           	niputz    	smashing                                           	niputz      	נִיפּוּץ      	hebrew
           	nitzul    	usage                                              	nitzul      	נִיצּוּל      	hebrew
           	niknas    	enter a state                                      	nikhnás     	נִכְנַס       	hebrew
           	niknum    	nickname                                           	            	              	english
           	nisbet    	proportion                                         	nisbe       	نسبة          	arabic
           	niscat    	anesthetize                                        	            	              	english
           	nivast    	invest                                             	            	              	english
           	nizkar    	remember suddenly after having forgotten           	nizkár      	נִזְכַּר      	hebrew
measurement	nilaks    	lux (measurement)                                  	            	              	english
           	nilkam    	wage war                                           	nilkhám     	נִלְחַם       	hebrew
           	nirvan    	extinguish                                         	nirvana     	निर्वाण       	sanskrit
           	nirvos    	nervous                                            	            	              	english
science    	nirxan    	inertia                                            	            	              	english
           	nekdot    	anecdote                                           	            	              	english
           	nektar    	nectar                                             	            	              	english
body       	nefros    	kidney                                             	nephros     	νεφρός        	greek
           	namnet    	nominate                                           	            	              	english
           	namraq    	humble                                             	namrá       	नम्र          	sanskrit
           	nagret    	inaugurate
           	nabliq    	knob
           	naptas    	neptune                                            	            	              	english
animal     	natsik    	phocidae (seal animal)                             	natsiq      	ᓇᑦᓯᖅ          	inuktitut
           	natzal    	exploit                                            	lenatz(e)l  	לְנַצֵּל      	hebrew
           	natxav    	notch
           	natran    	sodium                                             	natran      	נַתְרָן       	hebrew
           	natral    	natural                                            	            	              	english
           	naktir    	exhaust                                            	nechir      	נְחִיר        	hebrew
           	naksur    	knock out
           	nastin    	nasty                                              	            	              	english
           	nastik    	skeptic                                            	nāstika     	नास्तिक       	sanskrit
           	nafots    	widespread                                         	nafóts      	נָפוֹץ        	hebrew
           	navget    	navigate                                           	            	              	english
           	naxnal    	national                                           	            	              	english
body       	nartik    	vagina                                             	nartik      	נַרְתִּיק     	hebrew
           	nomliq    	anomaly                                            	            	              	english
           	nobold    	noble                                              	            	              	english
           	notfak    	notify
           	nolkam    	nook
           	nolrin    	area
           	normal    	normal
           	numret    	enumerate
           	nunxet    	annunciate                                         	            	              	english
           	nudjip    	nude
animal     	nutlan    	newt                                               	            	              	english
           	nutriC    	nutrition                                          	            	              	english
animal     	nuklit    	ursidae                                            	nukiliit    	ᓄᑭᓖᑦ          	inuktitut
           	qizlan    	quiz                                               	            	              	english
           	gimlan    	benefut                                            	gimla       	גִּמְלָה      	hebrew
           	givadj    	give away
           	geqzal    	worse                                              	gèng zāo    	更糟            	chinese
           	gedjiz    	gauge                                              	            	              	english
           	geprot    	gape
           	gambir    	serious                                            	            	गम्भीर        	sanskrit
           	gaqgal    	ad                                                 	guǎng gào   	广告            	chinese
           	gaqdem    	disk                                               	guāngdié    	光碟            	chinese
           	gaqtxi    	piano                                              	gangqin     	钢琴            	chinese
           	gabrod    	gabbro
           	gaston    	gust
           	gaslin    	gasoline
           	galxiq    	loud                                               	gaosheng    	高声            	chinese
           	galric    	gallery
           	garnix    	garnish
           	garnur    	garner                                             	            	              	english
           	garbal    	garble                                             	            	              	english
           	garzin    	axe                                                	garzen      	גַּרְזֶן      	hebrew
           	gonpiq    	fair (just)                                        	gōngpíng    	公平            	chinese
           	goqsip    	firm                                               	gōng sī     	公司            	chinese
           	golpan    	gulp
           	gorgol    	gurgle
           	gliniq    	glean
           	gligal    	glee
           	glisan    	glisten
           	glemps    	glimpse                                            	            	              	english
           	gledan    	glitter
           	gleziC    	glaze
           	glexar    	glacier                                            	            	              	english
           	glants    	glance                                             	            	              	english
           	glabun    	glob
           	glotor    	gloat
           	glosig    	gloss
           	glosig    	gloss
           	glumag    	gloom                                              	            	              	english
           	grimag    	grimace                                            	            	              	english
           	grinaq    	grin
           	gridig    	greed
           	gribas    	grebe                                              	            	              	english
           	grisap    	grease                                             	            	              	english
           	gramar    	grammar
           	granat    	granite
           	grabic    	grab
           	grapol    	grapple                                            	            	              	english
           	gratud    	gratitude                                          	            	              	english
           	grasap    	grasshopper                                        	            	              	english
           	grasuc    	grass roots
           	gravol    	grovel
           	groniq    	groan
           	gropor    	grope
           	grozik    	eat up
           	grolig    	roll
           	gruman    	groom
           	grunal    	well (water)
           	gruqit    	rung
           	gruvib    	groove
           	dimalx    	demolish
           	dimnux    	diminution                                         	            	              	english
           	dimpoz    	decompose
           	dignaf    	dignify
           	dibaqk    	debunk
           	dipart    	department                                         	            	              	english
           	diport    	deport
           	diplav    	deplore
           	diplok    	deploy
           	dipras    	depress
           	diprav    	deprive
           	ditatx    	detach
           	ditast    	detest                                             	            	              	english
           	ditxat    	ditch
           	diktet    	dictate
           	diklen    	decline
           	diklar    	declare
           	disand    	descend
           	disant    	dissent                                            	            	              	english
           	disard    	dissuade
           	disnet    	disseminate                                        	            	              	english
           	disden    	disdain                                            	            	              	english
           	dispir    	disappear
           	dispat    	despite
           	dispaz    	despise                                            	            	              	english
           	dispal    	dispel                                             	            	              	english
           	dispar    	disability
           	disput    	dispute                                            	            	              	english
           	distal    	distill
           	disfig    	disfigure                                          	            	              	english
           	dislok    	dislocate
           	disrig    	disregard
           	disrap    	disrupt
           	difand    	defend                                             	            	              	english
           	diflet    	deflate
           	diflak    	deflect
           	difram    	diaphragm                                          	            	              	english
           	difrad    	defraud
           	difras    	difference (subtraction)
           	divast    	divest
           	divors    	divorce
           	dizast    	disaster                                           	            	              	english
           	dizurv    	deserve
           	dijont    	disjoint                                           	            	              	english
           	dijtal    	digital                                            	            	              	english
           	dixdak    	dish
           	dixval    	dishevel
           	dilmit    	delimit
           	diltan    	delta (water)                                      	            	              	english
plant      	dirdar    	elm (tree)                                         	ad-dirdār   	الدِّرْدَار   	arabic
           	dempal    	extend
           	demsit    	democracy
           	dentok    	dent
           	deqgal    	dangle
           	deqzit    	stool                                              	dengzi      	凳子            	chinese
           	degrad    	degrade                                            	            	              	english
           	depket    	deprecate                                          	            	              	english
           	damand    	diamond                                            	            	              	english
           	dampat    	damp                                               	            	              	english
           	damtor    	diameter                                           	            	              	english
           	dandeq    	pawn                                               	diǎn dàng   	典当            	chinese
           	dandal    	drab                                               	dān diào    	单调            	chinese
           	dansor    	dinosaur                                           	dinosaur    	              	english
           	danlod    	download
animal     	daqkit    	donkey                                             	            	              	english
           	daqkot    	dunk
           	dagram    	diagram
           	dagras    	digress
           	dadlak    	deadlock                                           	            	              	english
           	dapdet    	dilapidate                                         	            	              	english
           	daplit    	deplete                                            	            	              	english
           	datnet    	detonate
animal     	dakbil    	bill (bird)                                        	bill        	              	english
           	daktip    	duct
           	dasmis    	dismiss                                            	            	              	english
           	daspet    	dissipate
           	dastin    	disparity                                          	            	              	english
           	dastut    	destitute                                          	            	              	english
           	davort    	divert                                             	            	              	english
           	dalget    	delegate
           	dalket    	delicate
           	dalkes    	delicacy
animal     	dalfin    	dolphin
           	dartik    	dart
           	darsok    	douse                                              	            	              	english
           	darfan    	dwarf                                              	            	              	english
           	darxam    	philosophical system                               	dárśana     	दर्शन         	sanskrit
           	dokran    	mediocre                                           	            	              	english
           	dolpeq    	cloak                                              	dǒu peng    	斗篷            	chinese
           	dornic    	underneath                                         	            	              	english
           	dunpat    	dune
           	dupket    	duplicate                                          	            	              	english
           	djimal    	lash                                               	jiemao      	睫毛            	chinese
           	djinks    	jinx
           	djikad    	strive                                             	            	              	arabic
           	djixik    	diet                                               	jié shí     	节食            	chinese
           	djirig    	jeer                                               	            	              	english
           	djedun    	jade
           	djelas    	jail
           	djaqiq    	stiff                                              	jiāng yìng  	僵硬            	chinese
           	djaged    	jagged                                             	            	              	english
           	djagol    	juggle
           	djatat    	jut
           	djakin    	jockey
           	djakiz    	jack (take)
           	djakur    	jack (tire)
           	djasol    	jostle
           	djasor    	thick                                              	jiahou      	加厚            	chinese
           	djasum    	burn                                               	jaḥuma      	جَحُمَ        	arabic
           	djavat    	jive
           	djalem    	gel                                                	            	              	english
           	djalun    	exchange                                           	jiāoliú     	交流            	chinese
           	djaluk    	educate                                            	jiàoyū      	教育            	chinese
           	djaret    	gyrate                                             	gyrate      	              	english
           	djaras    	run into
           	djarul    	jowl
           	djonik    	journey                                            	            	              	english
           	djotoq    	traffic                                            	jiaotong    	交通            	chinese
           	djorit    	jury
           	djudap    	enormous                                           	jù dà       	巨大            	chinese
           	djubat    	bar                                                	jiǔ bā      	酒吧            	chinese
           	djufen    	entangle                                           	jiūfēn      	纠纷            	chinese
           	djuvas    	swift                                              	júvas       	जुवस्         	sanskrit
           	djulan    	joule                                              	            	              	english
           	djulok    	dimple                                             	jiǔ wō      	酒窝            	chinese
           	dribol    	dribble
           	drivav    	derivative                                         	            	              	english
           	drixum    	proud                                              	            	धृषु          	sanskrit
           	drilag    	drill
plant      	drenak    	tuber (vegetable)                                  	drëna       	درنه          	arabic
           	drenor    	drain
           	drepor    	drape                                              	            	              	english
           	dretik    	diuretic                                           	            	              	english
           	draman    	drama
           	dragan    	dragon                                             	            	              	english
           	draduc    	put up with
           	drabon    	draw                                               	            	              	english
animal     	dronam    	crow (bird)                                        	            	द्रोण         	sanskrit
           	dronaq    	drown
           	drupat    	droop
           	bintal    	morbid                                             	bingtai     	病态            	chinese
           	biqgan    	cookie                                             	bǐng gān    	饼干            	chinese
           	bigord    	go ahead
           	bigvun    	go on
           	bitxiq    	beach                                              	            	              	english
           	bikxun    	beg                                                	bhikṣu      	भिक्षु        	sanskrit
           	bisidj    	besiege
           	bisold    	behold
           	bisman    	horror                                             	bhīṣma      	भीष्म         	sanskrit
           	bistol    	bestow
           	bixmam    	horrible                                           	            	भीष्म         	sanskrit
           	biletx    	bewitch                                            	            	              	english
           	bilpan    	betray                                             	beipan      	背叛            	chinese
           	bilkad    	hardly                                             	bilkād      	بِالكَاد      	arabic
           	biClak    	plead                                              	            	biðla         	icelandic
           	bentul    	continent                                          	běntǔ       	本土            	chinese
           	beqkat    	bank (holding)
           	bedjup    	tragic                                             	bēi jù      	悲剧            	chinese
           	besral    	panic                                              	behalah     	בֶּהָלָה      	hebrew
           	bambuz    	bamboozle
           	bandiq    	band (mark)
           	banben    	variant                                            	bǎnběn      	版本            	chinese
           	bantur    	banter                                             	            	              	english
           	banfut    	bat (action)                                       	biān fú     	蝙蝠            	chinese
           	banzap    	bounce
           	banxiq    	deform                                             	bianxing    	变形            	chinese
           	banxol    	wrench (move with force)                           	banshou     	扳手            	chinese
           	banlin    	transact                                           	banli       	办理            	chinese
           	badkan    	prank                                              	badkhan     	בַּדְחָן      	hebrew
           	badjim    	mix                                                	fùjiā       	附加            	chinese
animal     	badjur    	badger                                             	            	              	english
           	baptaz    	baptize                                            	            	              	english
           	batsak    	dough                                              	batsék      	בָּצֵק        	hebrew
           	batxat    	batch
           	batcam    	batcam                                             	baʿṯa       	بَعْثَة       	arabic
           	batrik    	battery
           	batran    	butter                                             	            	              	english
           	batras    	buttress                                           	            	              	english
           	bakpid    	backpedal                                          	            	              	english
           	bakpak    	backpack                                           	            	              	english
           	baktim    	fond                                               	bhakti      	भक्ति         	sanskrit
           	baktan    	portion                                            	bhaktá      	भक्त          	sanskrit
           	bakfar    	backfire                                           	            	              	english
           	baklax    	backwash
           	basalt    	basalt
           	bastik    	bust (action)
           	bastan    	bust
           	baskin    	bask
           	bafmik    	buff (strength)
           	baznis    	business                                           	            	              	english
           	baldiq    	building                                           	            	              	english
           	baldik    	cousin                                             	biǎo dì     	表弟            	chinese
           	baldar    	reciprocate                                        	baoda       	报答            	chinese
           	balbut    	bulb                                               	            	              	english
           	baltin    	title                                              	biaoti      	标题            	chinese
           	baltan    	belt                                               	            	              	english
           	balfal    	erupt                                              	bàofā       	爆发            	chinese
           	balziq    	guarantee                                          	baozheng    	保证            	chinese
           	balzeq    	assure                                             	bǎo zhèng   	保证            	chinese
           	barman    	table                                              	            	भार्मन्       	sanskrit
           	barnet    	barn
           	barbar    	stutter                                            	barbara     	बर्बर         	sanskrit
           	bartur    	barter                                             	            	              	english
           	barkiz    	bark (dog)                                         	            	              	english
           	barked    	barricade
           	barkuk    	plum                                               	barqūq      	بَرْقُوق      	arabic
           	barkuv    	barbecue                                           	            	              	english
plant      	barsim    	alfalfa (vegetable)                                	al-barsim   	البرسيم       	arabic
           	barzak    	barrier                                            	barzakh     	برزخ          	arabic
           	barlot    	ballot
           	baCmol    	cotton                                             	            	baðmull       	icelandic
           	botxiq    	fickle                                             	bó qíng     	薄情            	chinese
           	bolant    	buoyant                                            	            	              	english
           	boldoq    	fluctuate                                          	bodong      	波动            	chinese
           	bolkat    	boycott
           	bordan    	board                                              	            	              	english
           	borliq    	burly                                              	            	              	english
           	bunduk    	hazelnut                                           	bunduq      	بُنْدُق       	arabic
           	budanz    	abundant                                           	            	              	english
           	budjuk    	remedy                                             	bujiu       	补救            	chinese
           	butxoq    	augment                                            	bǔchōng     	补充            	chinese
           	burbir    	barbarian                                          	            	              	english
           	blimal    	bill (beak)
           	bligur    	beleaguer                                          	            	              	english
           	blizan    	belligerent                                        	            	              	english
           	blemix    	blemish                                            	            	              	english
           	blanit    	blah
           	blants    	balance
           	blagiq    	blog
           	blagan    	mess                                               	balagan     	בָּלָגָן      	hebrew
           	blabaq    	blab                                               	            	              	english
           	blatuz    	blot
           	blasum    	blossom
           	blotak    	bloat
           	bloCiq    	bleed
           	bridiq    	breed                                              	            	              	english
           	brikar    	break (short time)                                 	            	              	english
           	brisal    	bristle
           	brivet    	abbreviate                                         	            	              	english
           	brilon    	embryo                                             	embryo      	              	english
           	briCan    	breath                                             	            	              	english
           	bretik    	brat
           	brekal    	breccia
           	bresig    	brace
           	bragod    	brag
           	brabat    	bribe                                              	            	              	english
           	brasal    	tend (I tend to)
           	braCor    	brother
           	brumor    	remember
           	brudig    	brood                                              	            	              	english
           	brulik    	brew                                               	            	              	english
           	pinast    	grind                                              	pinaṣṭi     	पिनष्टि       	sanskrit
           	pinlaz    	penalize                                           	            	              	english
animal     	pidjon    	pigeon                                             	            	              	english
           	pitman    	nipple                                             	pitma       	פִּטְמָה      	hebrew
           	pitmaz    	epitomize
           	pitput    	chatter                                            	pitput      	פִּטְפּוּט    	hebrew
           	pitzan    	injury                                             	petza       	פֶּצַע        	hebrew
           	pitzul    	fragment                                           	pitzul      	פִּיצּוּל     	hebrew
           	pitlet    	capitulate                                         	            	              	english
           	pikxar    	picture                                            	            	              	english
           	pizmon    	chorus                                             	pizmon      	פִּזְמוֹן     	hebrew
           	piladj    	pillage
           	pilpal    	pepper                                             	pilpel      	פִּילְפֵּל    	hebrew
           	pilfar    	pilfer
           	piratz    	gush                                               	peretz      	פֶּרֶץ        	hebrew
           	pirten    	pertain                                            	            	              	english
           	pirsum    	publication                                        	pirsum      	פִּירְסוּם    	hebrew
           	peniqk    	ink
           	pentiq    	penalty                                            	            	              	english
           	pentas    	pant
           	penrat    	pen
           	peqkum    	pay back
           	pegrac    	peg
           	pedral    	pedal                                              	            	              	english
           	petran    	patron
           	petraf    	petrify                                            	            	              	english
           	pestal    	pedestal                                           	            	              	english
           	pestor    	pester
           	pevram    	pave                                               	            	              	english
           	pezant    	peasant                                            	            	              	english
           	pelard    	steel                                              	peladah     	פְּלָדָה      	hebrew
           	pampem    	dim                                                	le'am'(e)m  	לְעַמְעֵם     	hebrew
           	pampas    	pomp
           	pampon    	pump                                               	            	              	english
           	pampor    	pamper                                             	            	              	english
           	pandam    	pendulum                                           	            	              	english
           	pandoz    	pond                                               	            	              	english
           	pandor    	pander                                             	            	              	english
           	pantim    	pint
           	pantit    	punt
           	pansul    	peninsula                                          	            	              	english
           	panxam    	pan (move)
           	pancir    	panther                                            	            	              	english
           	padman    	lotus                                              	padma       	पद्म          	sanskrit
           	paplar    	poplar                                             	            	              	english
           	patant    	patent                                             	            	              	english
           	patrol    	patrol                                             	            	              	english
           	patruz    	pat
           	paktor    	pact
           	pakziv    	disappoint                                         	le'aHz(e)v  	לְאַכְזֵב     	hebrew
           	pakxur    	puncture                                           	            	              	english
           	paklis    	populate                                           	le'aHl(e)s  	לְאַכְלֵס     	hebrew
           	pasbal    	possible                                           	            	              	english
           	pastal    	pastel                                             	            	              	english
measurement	paskal    	pascal (measurement)                               	            	              	english
           	paskon    	period (mark)                                      	pasuq       	פָּסוּק       	hebrew
           	pasfag    	pacify
           	pafnin    	modulate                                           	le'afn(e)n  	לְאַפְנֵן     	hebrew
           	pavtak    	secure                                             	le'avt(e)aH 	לְאַבְטֵחַ    	hebrew
           	pavrir    	ventilate                                          	le'avR(e)R  	לְאַווְרֵר    	hebrew
           	paztor    	repository                                         	            	              	english
           	pazkir    	cite                                               	le'azk(e)R  	לְאַזְכֵּר    	hebrew
           	pacrun    	pass through                                       	            	              	english
           	palmor    	froth                                              	paomo       	泡沫            	chinese
           	paltir    	improvise                                          	le'alt(e)R  	לְאַלְתֵּר    	hebrew
           	paltop    	polytope                                           	            	              	english
           	palsiq    	policy                                             	            	              	english
           	palsiv    	repulsive                                          	            	              	english
           	palset    	pulsate                                            	            	              	english
           	palson    	pulse                                              	            	              	english
           	parmit    	permit                                             	            	              	english
           	pardiq    	parody                                             	            	              	english
           	parpil    	obscure                                            	le'aRp(e)l  	לְעַרְפֵּל    	hebrew
           	partek    	partake
           	parket    	park (place)
           	parsiq    	parse                                              	            	              	english
           	parsis    	persist                                            	            	              	english
           	parson    	personal                                           	            	              	english
           	parfum    	perfume                                            	            	              	english
           	parvam    	perform                                            	            	              	english
           	parvan    	fur                                                	parva       	פַּרְווָה     	hebrew
           	parvat    	rugged                                             	            	पर्वत         	sanskrit
           	parxut    	parachute                                          	            	              	english
           	parleq    	parley                                             	            	              	english
           	parlaz    	paralyze
           	ponent    	component                                          	            	              	english
           	podjup    	rundown                                            	pò jiù      	破旧            	chinese
           	podjut    	shabby                                             	pò jiù      	破旧            	chinese
           	potant    	impotent                                           	            	              	english
           	potxiv    	poach
           	potreq    	portray                                            	            	              	english
           	poklaq    	pretty                                             	piaoliang   	漂亮            	chinese
           	postud    	post (in the ground)
           	pornag    	porn
           	porpan    	porcupine                                          	            	              	english
           	portal    	portal
           	portun    	opportune                                          	            	              	english
           	portub    	perturbation                                       	            	              	english
           	porkat    	pork
           	porsin    	suidae
           	porsad    	persuade                                           	            	              	english
           	puston    	thump                                              	putong      	扑通            	chinese
           	puveks    	vex
           	pulnev    	pull off
           	purpoz    	purpose
           	purfet    	perforate
           	purved    	pervade
           	pliqal    	plea
           	pliket    	implicate
           	plenix    	replenish
           	pleket    	placate                                            	            	              	english
           	plelut    	lute                                               	            	              	english
           	plamet    	plummet                                            	            	              	english
           	planim    	cheap                                              	pianyi      	便宜            	chinese
           	pladum    	ply                                                	            	              	english
           	platik    	plight                                             	            	              	english
           	platab    	palatable                                          	            	              	english
           	platon    	plateau                                            	            	              	english
           	plalat    	plow
           	plumaj    	fluff
           	plutas    	pluto                                              	            	              	english
           	priniq    	preen                                              	            	              	english
           	prinak    	grant                                              	            	पृणक्ति       	sanskrit
           	prinur    	entrepreneur                                       	            	              	english
           	pridik    	predict                                            	            	              	english
           	pripar    	prepare                                            	            	              	english
           	pritum    	broad                                              	            	पृथु          	sanskrit
           	prikat    	predicate
           	prikaC    	prick
           	prikux    	percussion
           	prisas    	precise                                            	            	              	english
           	prival    	prevail                                            	            	              	english
           	privul    	preview
           	prizad    	preside
           	prizon    	imprison                                           	            	              	english
           	prizum    	presume                                            	            	              	english
           	prixet    	appreciate                                         	            	              	english
           	prixut    	asceticism                                         	prishut     	פְּרִישׁוּת   	hebrew
           	prilam    	beloved                                            	priyá       	प्रिय         	sanskrit
           	prilat    	busy                                               	            	प्रियते       	sanskrit
           	pramis    	promise                                            	            	              	english
           	pramet    	primate                                            	            	              	english
           	pramot    	promote
           	pranin    	sentient                                           	            	प्राणिन्      	sanskrit
           	prants    	prance                                             	            	              	english
           	pradaq    	prod
           	pradok    	product                                            	            	              	english
           	prabol    	parabola                                           	            	              	english
           	prapon    	prop (setting)
           	prapoz    	propose                                            	            	              	english
           	prapoj    	propulsion
           	prapor    	proper                                             	            	              	english
           	prakan    	procyonidae
           	pravab    	proverb                                            	            	              	english
           	prajak    	project (task)                                     	            	              	english
           	pralaq    	parallel                                           	            	              	english
           	produs    	produce                                            	            	              	english
           	protak    	protect                                            	            	              	english
           	protom    	proto                                              	proto       	              	english
           	prokur    	procure
           	prohib    	prohibit                                           	            	              	english
           	proviz    	provision
           	provas    	profess
           	provax    	profession                                         	            	              	english
           	prolaq    	prolong
           	pruman    	pomegranate                                        	rummān      	رُمَّان       	arabic
           	prunif    	prune
           	timdat    	intimidate                                         	            	              	english
           	tinedj    	teenager
           	tinmat    	tin
           	tintec    	tint
           	tiqkal    	twinkle                                            	            	              	english
           	tigris    	tiger                                              	            	              	latin
           	tiptol    	tiptoe                                             	            	              	english
           	tiprat    	tip
           	titxum    	pose (question)                                    	tíchū       	提出            	chinese
           	titxun    	quit                                               	            	              	english
           	titrat    	titration                                          	            	              	english
           	tiktak    	tick (sound)
           	tiftuf    	trickle                                            	tiftuf      	טִיפְטוּף     	hebrew
           	tirdan    	bother                                             	tirda       	טִרְדָּה      	hebrew
           	tempon    	tempo                                              	            	              	english
           	tempur    	temper
           	tenant    	tenant                                             	            	              	english
           	tendas    	tend (to tend to)                                  	            	              	english
           	tentor    	taint
           	tenxal    	potential
           	teqgol    	tangle
           	teqtoq    	ache                                               	téng tòng   	疼痛            	chinese
           	teqket    	tank (do bad)
           	tedjat    	sharp                                              	téjate      	तेजते         	sanskrit
           	teport    	teleport                                           	            	              	english
           	tetxiq    	livid                                              	tiě qīng    	铁青            	chinese
           	tetxal    	spade                                              	tiě qiāo    	铁锹            	chinese
           	tetrex    	tetration                                          	            	              	english
           	teknik    	technique
           	teknev    	take off
           	tekriq    	take care of
measurement	teslan    	tesla (measurement)                                	            	              	english
           	tesrak    	tesseract                                          	            	              	english
           	telorn    	tailor                                             	            	              	english
           	telfon    	phone                                              	            	              	english
           	tamnet    	contaminate                                        	            	              	english
           	tampan    	tampon                                             	            	              	english
           	tampor    	tamper
           	tamlil    	lyrics                                             	tamlil      	תַּמְלִיל     	hebrew
           	tamlal    	transcribe                                         	letaml(e)l  	לְתַמְלֵל     	hebrew
           	tanmin    	sweet (emotion)                                    	tianmi      	甜蜜            	chinese
           	tanbig    	transduction                                       	tanbîgh     	تَنْبِيْغ     	arabic
           	tantiq    	snoop                                              	tàn tīng    	探听            	chinese
           	tantij    	taunt
           	tantum    	wire                                               	tantu       	तन्तु         	sanskrit
           	tansor    	tensor                                             	            	              	english
           	tanzik    	blanket                                            	tanzi       	毯子            	chinese
           	tanzen    	naive                                              	tiān zhēn   	天真            	chinese
           	tanxiq    	elastic                                            	tanxing     	弹性            	chinese
           	tanxan    	attention                                          	            	              	english
           	tanlum    	turbulent                                          	tuān liú    	湍流            	chinese
           	taqgop    	adopt                                              	tōngguò     	通过            	chinese
           	tagmul    	compensation                                       	tagmul      	תַּגְמוּל     	hebrew
           	tagnaz    	antagonize                                         	            	              	english
           	taglor    	tug                                                	            	              	english
           	tablet    	tabulate                                           	            	              	english
           	taprak    	apple                                              	tappuach    	תַּפּוּחַ     	hebrew
           	taknol    	technology                                         	            	              	english
           	takziv    	budget                                             	taktziv     	תַּקְצִיב     	hebrew
           	takxat    	chisel                                             	            	तक्षति        	sanskrit
           	takrim    	respect (object)                                   	takrîm      	تَكْرِيم      	arabic
           	takrit    	incident                                           	takrit      	תַּקְרִית     	hebrew
           	tasmin    	symptom                                            	tasmin      	תַּסְמִין     	hebrew
           	tasman    	testament                                          	            	              	english
           	taskil    	frustrate                                          	letask(e)l  	לְתַסְכֵּל    	hebrew
           	tafkid    	duty                                               	tafkid      	תַּפְקִיד     	hebrew
           	tavrup    	sanitation                                         	tavru'a     	תַּבְרוּאָה   	hebrew
           	talgim    	dodge                                              	táobì       	逃避            	chinese
           	talxin    	defiant                                            	tiǎo xìn    	挑衅            	chinese
           	targil    	exercise                                           	targil      	תַּרְגִּיל    	hebrew
           	targat    	interrogate                                        	            	              	english
           	targum    	translation                                        	targum      	תַּרְגּוּם    	hebrew
           	tardim    	hibernation                                        	tardema     	תַּרְדֵּמָה   	hebrew
           	tardig    	tardigrada
animal     	tardus    	thrush (bird)                                      	            	              	latin
           	tarbol    	terrible                                           	            	              	english
           	tarpen    	tarp
           	tarpan    	satisfy                                            	            	तर्पण         	sanskrit
           	tartir    	rumble                                             	letaRt(e)R  	לְטַרְטֵר     	hebrew
           	tartuq    	tart
           	tartuq    	tart
           	tarkiz    	concentrate                                        	tarkiz      	תַּרְכִּיז    	hebrew
           	tarkam    	speculation                                        	tarká       	तर्क          	sanskrit
           	tarsak    	intersect                                          	            	              	english
           	tarxim    	sketch                                             	tarshim     	תַּרְשִׁים    	hebrew
           	tarlig    	twirl
           	toqkut    	anguish                                            	tòng kǔ     	痛苦            	chinese
           	toqkut    	anguish                                            	tòng kǔ     	痛苦            	chinese
           	toqxin    	correspond                                         	tongxin     	通信            	chinese
           	toqxin    	correspond                                         	tongxin     	通信            	chinese
           	toqlaq    	flux                                               	tongliang   	通量            	chinese
           	toqlaq    	flux                                               	tongliang   	通量            	chinese
           	tostod    	toast (action)
           	tostod    	toast (action)
           	tolpal    	bid                                                	tóupiào     	投票            	chinese
           	tolpal    	bid                                                	tóupiào     	投票            	chinese
           	tornev    	turn off
           	tornev    	turn off
           	torpid    	torpedo                                            	            	              	english
           	torpid    	torpedo                                            	            	              	english
animal     	tortug    	turtle                                             	            	              	spanish
animal     	tortug    	turtle                                             	            	              	spanish
           	torkit    	torque                                             	            	              	english
           	torkit    	torque                                             	            	              	english
           	torson    	torso                                              	            	              	english
           	torson    	torso                                              	            	              	english
           	torxan    	torsion                                            	            	              	english
           	torxan    	torsion                                            	            	              	english
           	tudjem    	schematic                                          	tujie       	图解            	chinese
           	tudjem    	schematic                                          	tujie       	图解            	chinese
           	tuktuk    	caribou                                            	            	ᑐᒃᑐ           	inuktitut
           	tuktuk    	caribou                                            	            	ᑐᒃᑐ           	inuktitut
           	tuksul    	flinch                                             	tuisuo      	退缩            	chinese
           	tuksul    	flinch                                             	tuisuo      	退缩            	chinese
           	tukvak    	moose                                              	tuktuvak    	ᑐᒃᑐᕙᒃ         	inuktitut
           	tukvak    	moose                                              	tuktuvak    	ᑐᒃᑐᕙᒃ         	inuktitut
           	tucnev    	set off
           	tucnev    	set off
           	tucrik    	set up
           	tucrik    	set up
           	turmon    	term (language)                                    	            	              	english
           	turmon    	term (language)                                    	            	              	english
           	turnir    	competition                                        	turnir      	טוּרְנִיר     	hebrew
           	turnir    	competition                                        	turnir      	טוּרְנִיר     	hebrew
           	turfir    	interfere
           	turfir    	interfere
           	tkslit    	rodentia                                           	tisiliit    	ᑎᓯᓖᑦ          	inuktitut
           	tkslit    	rodentia                                           	tisiliit    	ᑎᓯᓖᑦ          	inuktitut
           	txiqek    	mild                                               	qīng wēi    	轻微            	chinese
           	txiqek    	mild                                               	qīng wēi    	轻微            	chinese
           	txiqal    	jiggle                                             	qingyao     	轻摇            	chinese
           	txiqal    	jiggle                                             	qingyao     	轻摇            	chinese
           	txigam    	strange                                            	qiguai      	奇怪            	chinese
           	txigam    	strange                                            	qiguai      	奇怪            	chinese
           	txigar    	odd                                                	qí guài     	奇怪            	chinese
           	txigar    	odd                                                	qí guài     	奇怪            	chinese
           	txidal    	equator                                            	chì dào     	赤道            	chinese
           	txidal    	equator                                            	chì dào     	赤道            	chinese
           	txibit    	pungent                                            	cì bí       	刺鼻            	chinese
           	txibit    	pungent                                            	cì bí       	刺鼻            	chinese
           	txipur    	chipper
           	txipur    	chipper
           	txitak    	cheat
           	txitak    	cheat
           	txikan    	chicken                                            	            	              	english
           	txikan    	chicken                                            	            	              	english
           	txikar    	shrill                                             	cì ěr       	刺耳            	chinese
           	txikar    	shrill                                             	cì ěr       	刺耳            	chinese
           	toqkut    	anguish                                            	tòng kǔ     	痛苦            	chinese
           	toqxin    	correspond                                         	tongxin     	通信            	chinese
           	toqlaq    	flux                                               	tongliang   	通量            	chinese
           	tostod    	toast (action)
           	tolpal    	bid                                                	tóupiào     	投票            	chinese
           	tornev    	turn off
           	torpid    	torpedo                                            	            	              	english
animal     	tortug    	turtle                                             	            	              	spanish
           	torkit    	torque                                             	            	              	english
           	torson    	torso                                              	            	              	english
           	torxan    	torsion                                            	            	              	english
           	tudjem    	schematic                                          	tujie       	图解            	chinese
           	tuktuk    	caribou                                            	            	ᑐᒃᑐ           	inuktitut
           	tuksul    	flinch                                             	tuisuo      	退缩            	chinese
           	tukvak    	moose                                              	tuktuvak    	ᑐᒃᑐᕙᒃ         	inuktitut
           	tucnev    	set off
           	tucrik    	set up
           	turmon    	term (language)                                    	            	              	english
           	turnir    	competition                                        	turnir      	טוּרְנִיר     	hebrew
           	turfir    	interfere
           	tkslit    	rodentia                                           	tisiliit    	ᑎᓯᓖᑦ          	inuktitut
           	txiqek    	mild                                               	qīng wēi    	轻微            	chinese
           	txiqal    	jiggle                                             	qingyao     	轻摇            	chinese
           	txigam    	strange                                            	qiguai      	奇怪            	chinese
           	txigar    	odd                                                	qí guài     	奇怪            	chinese
           	txidal    	equator                                            	chì dào     	赤道            	chinese
           	txibit    	pungent                                            	cì bí       	刺鼻            	chinese
           	txipur    	chipper
           	txitak    	cheat
           	txikan    	chicken                                            	            	              	english
           	txikar    	shrill                                             	cì ěr       	刺耳            	chinese
           	txisop    	climate                                            	qihou       	气候            	chinese
           	txifug    	undulate                                           	qifu        	起伏            	chinese
           	txizit    	resign                                             	cizhi       	辞职            	chinese
           	txixib    	bias                                               	qíshì       	歧视            	chinese
           	txixam    	charity                                            	cí shàn     	慈善            	chinese
           	txilor    	minor                                              	cì yào      	次要            	chinese
           	txilun    	gear                                               	chǐ lún     	齿轮            	chinese
           	txiluk    	strategy                                           	chelue      	策略            	chinese
           	txirik    	cheer up
           	txirak    	cherry                                             	            	              	english
           	txiral    	moreover                                           	ciwai       	此外            	chinese
           	txirul    	flimsy                                             	cuì ruò     	脆弱            	chinese
           	txedik    	thorough                                           	chè dǐ      	彻底            	chinese
           	txedan    	defect                                             	quēdiǎn     	缺点            	chinese
           	txebal    	reassure                                           	quèbǎo      	确保            	chinese
           	txekut    	garage                                             	chē kù      	车库            	chinese
           	txesan    	chasten                                            	            	              	english
           	txesul    	mastermind                                         	cehua       	策划            	chinese
           	txefak    	deficient                                          	quē fá      	缺乏            	chinese
           	txanik    	migrate                                            	qiān yí     	迁移            	chinese
           	txanaq    	prospect                                           	zhanwang    	展望            	chinese
           	txanuk    	confess                                            	chanhui     	忏悔            	chinese
           	txants    	chance                                             	            	              	english
           	txaqan    	reimburse                                          	changhuan   	偿还            	chinese
           	txagut    	chug
           	txadiv    	chide
           	txadan    	menu                                               	cài dān     	菜单            	chinese
           	txabit    	chub                                               	            	              	english
           	txabeq    	differential                                       	chābié      	差别            	chinese
           	txakin    	chuck                                              	            	              	english
           	txakal    	chuckle                                            	            	              	english
           	txalat    	traverse                                           	calata      	चलति          	sanskrit
           	txalal    	material                                           	cái liào    	材料            	chinese
           	txaloq    	admit                                              	cǎiyòng     	采用            	chinese
           	txalum    	tide                                               	cháoliú     	潮流            	chinese
           	txardj    	charge (electricity)                               	            	              	english
           	txonil    	seat                                               	zuoyi       	座椅            	chinese
           	txoqul    	pet                                                	chongwu     	宠物            	chinese
           	txodat    	incite                                             	códati      	चोदति         	sanskrit
           	txolul    	excellence                                         	zhuoyue     	卓越            	chinese
           	txumik    	spring (water)                                     	            	ཆུ་མིག        	tibetan
           	txunil    	originality                                        	chuangyi    	创意            	chinese
           	txugan    	supervisor                                         	zhuguan     	主管            	chinese
           	txudiq    	ascertain                                          	queding     	确定            	chinese
           	txudet    	acquire                                            	qǔdé        	取得            	chinese
           	txudal    	channel                                            	qú dào      	渠道            	chinese
           	txubek    	reserve                                            	chǔ bèi     	储备            	chinese
           	txubal    	rowdy                                              	cū bào      	粗暴            	chinese
           	txusim    	trend                                              	qushi       	趋势            	chinese
           	txusan    	perspire                                           	chuhan      	出汗            	chinese
           	txusuk    	retrieve                                           	quhui       	取回            	chinese
           	txufin    	differentiate                                      	qufen       	区分            	chinese
           	txulik    	dispose                                            	chuli       	处理            	chinese
           	txulok    	flood                                              	            	ཆུ་ལོག        	tibetan
           	txulup    	rude                                               	cū lǔ       	粗鲁            	chinese
           	tripor    	trip (fall)
           	tritik    	treaty
           	tritex    	treat
           	triket    	extricate
           	trikut    	intricate                                          	            	              	english
           	trilol    	trial                                              	            	              	english
           	tredic    	tread
           	trekat    	trek
           	trelan    	trail                                              	            	              	english
           	tramap    	trauma                                             	            	              	english
           	trandj    	fin                                                	pterygio    	πτερύγιο      	greek
           	trants    	trance                                             	            	              	english
           	trantx    	tarnish
           	tradik    	contradict                                         	            	              	english
           	trabol    	trouble                                            	            	              	english
           	tratul    	trot
           	trasiq    	truss                                              	            	              	english
           	traval    	travel                                             	            	              	english
           	trodus    	introduce
           	trusiC    	truce                                              	            	              	english
           	kidnap    	kidnap
           	kidran    	equation                                           	            	              	english
           	kitzaf    	foam                                               	ketzef      	קֶצֶף         	hebrew
           	kitzon    	external                                           	khitzoní    	חִיצוֹנִי     	hebrew
           	kitzub    	ration                                             	ktzuba      	קְצוּבָּה     	hebrew
           	kitxam    	kitchen
           	kitrak    	kit
           	kiknev    	kick off
           	kisfim    	longing                                            	kisufim     	כִּיסּוּפִים  	hebrew
           	kivutz    	compress                                           	kivutz      	כִּיוּוּץ     	hebrew
           	kilxon    	pitchfork                                          	kilshon     	קִלְשׁוֹן     	hebrew
           	kendiq    	approve                                            	kěndìng     	肯定            	chinese
           	kedjot    	cage
           	keproC    	cape
           	ketsef    	sequence                                           	Qetsef      	רֶצֶף         	hebrew
           	ketxul    	demand                                             	keqiu       	苛求            	chinese
           	kamaqk    	comma                                              	            	              	english
           	kamars    	commerce                                           	            	              	english
           	kamorx    	commercial (tv)                                    	            	              	english
           	kamdin    	comedy                                             	            	              	english
           	kamdir    	commandeer                                         	            	              	english
           	kamban    	combine                                            	            	              	english
           	kambat    	combat
           	kampit    	compete                                            	            	              	english
           	kampir    	compare
           	kampak    	compact                                            	            	              	english
           	kampas    	compass                                            	            	              	english
           	kampal    	compile                                            	            	              	english
           	kampoz    	compose                                            	            	              	english
           	kamput    	computer
           	kamtiq    	committee                                          	            	              	english
           	kamsan    	thief                                              	chamsan     	חַמְסָן       	hebrew
           	kamran    	camera                                             	            	              	english
           	kanart    	con                                                	            	              	english
           	kandiz    	candy                                              	            	              	english
           	kandet    	candidate
           	kandam    	condemn                                            	            	              	english
           	kandon    	condone
           	kantit    	quantity
           	kanten    	contain
           	kantam    	quantity/quanta                                    	            	              	english
           	kantor    	counter
           	kankak    	concoct
           	kankur    	concur                                             	            	              	english
           	kansid    	concede                                            	            	              	english
           	kansit    	conceit                                            	            	              	english
           	kansiv    	conceive                                           	            	              	english
           	kanses    	consist                                            	            	              	english
           	kansan    	consign
           	kansal    	cancel                                             	            	              	english
           	kansoq    	baggy                                              	kuān sōng   	宽松            	chinese
           	kansol    	console
           	kansur    	connoisseur                                        	            	              	english
           	kanfig    	configure                                          	            	              	english
           	kanfan    	confine                                            	            	              	english
           	kanfad    	confide                                            	            	              	english
           	kanfat    	attitude                                           	kànfǎ       	看法            	chinese
           	kanfur    	confer                                             	            	              	english
           	kanvin    	convene                                            	            	              	english
           	kanvik    	convict
           	kanven    	convey                                             	            	              	english
           	kanvas    	canvas
           	kanzoq    	fancy                                              	kanzhong    	看中            	chinese
           	kanjur    	conjure                                            	conjurer    	              	french
           	kagnix    	cognition                                          	            	              	english
           	kagnet    	cognate                                            	            	              	english
           	kadsul    	counsel
           	kadjul    	ashamed                                            	khajôl      	خَجُوْل       	arabic
           	kabnet    	cabinet                                            	            	              	english
           	kapten    	captain                                            	            	              	english
           	kapsaz    	capsize
           	kapxam    	caption                                            	            	              	english
           	kapxur    	capture
           	kaprik    	cap                                                	            	              	english
           	kaprat    	copyright                                          	            	              	english
           	katnet    	concatenate                                        	            	              	english
           	katsek    	tip (peak)                                         	qatseh      	קָצֶה         	hebrew
           	katvun    	cut back on
           	katzav    	butcher                                            	katzav      	קַצָּב        	hebrew
           	katxip    	chip (block)
           	katlag    	catalog                                            	            	              	english
           	katloC    	catalogue
           	katrig    	accuse                                             	lekatR(e)g  	לְקַטְרֵג     	hebrew
           	kaktas    	cactus                                             	            	              	english
           	kastik    	caustic                                            	            	              	english
           	kastam    	custom                                             	            	              	english
           	kasked    	cascade
           	kafitz    	coil                                               	kfitz       	קְפִיץ        	hebrew
           	kaftor    	button                                             	kaftor      	כַּפְתּוֹר    	hebrew
           	kafkaf    	flip-flop                                          	kafkaf      	כַּפְכָּף     	hebrew
           	kazalt    	casualty
           	kaxkix    	babble                                             	lekaxk(e)x  	לְקַשְׁקֵשׁ   	hebrew
           	kacard    	coward                                             	            	              	english
           	kaledj    	college
           	kaletz    	rescue                                             	leHal(e)tz  	לְחַלֵּץ      	hebrew
           	kalnin    	colony                                             	            	              	english
           	kalpox    	kelp
           	kalkal    	economy                                            	kalkala     	כַּלְכָּלָה   	hebrew
           	kalkun    	caulk                                              	            	              	english
           	kalxaq    	oven                                               	kǎo xiāng   	烤箱            	chinese
           	karitz    	slot                                               	charitz     	חָרִיץ        	hebrew
           	karafs    	celery                                             	karafs      	كَرَفْس       	arabic
           	karmaz    	carve
           	karmac    	karma                                              	            	              	english
           	karnev    	call off
           	karnab    	cauliflower                                        	qarnabīṭ    	قَرْنَبِيط    	arabic
           	karnaf    	rhino                                              	karnaf      	קַרְנַף       	hebrew
           	karnal    	kernel                                             	            	              	english
           	karbet    	carbonate
           	karbon    	carb
           	karpit    	carpet                                             	            	              	english
           	karpuc    	keep up with
           	kartan    	carton                                             	            	              	english
           	kartoC    	character (portray)
           	karkix    	rattle                                             	lekaRk(e)x  	לְקַרְקֵשׁ    	hebrew
           	karset    	incarcerate
           	karsaq    	audience                                           	kahal       	קָהָל         	hebrew
           	karsol    	ankle                                              	karsol      	קַרְסוֹל      	hebrew
           	karfon    	cuff
           	karvat    	market                                             	karvaṭa     	कर्वट         	sanskrit
           	komind    	commend                                            	            	              	english
           	komarn    	comb (hair)
           	konduk    	conduct (electricity)                              	            	              	english
           	konsad    	coincide
           	koqdip    	vacate                                             	kòngdì      	空地            	chinese
           	kodorz    	coerce                                             	            	              	english
           	kodjiz    	caliber                                            	kǒu jìng    	口径            	chinese
           	koksat    	coax
           	kokzit    	coxeter                                            	            	              	english
           	koxant    	quotient (division)
           	kolket    	collocate                                          	            	              	english
           	koredj    	courage                                            	            	              	english
           	kornab    	corn                                               	            	              	english
           	kornar    	corner                                             	            	              	english
           	kordat    	cord                                               	chordatus   	              	latin
           	korban    	victim                                             	korban      	קוֹרְבָּן     	hebrew
           	korkaz    	cork                                               	            	              	english
           	korsiq    	currency                                           	            	              	english
           	korson    	cursor                                             	            	              	english
           	korvid    	corvid
           	korlet    	correlate                                          	            	              	english
           	kumtaj    	back down
           	kumkum    	kettle                                             	kumkum      	קוּמְקוּם     	hebrew
           	kumlet    	accumulate                                         	            	              	english
           	kumrik    	back up
           	kundal    	bowl                                               	kuṇḍa       	कुण्ड         	sanskrit
           	kusrat    	cuss
           	kuldan    	cool
           	kurant    	current (recent)                                   	            	              	english
           	kurten    	curtain                                            	            	              	english
           	kurtal    	curtail                                            	            	              	english
           	kurkan    	cook                                               	            	              	english
           	kurkul    	curriculum
           	kursuf    	artichoke                                          	ḵuršūf      	خُرْشُوف      	arabic
           	kurfus    	cringe                                             	qurfus      	قرفص          	arabic
           	klimet    	acclimate                                          	            	              	english
           	klintx    	clinch
           	klidon    	cotyledon                                          	            	              	english
           	klefan    	clef
           	klantx    	clench
           	kladod    	clod
           	klapit    	clap
           	klatur    	clatter                                            	            	              	english
           	klasik    	classic                                            	            	              	english
           	klazet    	closet                                             	            	              	english
           	klaxon    	clash
           	klalak    	curse                                              	klala       	קְלָלָה       	hebrew
           	kloCiq    	clothing                                           	            	              	english
           	kloCos    	clothe
           	klolak    	shoot                                              	likl(o)a    	לִקְלוֹעַ     	hebrew
           	klubas    	club (society)
           	krimet    	cremate                                            	            	              	english
           	krimol    	cream                                              	            	              	english
           	krinat    	buy                                                	krīṇā́ti    	क्रीणाति      	sanskrit
           	kribet    	crib
           	kripol    	cripple                                            	            	              	english
           	kritik    	critic                                             	            	              	english
           	kritak    	diacritic                                          	            	              	english
           	kriket    	cricket                                            	            	              	english
           	krikun    	creak
           	krisat    	collapse                                           	krisa       	קְרִיסָה      	hebrew
           	krilat    	frolic                                             	            	क्रीळति       	sanskrit
           	kredol    	cradle                                             	            	              	english
           	kretor    	crater                                             	            	              	english
           	kranik    	chronic                                            	            	              	english
           	krabac    	crab                                               	            	              	english
           	krapiz    	crop (cut)
           	krapoC    	crop (food)                                        	            	              	english
           	kratik    	critique                                           	            	              	english
           	krakol    	crackle                                            	            	              	english
           	kraxik    	crush
           	kralog    	crawl
           	kruzig    	cruise                                             	            	              	english
           	himars    	immerse                                            	            	              	english
           	himpak    	impact                                             	            	              	english
           	himpal    	impale
           	himtet    	imitate                                            	            	              	english
           	himsiq    	invent                                             	himtsí      	הִמְצִיא      	hebrew
           	hindat    	indict
           	hindak    	induct                                             	            	              	english
           	hindor    	hinder
           	hinten    	intend                                             	            	              	english
           	hinkar    	inquire                                            	            	              	english
           	hinkor    	incur
           	hinsis    	insist                                             	            	              	english
           	hinsab    	inhabit
           	hinsal    	inhale
           	hinfek    	infect                                             	            	              	english
           	hinfes    	interface
           	hinfur    	infer
           	hinvet    	innovate
           	hinvok    	invoke                                             	            	              	english
           	hinvos    	invoice
           	hinxal    	initial (beginning)
           	hinlaq    	inlay                                              	            	              	english
           	hiqkam    	income                                             	            	              	english
           	hiqkub    	incubate
           	hignus    	igneous                                            	            	              	english
animal     	higlan    	eagle (bird)                                       	            	              	english
           	higlut    	bed                                                	            	ᐃᒡᓕᖅ          	inuktitut
           	higruf    	fist                                               	igruf       	אִגְרוּף      	hebrew
           	hidlan    	headline                                           	            	              	english
           	hiptaz    	hypnotize                                          	            	              	english
           	hitmet    	intimate                                           	intimate    	              	english
           	hitpak    	explode                                            	lehitpak(e)a	לְהִתְפַּקֵּעַ	hebrew
           	hitkat    	ingratiate                                         	lehitHat(e) 	לְהִתְחַטֵּא  	hebrew
           	hitkaf    	spasm                                              	hetkef      	הֶתְקֵף       	hebrew
           	hitzum    	climax                                             	itzum       	עִיצּוּם      	hebrew
           	hitzuv    	design                                             	itzuv       	עִיצּוּב      	hebrew
           	hitxiq    	hitch                                              	            	              	english
           	hitrap    	recover                                            	lehitRap(e) 	לְהִתְרַפֵּא  	hebrewenglish
           	hiklar    	equal
           	hispik    	suffice                                            	hispík      	הִסְפִּיק     	hebrew
           	hiskep    	escape                                             	            	              	english
           	hivniq    	evening                                            	            	              	english
           	hiznik    	neglect                                            	hizníakh    	הִזְנִיחַ     	hebrew
           	hixpuz    	hospital                                           	ishpuz      	אִשְׁפּוּז    	hebrew
           	hixkol    	cluster                                            	eshkol      	אֶשְׁכּוֹל    	hebrew
           	hixvar    	supreme                                            	Ishvara     	ईश्वर         	sanskrit
           	hilaps    	elapse                                             	            	              	english
           	hilutz    	constrain                                          	ilutz       	אִילּוּץ      	hebrew
           	hiltac    	hesitate                                           	iltāṯa      	اِلْتَاثَ     	arabic
           	hirgat    	irrigate
           	hirdas    	iridescence                                        	            	              	english
           	hembam    	embalm
           	hempac    	empathy                                            	            	              	english
           	hendir    	endear
           	hendol    	endow                                              	            	              	english
           	hendus    	induce                                             	            	              	english
           	hentas    	entice                                             	            	              	english
           	hentot    	entitle
measurement	henrik    	henry (measurement)                                	            	              	english
           	heqkor    	anchor                                             	            	              	english
           	heqsur    	hang out
           	heqvun    	hang on
           	hegzal    	exhale
           	hegzum    	exhume
           	hegzud    	exude
           	hedriq    	aid                                                	            	              	english
           	hetxam    	yawn                                               	hē qian     	呵欠            	chinese
           	hekorn    	acorn                                              	            	              	english
           	heksat    	excite                                             	            	              	english
           	heksas    	excess                                             	            	              	english
           	heksul    	excel
           	hekrat    	acre
           	hesnop    	hail (snow)
           	hecral    	ethereal                                           	            	              	english
           	helbon    	insult                                             	elbon       	עֶלְבּוֹן     	hebrew
           	hament    	amend                                              	            	              	english
           	hamant    	amount                                             	            	              	english
           	hambas    	emboss
           	hambax    	ambush                                             	            	              	english
           	hampid    	impede
           	hampan    	hump
           	hampor    	hamper
           	hamtet    	amputate                                           	            	              	english
           	hamrid    	instigate                                          	lehamR(i)d  	לְהַמְרִיד    	hebrew
           	hanand    	bliss                                              	Ānanda      	आनन्द         	sanskrit
           	hanaks    	annex                                              	            	              	english
           	hanart    	inherit                                            	            	              	english
           	hanorx    	xnor
           	hanmik    	diminish                                           	lehanm(i)H  	לְהַנְמִיךְ   	hebrew
           	handid    	indeed                                             	            	              	english
           	handan    	bleak                                              	àn dàn      	暗淡            	chinese
           	handag    	hound
           	handav    	endeavor                                           	            	              	english
           	handur    	endure                                             	            	              	english
           	hanbal    	enable
           	hanpas    	encompass                                          	            	              	english
           	hantik    	antique                                            	            	              	english
           	hantil    	until
           	hantan    	intertwine                                         	            	              	english
           	hantal    	entail
           	hantoj    	haunt
           	hankit    	impose                                             	lehanH(i)t  	לְהַנְחִית    	hebrew
           	hanket    	antiquate                                          	            	              	english
           	hankom    	honeycomb                                          	            	              	english
           	hankod    	encode                                             	            	              	english
           	hansul    	ensue
           	hanfuz    	infuse                                             	            	              	english
           	hanvit    	envy                                               	            	              	english
           	hanvop    	envelope
           	hanzaq    	mount                                              	ānzhuāng    	安装            	chinese
           	hanxim    	resuscitate                                        	lehanx(i)m  	לְהַנְשִׁים   	hebrew
           	hanxet    	initiate
           	hanxaq    	serene                                             	anxiang     	安详            	chinese
           	hanxur    	insure                                             	            	              	english
           	hanlag    	analog
           	hanlat    	enlighten                                          	            	              	english
           	hanrol    	enroll                                             	            	              	english
           	haqgej    	engage                                             	            	              	english
           	haqkid    	honk
           	haqlek    	queue                                              	hángliè     	行列            	chinese
           	hagalx    	agriculture
           	hagnid    	agony                                              	            	              	english
           	hagbir    	boost                                              	lehagb(i)R  	לְהַגְבִּיר   	hebrew
           	hagzim    	exaggerate                                         	lehagz(i)m  	לְהַגְזִים    	hebrew
           	hagzam    	exaggeration                                       	hagzama     	הַגְזָמָה     	hebrew
           	haglid    	scar                                               	lehagl(i)d  	לְהַגְלִיד    	hebrew
           	hagrat    	fee                                                	agra        	אַגְרָה       	hebrew
           	hagrot    	hag
           	hadorn    	adorn                                              	            	              	english
           	hadorz    	adore                                              	            	              	english
           	hadmix    	admission
           	hadmar    	admire
           	hadgim    	demonstrate                                        	lehadg(i)m  	לְהַדְגִּים   	hebrew
           	hadkik    	repress                                            	lehadH(i)k  	לְהַדְחִיק    	hebrew
           	hadket    	adequate                                           	            	              	english
           	hadsak    	displacement of water by submerged body            	hedchek     	הֶדְחֵק       	hebrew
           	hadsuk    	hat
           	hadvat    	non-dual                                           	advaita     	अद्वैत        	sanskrit
           	hadvas    	advice                                             	            	              	english
           	hadzon    	odds
           	hadjin    	adjoin                                             	            	              	english
           	hadjan    	convince                                           	ḥajja       	حَجَّ         	arabic
           	hadjat    	propel                                             	            	अजति          	sanskrit
           	hadjak    	hijack                                             	            	              	english
           	hadjal    	agile                                              	            	              	english
           	hadxen    	audition                                           	            	              	english
           	hadret    	hydrate
           	hadres    	address                                            	            	              	english
           	hadron    	hadron
           	habort    	abort                                              	            	              	english
           	habnet    	hibernate
           	habdak    	abduct                                             	            	              	english
           	habtus    	obtuse                                             	            	              	english
           	habses    	obsess
           	habjur    	abjure                                             	abjurer     	              	french
           	hablix    	abolish
           	habrid    	hybrid                                             	            	              	english
           	habrop    	abrupt                                             	            	              	english
           	hapend    	append                                             	            	              	english
           	hapont    	appoint
           	hapdat    	expedite
           	haptat    	appetite                                           	            	              	english
           	haptor    	opt
           	haptud    	aptitude                                           	            	              	english
           	hapsat    	upset                                              	            	              	english
           	hapsod    	episode
           	haplan    	apply                                              	            	              	english
           	haplas    	helpless                                           	            	              	english
           	hapret    	operate                                            	            	              	english
           	haprez    	appraise                                           	            	              	english
           	hapraz    	oppose/against
           	haprut    	uproot
           	hatest    	attest                                             	            	              	english
           	hatand    	attend
           	hatgar    	challenge                                          	etgar       	אֶתְגָר       	hebrew
           	hatbil    	dip                                                	lehatb(i)l  	לְהַטְבִּיל   	hebrew
           	hatbus    	bus
           	hatkaf    	seizure (taking)                                   	hatkafa     	הַתְקָפָה     	hebrew
           	hatsap    	offer                                              	hatsa'ah    	הַצָעָה       	hebrew
           	hatvot    	outline                                            	lehatv(o)t  	לְהַתְווֹת    	hebrew
           	hatzid    	parade                                             	lehatz'(i)d 	לְהַצְעִיד    	hebrew
           	hatzir    	hay                                                	chatzir     	חָצִיר        	hebrew
           	hatzan    	cool (action)                                      	lehatz(e)n  	לְהָצֵן       	hebrew
           	hatzat    	ignite                                             	hatzata     	הַצָּתָה      	hebrew
           	hatzal    	shade                                              	lehatz(e)l  	לְהָצֵל       	hebrew
           	hatzar    	declaration                                        	hatzhara    	הַצְהָרָה     	hebrew
           	hatzum    	petition                                           	atzuma      	עֲצוּמָה      	hebrew
           	hatxik    	hatch
           	hatxiv    	achieve
           	hatxol    	cooperate                                          	hezuo       	合作            	chinese
           	hatxuq    	estuary                                            	            	              	english
           	hatlod    	outlaw
           	hatrid    	disturb                                            	lehatR(i)d  	לְהַטְרִיד    	hebrew
           	hatrib    	attribute                                          	            	              	english
           	hatrak    	attract                                            	            	              	english
           	hakant    	account                                            	            	              	english
           	hakord    	accord
           	hakniq    	subdue                                             	lehaHn(i)a  	לְהַכְנִיעַ   	hebrew
           	haknik    	choke                                              	lehaHn(i)k  	לְהַחְנִיק    	hebrew
           	hakbid    	burden                                             	lehaHb(i)d  	לְהַכְבִּיד   	hebrew
           	hakbar    	mouse                                              	achbar      	עַכְבָּר      	hebrew
           	hakbod    	hexapoda
           	hakpan    	occupy
           	haktiv    	activity
           	haktad    	tie                                                	ʿaqád       	עָקַד         	hebrew
           	haktor    	act                                                	            	              	english
           	haksim    	enchant                                            	lehaks(i)m  	לְהַקְסִים    	hebrew
           	haksid    	exceed                                             	            	              	english
           	hakses    	access                                             	            	              	english
           	haksan    	axon
           	haksal    	accelerate                                         	            	              	english
           	haksom    	axiom                                              	            	              	english
           	haksol    	axel                                               	            	              	english
           	hakvet    	activate                                           	            	              	english
math       	hakveC    	determinant (math)                                 	            	ákveða        	icelandic
           	hakxiv    	esteem                                             	lehaHx(i)v  	לְהַחְשִׁיב   	hebrew
           	hakxaz    	actualize                                          	            	              	english
           	hakxar    	imperishable                                       	akshara     	अक्षर         	sanskrit
           	hakxun    	auction                                            	            	              	english
           	hakliv    	staple (action)                                    	lehaHl(i)v  	לְהַכְלִיב    	hebrew
           	haklem    	acclaim                                            	            	              	english
           	haklat    	resolution                                         	hachlata    	הַחְלָטָה     	hebrew
           	haklud    	occlude
           	hakret    	accurate
           	hakrad    	awkward                                            	            	              	english
           	hakrav    	scorpion                                           	akrav       	עַקְרָב       	hebrew
           	hakrun    	accrue                                             	            	              	english
           	hasend    	ascend                                             	            	              	english
           	hasamp    	assemble
           	hasalt    	assault
           	hasgar    	closure                                            	hesger      	הֶסְגֵּר      	hebrew
           	hasdir    	resolve                                            	lehasd(i)R  	לְהַסְדִּיר   	hebrew
           	haspex    	especially                                         	            	              	english
           	haspot    	expert                                             	            	              	english
           	haspur    	aspire                                             	            	              	english
           	hastek    	oust
           	haskim    	consent                                            	lehask(i)m  	לְהַסְכִּים   	hebrew
           	haskit    	husk
           	haslim    	escalate                                           	lehasl(i)m  	לְהַסְלִים    	hebrew
           	hasram    	ridiculous                                         	            	हास्य         	sanskrit
           	hasrat    	film (video)                                       	hasrata     	הַסְרָטָה     	hebrew
           	hafiks    	affix                                              	            	              	english
           	hafend    	offend                                             	            	              	english
           	hafenz    	offence                                            	            	              	english
           	haform    	affirm
           	hafort    	effort                                             	            	              	english
           	hafnot    	refer                                              	lehafn(o)t  	לְהַפְנוֹת    	hebrew
           	hafbet    	alphabet                                           	            	              	english
           	haftir    	exempt                                             	lehaft(i)R  	לְהַפְטִיר    	hebrew
           	hafkid    	deposit                                            	lehafk(i)d  	לְהַפְקִיד    	hebrew
           	hafkir    	forfeit                                            	lehafk(i)R  	לְהַפְקִיר    	hebrew
           	hafkes    	efficacy                                           	            	              	english
           	hafsat    	offset
           	hafxir    	thaw                                               	lehafx(i)R  	לְהַפְשִׁיר   	hebrew
           	haflik    	afflict                                            	            	              	english
           	haflet    	affiliate                                          	            	              	english
           	haflot    	discriminate                                       	lehafl(o)t  	לְהַפְלוֹת    	hebrew
           	hafrid    	afford
           	havort    	avert                                              	            	              	english
           	havtak    	ensure                                             	lehavt(i)aH 	לְהַבְטִיחַ   	hebrew
           	havkin    	distinguish                                        	lehavH(i)n  	לְהַבְחִין    	hebrew
           	havlit    	highlight                                          	lehavl(i)t  	לְהַבְלִיט    	hebrew
           	havriz    	shirk                                              	lehavR(i)z  	לְהַבְרִיז    	hebrew
           	havrix    	brush                                              	lehavR(i)x  	לְהַבְרִישׁ   	hebrew
           	hazmin    	invite                                             	lehazm(i)n  	לְהַזְמִין    	hebrew
           	hazman    	invitation                                         	hazmana     	הַזְמָנָה     	hebrew
           	hazkir    	remind                                             	lehazk(i)R  	לְהַזְכִּיר   	hebrew
           	hazlif    	sprinkle                                           	lehazl(i)f  	לְהַזְלִיף    	hebrew
           	hazrik    	inject                                             	lehazR(i)k  	לְהַזְרִיק    	hebrew
           	haxitz    	reproduce                                          	lehaxR(i)tz 	לְהַשְׁרִיץ   	hebrew
           	haxaps    	inspiration                                        	hashra'a    	הַשְׁרָאָה    	hebrew
           	haxmit    	omit                                               	lehaxm(i)t  	לְהַשְׁמִיט   	hebrew
           	haxmad    	extermination                                      	hashmada    	הַשְׁמָדָה    	hebrew
           	haxpak    	influence                                          	hashpa'a    	הַשְׁפָּעָה   	hebrew
           	haxpal    	humiliation                                        	hashpala    	הַשְׁפָּלָה   	hebrew
           	haxtil    	transplant                                         	lehaxt(i)l  	לְהַשְׁתִּיל  	hebrew
           	haxlim    	reconcile                                          	lehaxl(i)m  	לְהַשְׁלִים   	hebrew
           	haxlak    	implication                                        	hashlacha   	הַשְׁלָכָה    	hebrew
           	haxrix    	implant                                            	lehaxR(i)x  	לְהַשְׁרִישׁ  	hebrew
           	hacket    	authenticate                                       	            	              	english
           	haclit    	athlete                                            	            	              	english
           	haland    	island                                             	            	              	english
           	haladj    	allege                                             	            	              	english
           	halask    	ayahuasca                                          	            	              	english
           	halark    	luxury                                             	háo huá     	豪华            	chinese
           	halorg    	allow
           	halord    	award                                              	            	              	english
           	halmor    	helm
           	halnet    	alternate                                          	            	              	english
           	halgex    	allegation
           	halgor    	allegory                                           	            	              	english
           	halbon    	protein                                            	chelbon     	חֶלְבּוֹן     	hebrew
           	halpen    	help                                               	            	              	english
           	halpan    	span
           	haltor    	alter
           	haltur    	moonlighting                                       	chaltura    	חַלְטוּרָה    	hebrew
           	halket    	allocate                                           	            	              	english
           	halkal    	alcohol
           	halvon    	hallow
           	halciq    	health                                             	            	              	english
           	haritz    	tyrant                                             	aritz       	עָרִיץ        	hebrew
           	harest    	arrest                                             	            	              	english
           	harand    	errand                                             	            	              	english
           	harats    	country                                            	eretz       	אֶרֶץ         	hebrew
           	haratx    	auroch                                             	            	              	english
           	harutz    	ravine                                             	arutz       	עָרוּץ        	hebrew
           	harnak    	purse                                              	arnak       	אַרְנָק       	hebrew
           	hargiz    	irritate                                           	lehaRg(i)z  	לְהַרְגִּיז   	hebrew
           	hargal    	habit                                              	hergel      	הֶרְגֵּל      	hebrew
           	harbor    	harbor
           	hartiq    	discourage                                         	lehaRt(i)a  	לְהַרְתִּיעַ  	hebrew
           	hartak    	architect
           	hartaj    	heritage                                           	            	              	english
           	harkiq    	hierarchy                                          	            	              	english
           	harked    	arcade                                             	            	              	english
           	harkun    	argue
           	harfat    	artifact (museum object)                           	            	              	english
animal     	harvik    	whale                                              	arviq       	ᐊᕐᕕᖅ          	inuktitut
           	harxim    	impress                                            	lehaRx(i)m  	לְהַרְשִׁים   	hebrew
           	harxam    	registration                                       	harshama    	הַרְשָׁמָה    	hebrew
           	harxak    	conviction                                         	harsha'a    	הַרְשָׁעָה    	hebrew
           	harcas    	planet earth                                       	            	              	english
           	harCur    	rigorous                                           	            	harður        	icelandic
           	harlig    	early                                              	            	              	english
           	hoqnev    	hold off
           	hoqvun    	hold on
           	hoblik    	oblique                                            	            	              	english
           	hopres    	oppress                                            	            	              	english
           	hotrut    	oat
           	hoksip    	hoax
           	hostik    	osteichthyes
           	hostan    	host                                               	            	              	english
           	hostar    	hoist
           	hovxad    	overshadow                                         	            	              	english
           	hocrak    	oath
           	holast    	last (staying)                                     	            	              	english
           	holzem    	latter                                             	hòu zhě     	后者            	chinese
           	hornit    	wasp                                               	            	              	english
           	horgan    	organic                                            	            	              	english
           	horden    	ordain
           	horbot    	orb
           	horfan    	orphan                                             	            	              	english
           	horfad    	horrify
           	horlig    	hurl
           	humlet    	humiliate
           	hunmat    	frantic                                            	            	उन्मत्त       	sanskrit
           	hunlit    	wedding                                            	hūn lǐ      	婚礼            	chinese
           	huqgat    	aunt/uncle
           	hudjun    	huge                                               	            	              	english
           	hubtan    	obtain                                             	            	              	english
           	huprat    	upright                                            	            	              	english
           	hutxit    	accustom                                           	ucitá       	उचित          	sanskrit
           	hutxik    	train (car)                                        	huoche      	火车            	chinese
           	hutxuk    	fetch                                              	huoqu       	获取            	chinese
           	huksuk    	blubber                                            	            	ᐅᖅᓱᖅ          	inuktitut
           	huforn    	hoof
           	huvkan    	diagnose                                           	uv'khán     	אֻבְחַן       	hebrew
           	hurast    	heuristic                                          	            	              	english
           	hurmat    	hermit                                             	            	              	english
           	hurdor    	hood (cover)
           	simbos    	symbiosis                                          	            	              	english
           	simten    	simultaenous                                       	            	              	english
           	simtot    	asymptote                                          	            	              	english
           	simlat    	assimilate                                         	            	              	english
           	simlar    	similar                                            	            	              	english
           	siqket    	syncopate                                          	            	              	english
           	sigrat    	swig
           	sigroC    	cigarette                                          	            	              	english
           	sidjan    	obsidian
           	siptat    	precipitate                                        	            	              	english
           	sipran    	seep
           	sipras    	cypress                                            	            	              	english
           	sitark    	sweater
           	sitxet    	situate                                            	            	              	english
           	sikent    	subsequent
           	sistor    	sister
           	sifnik    	symphony
           	siladj    	bush                                               	siach       	שִׂיחַ        	hebrew
           	siltan    	silt
           	sirtun    	carcinogenesis                                     	sirtun      	סִירְטוּן     	hebrew
           	sirkut    	circuit                                            	            	              	english
           	semnar    	seminar
           	sembal    	resemble                                           	            	              	english
           	senxur    	censure                                            	            	              	english
           	sedjun    	sage (plant)
plant      	seprad    	sap (tree)                                         	            	              	english
           	setras    	citrus                                             	            	              	english
           	sekxam    	section                                            	            	              	engllsh
           	sekrad    	sacred                                             	            	              	english
           	sevors    	sever                                              	            	              	english
           	samolt    	simultaneous
           	samtan    	wholesome                                          	śáṃtanu     	शंतनु         	sanskrit
           	samsar    	course                                             	saṃsāra     	संसार         	sanskrit
           	samlar    	shock                                              	lesamR(e)R  	לְסַמְרֵר     	hebrew
           	samriq    	summary                                            	            	              	english
           	santig    	scent                                              	            	              	english
           	santor    	saunter
           	sansiv    	sensitive                                          	            	              	english
           	sanzaq    	bulk                                               	sǎn zhuāng  	散装            	chinese
           	sanrik    	sign up
           	saqkat    	suspect                                            	            	शङ्कते        	sanskrit
           	sagsig    	prosper                                            	lesags(e)g  	לְשַׂגְשֵׂג   	hebrew
           	sadjam    	equipment                                          	            	सज्जा         	sanskrit
           	sadjad    	bow down in respect                                	sajada      	سَجَدَ        	arabic
           	sadlan    	sideline                                           	            	              	english
           	sadran    	steward                                            	sadran      	סַדְרָן       	hebrew
           	sabmis    	submissive                                         	            	              	english
           	sabdiv    	subdivide
           	sabtut    	substitute
           	sabsid    	subsidy                                            	            	              	english
           	sabsad    	subside                                            	            	              	english
           	sabzum    	subsume                                            	            	              	english
           	sabrag    	sob
           	saport    	support                                            	            	              	english
           	saplan    	supply                                             	            	              	english
           	sapres    	suppress                                           	            	              	english
           	sapraz    	surprise                                           	            	              	english
           	satras    	saturn                                             	            	              	english
           	sakort    	saw (cut)
           	saksin    	spectate                                           	sākṣin      	साक्षिन्      	sanskrit
           	saksid    	succeed (come next)
           	saklud    	seclude                                            	            	              	english
           	sakrit    	secrete                                            	            	              	english
           	sakran    	intrigue                                           	lesakR(e)n  	לְסַקְרֵן     	hebrew
           	sasnet    	assassinate                                        	            	              	english
           	safiks    	suffix                                             	            	              	english
           	safket    	suffocate
           	safsir    	speculate                                          	lesafs(e)R  	לְסַפְסֵר     	hebrew
           	safsal    	bench                                              	safsal      	סַפְסָל       	hebrew
           	safran    	saffron                                            	            	              	english
           	savant    	savant                                             	            	              	english
           	savadj    	savage                                             	            	              	english
           	savurt    	subvert                                            	            	              	english
           	savral    	several                                            	            	              	english
           	saldom    	seldom                                             	            	              	english
           	saltir    	solitary                                           	            	              	english
           	saltak    	salt                                               	            	              	english
           	salken    	silk                                               	            	              	english
           	salvex    	salvation                                          	            	              	english
           	salriq    	salary                                             	            	              	english
           	sarned    	serenade                                           	            	              	english
           	sardan    	sardonic                                           	            	              	english
           	sarpam    	creep                                              	            	सर्प          	sanskrit
           	sarvan    	entire                                             	sárva       	सर्व          	sanskrit
           	sarvom    	swerve                                             	            	              	english
           	sotxat    	gleam                                              	śocati      	शोचति         	sanskrit
           	solsit    	solicit
           	sorsis    	exorcise                                           	            	              	english
           	sumran    	sum (addition)
           	sundar    	charming                                           	sundara     	सुन्दर        	sanskrit
           	sudjil    	stochastic                                         	suiji       	随机            	chinese
           	sublat    	sublet
           	supmaz    	supervise                                          	            	              	english
           	sukort    	sue
           	sulsin    	trivial                                            	suǒ suì     	琐碎            	chinese
           	surmaz    	surmise                                            	            	              	english
           	surget    	surrogate                                          	            	              	english
           	surpaz    	surpass
           	surfas    	face (surface)                                     	            	              	english
           	survav    	survive                                            	            	              	english
           	smitin    	reminiscient                                       	smṛ́ti      	स्मृति        	sanskrit
           	smegol    	smuggle                                            	            	              	english
           	smagon    	smug
           	smatik    	smite
           	smaCur    	smother
           	smuCig    	smooth                                             	            	              	english
           	snikor    	snicker                                            	            	              	english
           	snirin    	sneer
           	sniriq    	sneer                                              	            	              	english
           	snagit    	snug
           	snagol    	snuggle
           	snabet    	snob
           	snapon    	snipe                                              	            	              	english
           	snatat    	pierce                                             	            	श्नथति        	sanskrit
           	snakig    	snack
           	snariq    	snare (trap)                                       	            	              	english
           	snogat    	snag
           	snorag    	snore
           	snufil    	snuff                                              	            	              	english
           	spisis    	species                                            	            	              	english
           	spilax    	spill
           	spiran    	spear
           	spirad    	spearhead                                          	            	              	english
           	spirud    	contest                                            	            	स्पृध्        	sanskrit
           	spekul    	speckle
           	spaniq    	spawn                                              	            	              	english
           	spanak    	spy
animal     	spandj    	sponge (animal)                                    	            	              	english
           	spatol    	spot
           	spatur    	spatter
           	spafan    	specify                                            	            	              	english
           	sparot    	spar
           	spolag    	spoil
           	spuran    	spur
           	spurat    	throb                                              	            	स्फुरति       	sanskrit
           	spland    	splendor                                           	            	              	english
           	sprant    	sprint                                             	            	              	english
           	stiqiv    	sting
           	stipik    	steep
           	stiCur    	truncate                                           	            	stýfður       	icelandic
           	stilaq    	still
           	stirat    	stability                                          	sthiratā    	स्थिरता       	sanskrit
           	stiral    	sterile                                            	            	              	english
           	steman    	stem
           	stevat    	stave
           	stexon    	station                                            	            	              	english
           	stelan    	stale                                              	            	              	english
           	stamor    	stammer                                            	            	              	english
           	staniq    	stunning                                           	            	              	english
           	stanix    	astonish                                           	            	              	english
           	stanev    	send off
           	stanat    	reverberate                                        	            	स्तनति        	sanskrit
           	stagur    	stagger                                            	            	              	english
           	stabol    	stubble                                            	            	              	english
           	stapal    	pomegranite                                        	satphala    	सत्फल         	sanskrit
           	stator    	stationary                                         	sthātṛ      	स्थातृ        	sanskrit
           	stakiq    	stalk                                              	            	              	english
           	stakip    	stocky (build)                                     	stocky      	              	english
           	stafol    	stifle                                             	            	              	english
           	stavar    	steady                                             	            	स्थावर        	sanskrit
           	staxig    	stash                                              	            	              	english
           	starak    	stare
           	stomat    	stomata                                            	            	              	english
           	stolik    	stoic                                              	            	              	english
           	stuCul    	coefficient                                        	            	stuðull       	icelandic
           	strand    	strand                                             	            	              	english
           	skiniq    	ski
           	skilin    	squeal                                             	            	              	english
           	sketar    	skate
math       	skelar    	scalar (math)                                      	            	              	english
           	skamok    	scum (muck)
           	skanit    	scan
           	skabut    	scab
           	skateg    	squat
           	skatul    	scuttle
           	skafad    	scoff                                              	            	              	english
           	skalod    	scowl
           	skoCun    	opinion                                            	            	skoðun        	icelandic
           	skoriq    	scurry                                             	            	              	english
           	skoral    	squirrel
           	skritx    	screech
           	skratx    	scratch                                            	            	              	english
           	svivon    	spinning top                                       	svivon      	סְבִיבוֹן     	hebrew
           	sviCam    	roast                                              	            	svíða         	icelandic
           	svagam    	welcome                                            	svāgama     	स्वागम        	sanskrit
           	svadan    	flavor                                             	            	स्वाद         	sanskrit
           	svaduq    	grape/berry                                        	svādú       	स्वादु        	sanskrit
           	sliqaj    	sling
           	slisan    	pardon                                             	slicha      	סְלִיחָה      	hebrew
           	slents    	silence
           	sledat    	sled
           	sletoC    	slate
           	slekuv    	consecutive                                        	            	              	english
           	sleCiq    	slay
           	slagat    	boast                                              	            	श्लाघते       	sanskrit
           	slagor    	swagger                                            	            	              	english
           	sladal    	swaddle                                            	            	              	english
           	slator    	slaughter                                          	            	              	english
           	slasiz    	slice
           	slaxiz    	slosh                                              	            	              	english
           	slaraz    	slur
           	slunik    	swoon                                              	            	              	english
           	slunap    	slew
           	srilas    	sale
           	srotas    	current (river)                                    	            	स्रोतस्       	sanskrit
           	fintav    	definitive                                         	            	              	english
           	finsup    	incinerate                                         	fenhua      	焚化            	chinese
           	fiqgor    	finger                                             	            	              	english
           	fiqdug    	poise                                              	fengdu      	风度            	chinese
           	fidjik    	fidget                                             	            	              	english
           	fitxir    	fantastic                                          	feichi      	飞驰            	chinese
           	fistan    	feast
           	fiClat    	violin                                             	            	fiðla         	icelandic
           	filmat    	film (residue)
plant      	filfil    	pepper (vegetable)                                 	filfil      	فِلْفِل       	arabic
           	fendac    	fend
           	fendul    	struggle                                           	fèndòu      	奋斗            	chinese
           	fentik    	faint
           	fensan    	diffract                                           	fēnsàn      	分散            	chinese
           	fenxip    	analysis                                           	fēnxī       	分析            	chinese
           	fenlaq    	heft                                               	fèn liàng   	分量            	chinese
           	feqmin    	honey                                              	fengmi      	蜂蜜            	chinese
           	feqget    	signature                                          	fēnggé      	风格            	chinese
           	fedjul    	fad
           	fedret    	federate                                           	            	              	english
           	fetxaq    	extraordinary                                      	fēicháng    	非常            	chinese
           	fevrat    	favorite                                           	            	              	english
animal     	fezant    	pheasant                                           	            	              	english
           	fambol    	fumble                                             	            	              	english
           	fandic    	found
           	fandex    	foundation                                         	            	              	english
           	fandal    	magnify                                            	fangda      	放大            	chinese
           	fanteq    	writhe                                             	fān téng    	翻腾            	chinese
           	fantan    	rebound                                            	fǎntán      	反弹            	chinese
           	fantom    	phantom                                            	            	              	english
           	fansik    	fantasy
           	fansur    	find out
           	fanfev    	fan (favorite)
           	faqmul    	graze                                              	fangmu      	放牧            	chinese
           	faqguk    	foul                                               	fanggui     	犯规            	chinese
           	faqdud    	demeanor                                           	fengdu      	风度            	chinese
           	faqban    	handy                                              	fāng biàn   	方便            	chinese
           	faqzik    	deter                                              	fángzhǐ     	防止            	chinese
           	faqxaq    	aroma                                              	fāng xiāng  	芳香            	chinese
           	fadjat    	fudge
plant      	fadjal    	radish (vegetable)                                 	al-fajal    	الفجل         	arabic
           	fabrik    	fabric                                             	            	              	english
           	fatorn    	factory                                            	            	              	english
           	fatzot    	compensate                                         	lefatz(o)t  	לְפַצּוֹת     	hebrew
           	faksoC    	fax
           	fastet    	facilitate                                         	            	              	english
plant      	faslam    	bean (vegetable)                                   	fasulya     	فاصوليا       	arabic
           	faxpix    	rummage                                            	lefaxp(e)x  	לְפַשְׁפֵּשׁ  	hebrew
           	faltor    	falter
           	falkan    	falcon                                             	            	              	english
           	falsit    	fallacy                                            	            	              	english
           	falsan    	file (sand)
           	falfil    	fulfil
           	farmiq    	farm (activity)
           	farbix    	refurbish
           	farpir    	twitch                                             	lefaRp(e)R  	לְפַרְפֵּר    	hebrew
           	farkis    	squirm                                             	lefaRk(e)s  	לְפַרְכֵּס    	hebrew
           	farsim    	publish                                            	lefaRs(e)m  	לְפַרְסֵם     	hebrew
           	fomant    	foment
           	fonten    	fountain                                           	            	              	english
           	fostat    	foist
           	foxdol    	foreshadow                                         	            	              	english
           	foledj    	foliage                                            	            	              	english
           	folnam    	foil
           	folsur    	fill out
           	folfil    	fulfill
           	folras    	fill in
animal     	formik    	ant
           	formag    	former                                             	            	              	english
           	format    	format                                             	            	              	english
           	formal    	formal                                             	            	              	english
           	forgiv    	forgive                                            	            	              	english
           	forgok    	forgo                                              	            	              	english
           	fordal    	ford
           	forkov    	fork
           	forsiC    	foresee
           	forCor    	further
           	forCun    	makeup                                             	            	förðun        	icelandic
           	fumget    	fumigate
           	furnis    	furnace
           	furnaq    	fern
           	flidan    	flee
           	flibur    	flea
           	flitiq    	fleeting                                           	            	              	english
           	flikot    	flick
           	flebar    	ebb
           	flekiC    	flake
           	flesiq    	flay
           	flanaq    	flaw                                               	            	              	english
           	fladur    	flatter
           	flaboz    	flab
           	flapan    	flap
           	flaxik    	flashy                                             	            	              	english
           	flogem    	phloem                                             	            	              	english
           	flogat    	flog
plant      	flopad    	pod (flower)
           	florix    	flourish
           	fluman    	butterfly
           	flutan    	flute                                              	            	              	english
           	fretip    	fret (get upset)
           	fretak    	fret
           	freCin    	frost                                              	            	freðinn       	icelandic
           	freliq    	fray
           	vinkak    	lemming                                            	avinnqaq    	ᐊᕕᙵᖅ          	inuktitut
           	vidjan    	young                                              	vijana      	              	swahili
           	vikram    	pace                                               	vikrama     	विक्रम        	sanskrit
           	visret    	vociferate                                         	            	              	english
           	viladj    	village
           	viralm    	overwhelm
           	ventaz    	vent
           	vental    	eventual
           	venret    	venerate                                           	            	              	english
math       	vektar    	vector (math)                                      	            	              	english
           	vestan    	vest (let sit)
           	vampir    	vampire                                            	            	              	english
           	vantaj    	advantage                                          	            	              	english
           	vagron    	vine
           	vapret    	evaporate
           	vatzir    	reinforce                                          	levatz(e)R  	לְבַצֵּר      	hebrew
           	vatlaz    	revitalize                                         	            	              	english
           	vaksin    	vaccine                                            	            	              	english
           	vakrin    	crooked                                            	vakrin      	वक्रिन्       	sanskrit
           	vastav    	genuine                                            	vAstava     	वास्तव        	sanskrit
           	valnas    	venus                                              	            	              	english
           	valdet    	validate
           	valbal    	confuse                                            	levalb(e)l  	לְבַלְבֵּל    	hebrew
           	valtir    	volunteer
           	valtov    	vault
           	varnix    	varnish                                            	            	              	english
           	vardik    	verdict                                            	            	              	english
           	vardat    	elevate                                            	várdhati    	वर्धति        	sanskrit
           	varxon    	variation                                          	            	              	english
           	volgar    	vulgar                                             	            	              	english
           	voldor    	folder                                             	            	              	english
           	volkan    	volcano                                            	volcano     	              	english
           	vorbal    	verbal
           	vortak    	vortex                                             	            	              	english
           	vortaz    	advertise                                          	            	              	english
           	vorjan    	version
           	vorxol    	virtual
           	vucrik    	catch up
animal     	vulpes    	fox                                                	vulpes      	              	latin
           	vramat    	stop                                               	            	विराम         	sanskrit
           	vranan    	sore                                               	vraṇa       	व्रण          	sanskrit
           	zimzum    	contraction                                        	            	צמצום         	hebrew
           	zindaq    	oscillate                                          	zhendang    	振荡            	chinese
           	zigzag    	zigzag
           	zidjek    	direct (immediate)                                 	zhíjiē      	直接            	chinese
           	zidjul    	sentience                                          	zhijue      	知觉            	chinese
           	ziprat    	zip
           	zikxur    	philosophy                                         	zhexue      	哲学            	chinese
           	zizant    	representative
           	zilant    	resilient                                          	            	              	english
           	zenton    	monotone
           	zenxip    	authentic                                          	zhēn shí    	真实            	chinese
           	zeqdul    	scramble                                           	zhengduo    	争夺            	chinese
           	zeqzit    	politics                                           	zhèngzhì    	政治            	chinese
           	zeqzik    	integrity                                          	zhengzhi    	正直            	chinese
           	zeqzam    	flounder                                           	zhēngzhá    	挣扎            	chinese
           	zetzol    	pucker                                             	zhezhou     	皱褶            	chinese
           	zestok    	zest                                               	            	              	english
           	zampol    	example                                            	            	              	english
           	zamrar    	fright                                             	letzamR(e)R 	לְצַמְרֵר     	hebrew
           	zanzim    	transpose                                          	zhuanzhi    	转置            	chinese
           	zanzeq    	war                                                	zhàn zhēng  	战争            	chinese
           	zanlan    	exhibit                                            	zhanlan     	展览            	chinese
           	zanret    	exonerate
           	zaqkan    	scene                                              	zhuàngkuàng 	状况            	chinese
           	zaqlip    	funeral                                            	zàng lǐ     	葬礼            	chinese
           	zadjim    	acrobat                                            	zá jì       	杂技            	chinese
           	zakgal    	lousy                                              	zaogao      	糟糕            	chinese
           	zaklan    	beard                                              	zakan       	זָקָן         	hebrew
           	zasbet    	exacerbate                                         	            	              	english
           	zalzek    	marsh (land)                                       	zhaoze      	沼泽            	chinese
           	zalret    	exhilarate
           	zondak    	crucial                                            	zhòngdà     	重大            	chinese
           	zonsur    	zone out
           	zonlaq    	weight                                             	zhòng liàng 	重量            	chinese
           	janrat    	degenerate                                         	            	              	english
           	jaktor    	chat                                               	jacter      	              	french
           	jasten    	joust                                              	joute       	              	french
           	jontif    	contiguous                                         	jointif     	              	french
           	jontal    	gentle
           	jonxar    	scatter                                            	joncher     	              	french
           	joqkil    	daffodil                                           	jonquille   	              	french
           	junral    	general                                            	            	              	english
           	juptas    	jupiter                                            	            	              	english
           	xikdam    	chic
           	xikvan    	level                                              	shichva     	שִׁכְבָה      	hebrew
           	xistok    	schist                                             	            	              	english
           	xivral    	shrivel                                            	            	              	english
           	xambol    	shamble                                            	            	              	english
           	xampen    	champagne
           	xanlaq    	hearty                                             	shuǎng lǎng 	爽朗            	chinese
           	xaqdal    	anticipate                                         	xiǎngdào    	想到            	chinese
           	xaqfaq    	counterpart                                        	shuangfang  	对方            	chinese
           	xaqzaq    	twiddle                                            	xuanzhuan   	旋转            	chinese
           	xagrir    	envoy                                              	shagrir     	שַׁגְרִיר     	hebrew
           	xadist    	shroud
           	xadrig    	upgrade                                            	lexadR(e)g  	לְשַׁדְרֵג    	hebrew
           	xabitz    	assign                                             	lexab(e)tz  	לְשַׁבֵּץ     	hebrew
           	xapetz    	renovate                                           	lexap(e)tz  	לְשַׁפֵּץ     	hebrew
           	xapord    	shepherd                                           	            	              	english
           	xaprat    	shop
           	xatxuk    	sag                                                	xiachui     	下垂            	chinese
           	xakzir    	restore                                            	lexaHz(e)R  	לְשַׁחְזֵר    	hebrew
           	xakran    	wheel                                              	cakra       	चक्र          	sanskrit
           	xaskur    	ask out
           	xalxam    	lily                                               	shoshan     	שׁוֹשָׁן      	hebrew
           	xalren    	villain                                            	xiǎo rén    	小人            	chinese
           	xarotz    	infest                                             	lixR(o)tz   	לִשְׁרוֹץ     	hebrew
           	xopsak    	dashing                                            	xiaosa      	潇洒            	chinese
           	xolgoq    	handmade                                           	shǒu gōng   	手工            	chinese
           	xoldal    	receipt                                            	shōudào     	收到            	chinese
           	xolxip    	punctual                                           	shǒu shí    	守时            	chinese
           	xolrik    	show up
           	xuntat    	shun
           	xunlan    	drill (training)                                   	xùnliàn     	训练            	chinese
           	xunrax    	shoe                                               	            	              	english
           	xudjan    	trim                                               	xiū jiǎn    	修剪            	chinese
           	xubtuk    	slump                                              	shuaitui    	衰退            	chinese
           	xutxik    	shame                                              	xiū chǐ     	羞耻            	chinese
           	xutxuq    	export                                             	shūchū      	输出            	chinese
           	xulrul    	debilitate                                         	xuruo       	虚弱            	chinese
           	xninan    	wit                                                	shnina      	שְׁנִינָה     	hebrew
           	xkidaq    	persevere                                          	shkida      	שְׁקִידָה     	hebrew
           	xkilaq    	consider                                           	shkila      	שְׁקִילָה     	hebrew
           	xlikut    	mission                                            	shlichut    	שְׁלִיחוּת    	hebrew
           	xlegal    	schlegel                                           	            	              	english
           	xredat    	shred                                              	            	              	english
           	cimrak    	theme                                              	            	              	english
           	cintan    	thin
           	citarq    	get along
           	cistut    	institute                                          	            	              	english
           	cislas    	unless
           	centor    	short
           	ceksaz    	excise                                             	            	              	english
           	cespaz    	espouse                                            	            	              	english
           	camput    	impute
           	canmex    	enmesh
           	candor    	thunder                                            	thunder     	              	english
           	canlez    	analyze                                            	            	              	english
           	cadruq    	thud
           	capold    	uphold                                             	            	              	english
           	capmaz    	optimize                                           	            	              	english
           	catmet    	automate                                           	            	              	english
           	catmaz    	itemize
           	catxar    	chair                                              	            	              	english
           	carkat    	bargain                                            	            	þjarka        	icelandic
           	carkav    	archive                                            	            	              	english
           	covkam    	overcome                                           	            	              	english
           	covluk    	overlook                                           	            	              	english
           	cornam    	thorn                                              	            	þorn          	icelandic
           	cortin    	authority
           	cugram    	gap                                                	ṯuḡra       	ثُغْرَة       	arabic
           	cukbat    	hollow                                             	ṯuqba       	ثُقْبَة       	arabic
           	cuvorz    	reverse
           	crilag    	thrill                                             	            	              	english
           	cretan    	threaten
           	crelak    	toil                                               	            	þræla         	icelandic
           	cradiq    	thread
           	cratol    	throttle
           	craxak    	thrash
           	craxol    	threshold                                          	            	              	english
           	cronam    	throne                                             	            	              	english
           	cropod    	arthropod                                          	            	              	english
           	crumag    	thrum
           	crugal    	nonsense (rubbish)                                 	            	þrugl         	icelandic
           	wimpur    	whimper
           	windol    	window
           	wintar    	winter                                             	            	              	english
           	wiqkis    	wink
           	widjet    	widget                                             	            	              	english
           	wipraz    	cry
           	witnes    	witness                                            	            	              	english
           	wikzaq    	disguise                                           	weizhuang   	伪装            	chinese
           	wispur    	whisper                                            	            	              	english
           	wiskac    	whisk
           	wicold    	withhold                                           	            	              	english
           	wicral    	withdraw
           	wildur    	bewilder                                           	            	              	english
           	wenzoq    	sedate                                             	wenzhong    	稳重            	chinese
           	wenxun    	meek                                               	wenshun     	温顺            	chinese
           	wenrol    	tender                                             	wenrou      	温柔            	chinese
           	wedjim    	wage
           	wedjip    	critical                                           	wēi jí      	危急            	chinese
           	wedjar    	wager
           	wedjun    	hypocrite                                          	weijunzi    	伪君子           	chinese
           	wedrag    	wade                                               	            	              	english
           	webrat    	web
           	wekand    	wack
           	westit    	waste
           	weskar    	whisker                                            	            	              	english
           	wandor    	wonder                                             	            	              	english
           	wantin    	teen                                               	            	              	english
           	wanzeq    	intact                                             	wánzhěng    	完整            	chinese
           	waqgoq    	staff                                              	yuán gōng   	员工            	chinese
           	waqgul    	stubborn                                           	wangu       	顽固            	chinese
           	waqpal    	trump                                              	wangpai     	王牌            	chinese
           	wadjiz    	wedge
           	wadrun    	wad
           	waksan    	wax
           	wakxaq    	extrovert                                          	wài xiàng   	外向            	chinese
           	waCsul    	bay
           	waltal    	coat                                               	wài tào     	外套            	chinese
           	warbol    	warble                                             	            	              	english
           	warpot    	warp
           	wartiq    	warranty                                           	            	              	english
           	warkus    	oak                                                	quercus     	              	latin
           	woCran    	whether
           	wolban    	buddy                                              	huǒ bàn     	伙伴            	chinese
           	worint    	warrant                                            	            	              	english
           	wornuc    	warn                                               	            	              	english
           	wundun    	wound                                              	            	              	english
           	wutxam    	lunch                                              	wǔ cān      	午餐            	chinese
           	wutxuk    	vapid                                              	wú qù       	无趣            	chinese
           	wurlig    	whirl
           	limpat    	smear                                              	            	लिम्पति       	sanskrit
           	linant    	lenient                                            	            	              	english
           	linadj    	lineage                                            	            	              	english
           	linmar    	courtesy                                           	limao       	礼貌            	chinese
           	lintaf    	lynch
           	linset    	stingy                                             	lìn sè      	吝啬            	chinese
           	linsek    	miserly                                            	lìn sè      	吝啬            	chinese
           	linfat    	lean (fat)
           	linzol    	drip                                               	linz(o)l    	לִנְזוֹל      	hebrew
           	linxik    	temporary                                          	linshi      	临时            	chinese
           	liqkax    	relinquish
           	liqsul    	nimble                                             	líng huó    	灵活            	chinese
           	liqloq    	exquisite                                          	linglong    	玲珑            	chinese
           	liglug    	ridicule                                           	liglug      	לִיגְלוּג     	hebrew
           	lidrop    	lid
           	libret    	liberate
           	libran    	library
           	lipard    	leopard                                            	            	              	english
           	litget    	litigate
           	litzan    	clown                                              	letzan      	לֵיצָן        	hebrew
           	litxab    	little
           	litral    	literal                                            	            	              	english
           	likdet    	liquidate
           	likxaq    	mangle                                             	lieshang    	裂伤            	chinese
           	lispus    	lisp
           	liftap    	lift
           	leqgix    	languish                                           	            	              	english
           	legant    	elegant                                            	            	              	english
           	lefant    	elephant                                           	            	              	english
           	levirc    	levy
           	levtat    	levitate
           	lejand    	legend                                             	            	              	english
           	leCast    	bore (boring)                                      	            	leiðast       	icelandic
           	leCsur    	point out
           	lamant    	lament
           	lamnet    	laminate
           	lambor    	lumber                                             	            	              	english
           	lampoq    	lump
           	lanmeq    	league                                             	lián méng   	联盟            	chinese
           	landur    	launder                                            	            	              	english
           	laqkit    	lanky                                              	            	              	english
           	laqfek    	lavish                                             	làng fèi    	浪费            	chinese
           	laqxiq    	virtuous                                           	liáng xìng  	良性            	chinese
           	lagron    	lug
           	ladjip    	garbage                                            	lā jī       	垃圾            	chinese
           	ladjil    	litter                                             	laji        	垃圾            	chinese
           	labtor    	lab
           	labret    	elaborate                                          	            	              	english
           	lapsin    	lapse
           	lapsiq    	lapse                                              	            	              	english
           	lapres    	lap (race)
           	latniq    	lightning
           	latxam    	latch
           	laksen    	diagonal                                           	lelaHs(e)n  	לְלַכְסֵן     	hebrew
           	laksex    	relaxation                                         	            	              	english
           	laklod    	lock
           	lastor    	luster                                             	            	              	english
           	lavrat    	lava
           	laxliv    	lush
           	laltuk    	corny                                              	lǎo tǔ      	老土            	chinese
           	lalxik    	old-fashioned                                      	lǎo shì     	老式            	chinese
           	largan    	layer
           	lartas    	let in
           	lartaj    	let down
           	lotxuq    	protrude                                           	lòuchū      	露出            	chinese
           	lokmat    	warfare                                            	lochma      	לוֹחְמָה      	hebrew
           	lorgas    	log in
           	lorkit    	lurk                                               	            	              	english
           	lumbat    	harass                                             	            	लुम्बति       	sanskrit
           	lunkom    	profile                                            	lunkuo      	轮廓            	chinese
           	lunsiq    	lunacy                                             	            	              	english
           	ludjun    	lunge                                              	            	              	english
           	ludrap    	lewd
           	lubrik    	lube
           	lupsum    	bolt                                               	luoshaung   	螺栓            	chinese
           	lutrin    	otter                                              	            	              	latin
           	lutrak    	loot
           	lukmat    	look forward to
           	lukrik    	look up
           	lukret    	look after
           	lusdet    	elucidate
           	rimark    	remark                                             	            	              	english
           	rimzat    	rim
           	rinxiq    	ductile                                            	renxing     	韧性            	chinese
           	riqgov    	wring
           	riqkol    	wrinkle
           	rigard    	regard
           	ridjan    	region                                             	            	              	english
           	ridjos    	rejoice
           	ridjum    	frank                                              	            	ऋजु           	sanskrit
           	ridrak    	redirect
           	ribrak    	rib
           	ripant    	repent                                             	            	              	english
           	ripals    	repulse                                            	            	              	english
           	riport    	report                                             	            	              	english
           	riplab    	republic
           	ripriv    	reprieve                                           	            	              	english
           	ripraz    	reap
           	riprom    	rip                                                	            	              	english
           	ritort    	retort
           	ritxam    	reach
           	ritxas    	righteous                                          	            	              	english
           	ritrak    	retract                                            	            	              	english
           	rikxam    	reaction                                           	reaction    	              	english
           	riklan    	recline
           	riklus    	recluse                                            	            	              	english
           	rikrut    	recruit                                            	            	              	english
           	risand    	rescind
           	risors    	resource                                           	            	              	english
           	risorz    	rehearse                                           	            	              	english
           	ristik    	restrict
           	rifand    	refund
           	riftor    	rift
           	riflon    	reef
           	rifren    	refrain                                            	            	              	english
           	rifrax    	refresh
           	rifruf    	flutter                                            	rifruf      	רִיפְרוּף     	hebrew
           	rivamp    	revamp
           	rivalv    	revolve                                            	            	              	english
           	rivort    	revert
           	rizent    	resent
           	riland    	rewind
           	rilant    	relent                                             	            	              	english
           	rilaps    	relapse
           	rilaks    	relax                                              	            	              	english
           	renmin    	citizen                                            	rénmín      	人民            	chinese
           	renmen    	folk                                               	rénmen      	人们            	chinese
           	rendan    	grace                                              	endian      	恩典            	chinese
           	rendur    	render                                             	            	              	english
           	renzen    	earnest                                            	rèn zhēn    	认真            	chinese
           	reqgal    	wrangle
           	reglar    	regular                                            	            	              	english
measurement	redjan    	radian (measurement)                               	            	              	english
           	retxiq    	enthusiasm                                         	rè qíng     	热情            	chinese
           	reknaz    	recognize                                          	            	              	english
           	rekzit    	prerequisite                                       	            	              	english
           	rezrak    	resurrect
           	rejast    	register                                           	            	              	english
           	relard    	reward                                             	            	              	english
           	rambol    	ramble
           	rambus    	rhombus                                            	            	              	english
           	ramped    	romp
           	randin    	rind
           	randam    	random                                             	            	              	english
           	ransak    	ransack
           	ranzaq    	grime                                              	anzang      	肮脏            	chinese
           	raqgol    	ring (shape)                                       	            	              	english
           	radket    	eradicate
           	raptor    	raptor                                             	            	              	english
           	rapket    	replicate
           	rapxar    	rupture                                            	            	              	english
           	raprik    	wrap up
           	rattus    	rattus
           	ratfan    	ratify
           	ratzid    	flicker                                            	leRatz(e)d  	לְרַצֵּד      	hebrew
           	ratxap    	rite
           	ratrik    	rhetoric                                           	            	              	english
           	raknid    	arachnid
           	rakxik    	guard                                              	rakSika     	रक्षिक        	sanskrit
           	raspod    	rasp
           	raston    	rust                                               	            	              	english
           	raforC    	rough                                              	            	              	english
           	raveld    	revile                                             	            	              	english
           	razdun    	residue                                            	            	              	english
           	raxnal    	rational                                           	            	              	english
           	ralget    	relegate
           	ronald    	row (boat)
           	roblan    	robe
           	rotras    	rote
           	rumnet    	ruminate
           	rugrat    	rug
           	rubaqk    	bank (river)
           	rutxiq    	route                                              	            	              	english
           	rutrac    	root                                               	            	              	english
           	rukmin    	radiant                                            	rukmini     	रुक्मिणी      	sanskrit
           	rufran    	roof                                               	            	              	english
           	yiqban    	strain (force)                                     	yìng biàn   	应变            	chinese
           	yiqful    	cope                                               	yingfu      	应付            	chinese
           	yiqral    	linger                                             	yingrao     	萦绕            	chinese
           	yeqkoC    	yank                                               	            	              	english
           	yedjan    	nocturnal                                          	yè jiān     	夜间            	chinese
           	yetzir    	instinct                                           	yetzer      	יֵצֶר         	hebrew
           	yanmon    	inundate                                           	yanmo       	淹没            	chinese
           	yanzoq    	severe                                             	yanzhong    	严重            	chinese
           	yanxip    	maneuver                                           	yanxi       	演习            	chinese
           	yanxun    	perpetuate                                         	yanxu       	延续            	chinese
animal     	yanxuf    	owl                                                	yanshuf     	יַנְשׁוּף     	hebrew
           	yanlin    	stern                                              	yanli       	严厉            	chinese
           	yaqkut    	infancy                                            	yanqut      	יַנְקוּת      	hebrew
           	yatzig    	represent                                          	leyatz(e)g  	לְייַצֵּג     	hebrew
           	yatxat    	sustain                                            	            	यच्छति        	sanskrit
           	yaCnak    	dwindle                                            	            	hjaðna        	icelandic
           	yalpic    	yelp
           	yarnet    	yarn
           	yoldan    	merit                                              	youdian     	优点            	chinese
           	yolxiq    	tangible                                           	youxing     	有形            	chinese
           	yolxur    	outstanding                                        	yōu xiù     	优秀            	chinese
           	yornas    	uranus                                             	            	              	english
           	yundoq    	campaign                                           	yundong     	运动            	chinese
           	yugman    	even                                               	yugmán      	युग्मन्       	sanskrit
           	yudjip    	estimate                                           	yuji        	预计            	chinese
           	yuklid    	euclidean                                          	            	              	english
           	yusorp    	usurp
           	yuvlan    	uvula                                              	            	              	english
           	yuzrik    	use up
           	yulkal    	pleasant                                           	yukuai      	愉快            	chinese
           	yurnat    	urinate
           	minstar   	administer                                         	            	              	english
           	misples   	misplace
           	mepartx   	map (chart)
           	metmorf   	metamorphic
math       	metraks   	matrix (math)                                      	            	              	english
           	manmant   	monument                                           	            	              	english
           	mandjor   	manager
           	manplet   	manipulate
           	mantxam   	munch
           	mantrim   	monotreme                                          	            	              	english
           	mantram   	utter                                              	mantra      	मन्त्र        	sanskrit
           	madjast   	majesty                                            	            	              	english
           	madjnon   	mad                                                	majnūn      	مَجْنُون      	arabic
           	marjant   	merchant                                           	            	              	english
           	mortfan   	mortify                                            	            	              	english
           	nixsrik   	ugly                                               	niḥśrīka    	निःश्रीक      	sanskrit
           	nesgras   	lawn
           	nantxiq   	junior                                             	niánqīng    	年轻            	chinese
           	naldjin   	analogy                                            	            	              	english
           	nardjur   	nurture                                            	            	              	english
           	noqtxun   	rural                                              	            	              	english
           	nutrant   	nutrient                                           	            	              	english
           	nusants   	nuisance                                           	            	              	english
           	nursrik   	nursery
           	gandjun   	champion                                           	guàn jūn    	冠军            	chinese
           	gaqklan   	gunk
           	gakorst   	gawk
           	gastreC   	gas                                                	            	              	english
           	galtxal   	superb                                             	gāo chāo    	高超            	chinese
           	galfron   	gulf
           	galvnaz   	galvanize                                          	            	              	english
           	gardjar   	carrot                                             	gārjara     	गार्जर        	sanskrit
           	garland   	garland                                            	            	              	english
           	gondjuk   	instrument                                         	gōngjù      	工具            	chinese
           	goqtxeq   	engineering                                        	gōng chéng  	工程            	chinese
           	gultxup   	preach                                             	guchui      	鼓吹            	chinese
           	glednev   	lay off
           	glamros   	glamorous                                          	            	              	english
           	gladrag   	glad
           	glasorc   	glass                                              	            	              	english
           	gritzal   	grit
           	grepxam   	repetition                                         	            	              	english
           	grantal   	grunt
           	grantol   	disgruntle
           	graqbol   	broadcast                                          	guǎngbō     	广播            	chinese
           	gradjet   	graduate                                           	            	              	english
           	gravtin   	gravity                                            	            	              	english
           	grazlin   	grizzly
           	gralpon   	gripe
           	grumbal   	grumble                                            	            	              	english
           	grunrik   	grow up
           	grubnat   	seize                                              	            	गृभ्णाति      	sanskrit
           	dinants   	denounce
plant      	dipskin   	bark (tree)
           	ditrant   	deterrent                                          	            	              	english
           	disdant   	dissident                                          	            	              	english
           	disband   	disband
           	dispatx   	dispatch
           	dispors   	disburse
           	displek   	display
           	distrik   	district                                           	            	              	english
           	distrak   	distract
           	distrug   	destruct
           	diskard   	discard
           	diskors   	discourse
           	diskres   	disgrace                                           	            	              	english
           	disladj   	dislodge
           	difants   	defense                                            	            	              	english
           	divaldj   	divulge
           	dizmant   	dismantle                                          	            	              	english
           	dizgast   	disgust
           	demkrat   	democrat
           	deqgret   	denigrate
           	devstet   	devastate
           	dandjan   	dignity                                            	duanzhuan   	端庄            	chinese
           	daktrin   	doctrine                                           	            	              	english
           	dastiqk   	distinct                                           	            	              	english
           	daskloz   	disclose                                           	            	              	english
           	doltrak   	dole
           	dorkast   	dork                                               	            	              	english
           	durdjan   	malicious                                          	            	दुर्जन        	sanskrit
           	djimnaz   	gym
           	djimkat   	unravel                                            	jiekai      	解开            	chinese
           	djinfap   	blond                                              	jīn fà      	金发            	chinese
           	djinzit   	pyramid                                            	jinzita     	金字塔           	chinese
           	djinzik   	restrain                                           	jìnzhǐ      	禁止            	chinese
           	djinxiq   	conduct                                            	jinxing     	进行            	chinese
           	djinxil   	fast (eating)                                      	jinshi      	禁食            	chinese
           	djiqgan   	spite                                              	jǐn guǎn    	尽管            	chinese
           	djiqgol   	jingle
           	djiqbal   	alert                                              	jǐng bào    	警报            	chinese
           	djiqtik   	vigilant                                           	jǐng tì     	警惕            	chinese
           	djiqkaq   	circumstance                                       	qingkuang   	情况            	chinese
           	djiqfek   	expense                                            	jīngfèi     	经费            	chinese
           	djiqzim   	sophisticated                                      	jingzhi     	精致            	chinese
           	djiqren   	stupendous                                         	jīng rén    	惊人            	chinese
           	djidjip   	aggress                                            	jiji        	积极            	chinese
           	djidjal   	fabricate                                          	zhizao      	制造            	chinese
           	djibrex   	gibberish                                          	            	              	english
           	djipzus   	overdo
           	djitxup   	basis                                              	jī chǔ      	基础            	chinese
           	djisant   	adjacent                                           	english     	              	english
           	djedjan   	frugal                                             	jié jiǎn    	节俭            	chinese
           	djetxuq   	relieve                                            	jiěchú      	解除            	chinese
           	djetxuk   	eminent                                            	jié chū     	杰出            	chinese
           	djetrik   	jet                                                	            	              	english
           	djestor   	jest
           	djambol   	jumble
           	djandiq   	steadfast                                          	jianding    	坚定            	chinese
           	djandan   	ordinary                                           	jiǎndān     	简单            	chinese
           	djandar   	gender                                             	            	              	english
           	djantik   	elevator                                           	diàn tī     	电梯            	chinese
           	djanfen   	starch                                             	diàn fěn    	淀粉            	chinese
           	djanxiq   	quintessential                                     	diǎn xíng   	典型            	chinese
           	djanxal   	decrease                                           	jiǎnshǎo    	减少            	chinese
           	djanrin   	tough                                              	jianren     	坚韧            	chinese
           	djanret   	generate                                           	            	              	english
           	djaqgut   	sturdy                                             	jiān gù     	坚固            	chinese
           	djagnak   	jog                                                	            	              	english
           	djadjum   	aggravate                                          	jiā jù      	加剧            	chinese
           	djabrit   	jab
           	djapdaz   	jeopardize
           	djaklet   	ejaculate
           	djargun   	jargon                                             	            	              	english
           	djarsur   	run out of
           	djoltaz   	jolt
           	djornal   	journal
           	djorkar   	jerk
           	djundip   	army                                               	jūn duì     	军队            	chinese
           	djunxik   	military                                           	jūn shì     	军事            	chinese
           	djudket   	adjudicate                                         	            	              	english
           	djutxal   	picket                                             	jiucha      	纠察            	chinese
           	djukzaq   	rectify                                            	jiuzheng    	纠正            	chinese
           	djukrat   	juke
           	djuvnet   	rejuvenate                                         	            	              	english
           	djurmip   	germ
           	djurnet   	germinate                                          	            	              	english
           	dradnev   	put off
           	dradvun   	put on
           	dradjan   	dredge                                             	            	              	english
           	drapnev   	drop off
           	drapsur   	drop out
           	drapras   	drop in
           	drastik   	dress up
           	bigradj   	begrudge                                           	            	              	english
           	bidants   	obedience                                          	            	              	english
           	beqdjin   	taut                                               	bēng jǐn    	绷紧            	chinese
           	beqkrap   	bankrupt
           	beqkrol   	bankroll                                           	            	              	english
           	bambard   	bombard                                            	            	              	english
           	bandedj   	bandage
           	bantxap   	bunch (up)
           	baktrak   	backtrack
           	baldjiq   	alarm                                              	bào jǐng    	报警            	chinese
           	baldjoq   	bulge                                              	            	              	english
           	bolstar   	bolster
           	blitxiq   	bleach
           	blitret   	obliterate
           	blistur   	blister
           	blandiC   	blind
           	blandur   	blunder
           	blantog   	blunt                                              	            	              	english
           	blaCrak   	balloon                                            	            	blaðra        	icelandic
           	blofrik   	blow up
           	blupran   	bloop                                              	            	              	english
           	briqtaj   	bring down
           	briqkon   	brink
           	briqrik   	bring up
           	brilant   	brilliant                                          	brilliant   	              	english
           	brektaj   	break down
           	brekrik   	break up
           	bramxam   	deviate                                            	            	भ्रंश         	sanskrit
           	braklin   	broccoli                                           	            	              	english
           	pintxoC   	pinch
           	piqdjiz   	lull                                               	pingjing    	平静            	chinese
           	pigment   	pigment                                            	            	              	english
           	pitzutz   	explosion                                          	pitzutz     	פִּיצּוּץ     	hebrew
           	pentret   	penetrate                                          	            	              	english
           	pestron   	pest
           	pevmant   	pavement
           	pandrom   	palindrome                                         	            	              	english
           	pantsil   	pencil                                             	            	              	english
           	pantxes   	punch
           	pankxet   	punctuate                                          	            	              	english
           	patridj   	partridge                                          	            	              	english
           	pastxur   	posture                                            	            	              	english
           	pastlet   	postulate
           	paltxim   	forsake                                            	paoqi       	抛弃            	chinese
           	pargraf   	paragraph
           	partorv   	perturb
           	partnor   	partner                                            	            	              	english
           	parklar   	particular                                         	            	              	english
           	parsant   	percent                                            	            	              	english
           	parspet   	participate
           	parfrez   	paraphrase                                         	            	              	english
           	postpon   	postpone                                           	            	              	english
           	portfol   	portfolio
           	portxik   	perch
           	porklet   	percolate
           	porskut   	persecute
           	porvort   	pervert                                            	            	              	english
           	porlaps   	perhaps                                            	            	              	english
           	pulprax   	pulp
           	purgtor   	purgatory                                          	            	              	english
           	purport   	purport                                            	            	              	english
           	plamant   	implement                                          	            	              	english
           	plandor   	plunder
           	platfon   	platform                                           	            	              	english
           	plasint   	placenta                                           	            	              	english
           	plastik   	plastic                                            	            	              	english
           	plastur   	plaster
           	plodrat   	ploy
           	plugnat   	plug
           	primand   	reprimand
           	primpik   	primp                                              	            	              	english
           	prinpal   	principle                                          	            	              	english
           	priklud   	preclude                                           	            	              	english
           	pristin   	pristine                                           	            	              	english
           	privant   	block/prevent
           	prizurv   	preserve
           	prentas   	apprentice                                         	            	              	english
           	pretand   	pretend
           	prezant   	present (show)                                     	            	              	english
           	prejdis   	prejudice                                          	            	              	english
           	pradiqk   	undo
           	pratxir   	enclosure                                          	prācīra     	प्राचीर       	sanskrit
           	praktis   	practice                                           	            	              	english
           	praktal   	practical                                          	            	              	english
           	prakrit   	original nature                                    	Prakṛti     	प्रकृति       	sanskrit
           	prastut   	prostitute                                         	            	              	english
           	praskut   	prosecute
           	prasvin   	sweat                                              	prasvinna   	प्रस्विन्न    	sanskrit
           	promzur   	pass out
           	program   	program                                            	            	              	english
           	prodjuk   	projection                                         	            	              	english
           	proptik   	property (object)
           	proklem   	proclaim
           	profanz   	preference                                         	            	              	english
           	profret   	proliferate                                        	            	              	english
           	prudant   	prudent                                            	            	              	english
           	pruksur   	pick out
           	prukrik   	pick up
           	prufrid   	proofread                                          	            	              	english
           	tindjor   	tinge                                              	            	              	english
           	testvan   	testify
           	tamoltx   	tumultuous                                         	            	              	english
           	tamkits   	incentive                                          	tamQiyts    	תַמרִיץ       	hebrew
           	tamrets   	stimulate                                          	letamR(e)tz 	לְתַמְרֵץ     	hebrew
           	tandanz   	tendency                                           	            	              	english
           	tantxeq   	candid                                             	tǎn chéng   	坦诚            	chinese
           	tadjrib   	experiment                                         	tajribah    	تجربه         	arabic
           	takdjip   	talk over
           	taltxon   	tout
           	tardjan   	tear (paper)
           	tardjak   	interject
           	tarspus   	intersperse                                        	            	              	english
           	toqtxiq   	sympathy                                           	tóng qíng   	同情            	chinese
           	toltarn   	totalitarian                                       	            	              	english
           	tormnet   	terminate                                          	            	              	english
           	torntaj   	turn down
           	tornvun   	turn on
           	tornrik   	turn up
           	tortxus   	tortuous                                           	            	              	english
           	turdzat   	turd
           	tkidran   	slit                                               	chidrá      	छिद्र         	sanskrit
           	txintoq   	bronze                                             	qīng tóng   	青铜            	chinese
           	txinfan   	diligent                                           	qinfen      	勤奋            	chinese
           	txiqbal   	innocent                                           	qingbai     	清白            	chinese
           	txiqfun   	frivolity                                          	qīng fú     	轻浮            	chinese
           	txidjup   	lasting                                            	chijiu      	持久            	chinese
           	txilxaq   	kind (pleasant)                                    	cixiang     	慈祥            	chinese
           	txiraqk   	frail                                              	cuì ruò     	脆弱            	chinese
           	txembor   	chamber                                            	            	              	english
           	txenmen   	dreary                                             	chén mèn    	沉闷            	chinese
           	txenxuk   	statement                                          	chén shù    	陈述            	chinese
           	txeqnul   	commit                                             	chengnuo    	承诺            	chinese
           	txanmes   	moon month
           	txandan   	dismal                                             	cǎn dàn     	惨淡            	chinese
           	txandal   	outcast                                            	caṇḍāla     	चण्डाल        	sanskrit
           	txanbol   	propagate                                          	chuanbo     	传播            	chinese
           	txantim   	premise                                            	qianti      	前提            	chinese
           	txantep   	future                                             	            	              	chinese
           	txantoq   	legacy                                             	chuántǒng   	传统            	chinese
           	txansul   	huddle                                             	quansuo     	蜷缩            	chinese
           	txanzal   	precursor                                          	qianzhao    	前兆            	chinese
           	txanxin   	gasp                                               	chuanxi     	喘息            	chinese
           	txaqnat   	hangover                                           	            	ཆང་ནད         	tibetan
           	txaqbek   	pale                                               	cāng bái    	苍白            	chinese
           	txaqxol   	longevity                                          	cháng shòu  	长寿            	chinese
           	txaptor   	chapter
           	txatxal   	tribute                                            	            	དཔྱ་ཁྲལ       	tibetan
           	txaksur   	check out
           	txaklet   	chocolate
           	txakras   	check in
           	txastin   	chastity                                           	            	              	english
           	txalbak   	chill
           	txalxik   	soggy                                              	cháo shī    	潮湿            	chinese
           	txarmiq   	charm
           	txarnak   	churn                                              	            	              	english
           	txarpit   	chop
           	txarten   	chert
           	txartor   	charter                                            	            	              	english
           	txarkum   	char
           	txonmiq   	clever                                             	cōngmíng    	聪明            	chinese
           	txoqxik   	substantiate                                       	chōngshí    	充实            	chinese
           	txotxim   	reek                                               	chouqi      	臭气            	chinese
           	txunsol   	mellow                                             	chún hòu    	醇厚            	chinese
           	txunzip   	skirt                                              	qún zi      	裙子            	chinese
           	txuqzat   	bit (small amount)                                 	            	ཅུང་ཟད        	tibetan
           	txudjum   	pursue                                             	zhuiqiu     	追求            	chinese
           	txurnam   	powder                                             	cūrṇa       	चूर्ण         	sanskrit
           	txurpan   	chirp
           	trigald   	trigger                                            	            	              	english
           	treqkal   	tranquil
           	trespas   	trespass
           	trambon   	trombone                                           	            	              	english
plant      	trankot   	trunk (tree)                                       	            	              	english
           	transan   	transcend                                          	            	              	english
           	traqmat   	uncountably large                                  	drangmé     	གྲངས་མེད      	tibetan
           	tradjak   	trajectory                                         	            	              	english
           	trapzad   	trapezoid                                          	            	              	english
           	traktor   	tractor                                            	            	              	english
           	traxkan   	trash                                              	            	              	english
           	trospak   	introspect                                         	            	              	english
           	kivlant   	equivalent                                         	            	              	english
           	kemdusk   	come across
           	kamants   	commence
           	kambast   	combust                                            	            	              	english
           	kampand   	compound                                           	            	              	english
           	kampten   	competent                                          	            	              	english
           	kamplit   	complete                                           	            	              	english
           	kamplem   	complement                                         	            	              	english
           	kamplen   	complain                                           	            	              	english
           	kamplaq   	comply                                             	            	              	english
           	kampraz   	comprise                                           	            	              	english
           	kamtzan   	oxygen                                             	chamtzan    	חַמְצָן       	hebrew
           	kamkruc   	come up with
           	kamflaj   	camouflage                                         	            	              	english
           	kantemp   	contempt                                           	            	              	english
           	kantand   	contend
           	kantaks   	context                                            	            	              	english
           	kantort   	contort
           	kantxut   	concrete                                           	            	              	english
           	kantriv   	contrive                                           	            	              	english
           	kantrak   	contract                                           	            	              	english
           	kantrol   	control                                            	            	              	english
           	kantrup   	gargle                                             	khantrüpa   	ཁ་འཁྲུད་པ     	tibetan
           	kankest   	conquest                                           	            	              	english
           	kanklud   	conclude                                           	            	              	english
           	kankrit   	concrete (abstract)                                	            	              	english
           	kansalt   	consult                                            	            	              	english
           	kansorn   	concern                                            	            	              	english
           	kansort   	consort                                            	            	              	english
           	kanspir   	conspire                                           	            	              	english
           	kanfand   	confound                                           	            	              	english
           	kanfanz   	conference                                         	            	              	english
           	kanform   	conform
           	kanfort   	confetti
           	kanfran   	confront                                           	            	              	english
           	kanvaks   	convex                                             	            	              	english
           	kanvals   	convulsant                                         	            	              	english
           	kanvors   	converse (opposite)                                	            	              	english
           	kaqgret   	congregate                                         	            	              	english
           	kaqgres   	congress                                           	            	              	english
           	kapstet   	incapacitate                                       	            	              	english
           	kapslet   	encapsulate
           	katpult   	catapult
           	katlist   	catalyst                                           	catalyst    	              	english
           	kakrotx   	cockroach
           	kasplen   	explain                                            	            	              	english
           	kastget   	castigate                                          	            	              	english
           	kaskron   	cask
           	kalmnet   	culminate
           	kalbret   	calibrate                                          	            	              	english
           	kaltxob   	couch                                              	            	              	english
           	kaltxur   	culture
           	karnval   	carnival                                           	            	              	english
           	karpvun   	keep on
           	kartzin   	quartz
           	kartzef   	scrub                                              	lekaRtz(e)f 	לְקַרְצֵף     	hebrew
           	kontrib   	contribute                                         	            	              	english
           	konflas   	convalescence                                      	            	              	english
           	koglant   	coagulant                                          	            	              	english
           	kormant   	cormorant                                          	            	              	english
           	korgraf   	choreograph
           	korpret   	incorporate
           	kumbant   	incumbent                                          	            	              	english
           	kurdjun   	curd
           	klinrik   	clean up
           	klipsat   	clip (bind)
           	klipron   	clip (cut off)
           	klivrak   	cleave
           	klantam   	fatigue                                            	            	क्लान्त       	sanskrit
           	klagxin   	clog                                               	            	              	english
           	klatxul   	clutch
           	klasfan   	classify
           	kloztaj   	close down
           	klorfil   	chlorophyll                                        	            	              	english
           	kridant   	creed                                              	            	              	english
           	kritsaz   	criticize                                          	            	              	english
           	krispal   	crisp                                              	            	              	english
           	kristal   	crystal                                            	            	              	english
           	krixnam   	wicked                                             	kṛṣṇa       	कृष्ण
           	krenatx   	crane                                              	            	              	english
           	kreqkit   	cranky                                             	            	              	english
           	krambol   	crumble                                            	            	              	english
           	krampol   	crumple                                            	            	              	english
           	krankal   	chronicle                                          	            	              	english
           	krabret   	corroborate                                        	            	              	english
           	krakdal   	crocodile                                          	            	              	english
           	kraksoq   	crux
           	krastin   	christen                                           	            	              	english
           	krastoz   	crest                                              	crest       	              	english
           	krustax   	crustacean                                         	            	              	english
           	krusfad   	crucify
           	himgrat   	immigrate
           	himpitx   	impeach
           	himpals   	impulse                                            	            	              	english
           	himpart   	impart
           	himplan   	imply
           	himplav   	implore
           	hindant   	indent
           	hindors   	endorse
           	hindjan   	hinge                                              	            	              	english
           	hindjar   	injure                                             	            	              	english
           	hintorn   	intern
           	hintvin   	intervene                                          	            	              	english
           	hintrap   	interrupt                                          	            	              	english
           	hintrak   	interact
           	hintrud   	intrude
           	hinsurt   	insert                                             	            	              	english
           	hinstad   	instead
           	hinflit   	inflict
           	hinflem   	inflame
           	hinvort   	invertebrate
           	hiqgret   	integrate
           	histark   	hysterical                                         	            	              	english
           	hempost   	hemp
           	hemrald   	emerald                                            	            	              	english
           	henants   	enhance
           	henform   	inform
           	hencral   	enthral
           	heqgalf   	engulf
           	heqgros   	engross
           	heqkxas   	anxious                                            	            	              	english
           	hegzalt   	exut
           	hegzort   	exhort                                             	            	              	english
           	hedjant   	agency                                             	            	              	english
           	hetxram   	etch
           	heksarp   	excerpt                                            	            	              	english
           	heksort   	extort
           	hekspar   	expire                                             	            	              	english
           	heksrit   	excrete                                            	            	              	english
           	heskort   	escort                                             	            	              	english
           	hambalz   	embezzle                                           	            	              	english
           	hambark   	embark                                             	            	              	english
           	hambold   	embolden                                           	            	              	english
           	hambrod   	embroider                                          	            	              	english
           	hamptud   	amplitude                                          	            	              	english
           	hampfan   	amplify                                            	            	              	english
           	hamplot   	employ                                             	            	              	english
           	hampran   	empower
           	hamlitz   	recommend                                          	lehaml(i)tz 	לְהַמְלִיץ    	hebrew
           	handgol   	undergo
           	handkof   	handcuff                                           	            	              	english
           	handjan   	engineer
           	handjol   	enjoy
           	hantaks   	antioxidant                                        	            	              	english
           	hantson   	hence                                              	            	              	english
           	hantxiq   	hunch                                              	            	              	english
           	hantxat   	incline                                            	            	अञ्चति        	sanskrit
           	hantlor   	antler                                             	            	              	english
           	hanklud   	include                                            	            	              	english
           	hanstil   	instill                                            	            	              	english
           	hanfors   	enforce
           	hanforl   	unfurl                                             	            	              	english
           	hanflak   	inflect
           	hanfrij   	infringe
           	hanvort   	invert
           	hanvors   	anniversary
           	hanxran   	enshrine                                           	            	              	english
           	hanlist   	enlist
           	hanredj   	enrage                                             	            	              	english
           	haqglet   	ungulate                                           	            	              	english
           	haqgrev   	engrave
           	haqkloz   	enclose                                            	            	              	english
           	haqkrab   	hunk
           	hagzort   	exert
           	hadmant   	adamant                                            	            	              	english
           	hadjast   	adjust                                             	            	              	english
           	hadjorn   	adjourn                                            	            	              	english
           	habdjak   	object (argument)
           	habsent   	absence                                            	            	              	english
           	habsten   	abstain                                            	            	              	english
           	habsruk   	obstruct                                           	            	              	english
           	habzorb   	adsorb                                             	            	              	english
           	habridj   	abridge                                            	            	              	english
           	haptiks   	optics                                             	            	              	english
           	haprind   	apprehend                                          	            	              	english
           	haprotx   	approach                                           	            	              	english
           	hatmost   	utmost                                             	            	              	english
           	hatsfir   	atmosphere
           	hatslan   	sloth                                              	atzlan      	עַצְלָן       	hebrew
           	hatzitz   	peek                                               	lehatz(i)tz 	לְהָצִיץ      	hebrew
           	hatzdiq   	salute                                             	lehatzd(i)a 	לְהַצְדִּיעַ  	hebrew
           	hatzdik   	justify                                            	lehatzd(i)k 	לְהַצְדִּיק   	hebrew
           	haknedj   	acknowledge                                        	            	              	english
           	haksent   	eccentric
           	hakspet   	expect                                             	            	              	english
           	hakspal   	expel
           	hakstol   	extol
           	haklips   	eclipse                                            	            	              	english
           	hasborg   	iceberg                                            	            	              	english
           	haspret   	aspirate                                           	            	              	english
           	hastand   	astound                                            	            	              	english
           	hastrod   	asteroid                                           	            	              	english
           	hasklim   	exclaim                                            	            	              	english
           	hasklud   	exclude                                            	            	              	english
           	haskret   	execrate
           	haskrab   	ascribe                                            	            	              	english
           	hafzitz   	bomb                                               	lehaftz(i)tz	לְהַפְצִיץ    	hebrew
           	havents   	offense
           	haxmitz   	libel                                              	lehaxm(i)tz 	לְהַשְׁמִיץ   	hebrew
           	haxlend   	lend                                               	            	              	english
           	halmost   	almost                                             	            	              	english
           	haldjen   	algae                                              	            	              	english
           	harendj   	arrange                                            	            	              	english
           	hartkol   	article
           	hartzin   	sober                                              	lehaRtz(i)n 	לְהַרְצִין    	hebrew
           	hartzil   	hertz                                              	            	              	english
           	hartzot   	lecture                                            	lehaRtz(o)t 	לְהַרְצוֹת    	hebrew
           	hartxam   	honor                                              	arcana      	अर्चन         	sanskrit
           	harklet   	articulate                                         	            	              	english
           	hobladj   	oblige
           	hovtorn   	overturn                                           	            	              	english
           	hovkast   	overcast                                           	            	              	english
           	hovcroq   	overthrow                                          	            	              	english
           	hordjip   	orgy
           	hortxad   	orchard                                            	            	              	english
           	humgrat   	emigrate
           	hudjant   	huge amount                                        	            	              	english
           	huzband   	husband
           	sindrom   	syndrome                                           	            	              	english
           	sincsaz   	synthesize                                         	            	              	english
           	siqkxap   	sink
           	sikfant   	sycophant                                          	            	              	english
           	sistanz   	persistence                                        	            	              	english
           	sistraC   	cyst
           	silants   	science
           	sirkrab   	circumscribe
           	sentsur   	censor                                             	            	              	english
           	sentxet   	accentuate                                         	            	              	english
           	senxant   	conscientious                                      	            	              	english
           	seqkxam   	sanction
           	segmint   	segment                                            	            	              	english
           	sedmant   	sediment                                           	            	              	english
           	sefgard   	safeguard
           	sanditx   	sandwich
           	santman   	sentiment
           	sadjest   	suggest                                            	            	              	english
           	sabdjak   	subject                                            	            	              	english
           	saspend   	suspend                                            	            	              	english
           	saskrab   	subscribe                                          	            	              	english
           	salbret   	celebrate                                          	            	              	english
           	salvidj   	salvage                                            	            	              	english
           	salvant   	solvent                                            	            	              	english
           	sarkast   	sarcasm                                            	            	              	english
           	soldjar   	soldier
           	sornmes   	sun month
           	sortfan   	certify                                            	            	              	english
           	sumpxam   	assumption                                         	            	              	english
           	subsdaz   	subsidize
           	suplant   	supplant                                           	            	              	english
           	sukxman   	keen                                               	            	सूक्ष्म       	sanskrit
           	surdjin   	surgery
           	surklet   	circulate
           	survant   	servant
           	smidjan   	smidgin                                            	            	              	english
           	smaldan   	smilodon                                           	            	              	english
           	snatxuC   	snatch
           	snatras   	snot
           	snoblag   	snub                                               	            	              	english
           	spinatx   	spinach                                            	            	              	english
           	spidrat   	speed                                              	            	              	english
           	spekatx   	speck
           	spektak   	spectacle                                          	            	              	english
           	spamrat   	spam
           	spansor   	sponsor
           	spaqgot   	spa
           	spastan   	coherent                                           	spaṣṭá      	स्पष्ट        	sanskrit
           	spaltoq   	spout                                              	            	              	english
           	sparnik   	spurn                                              	            	              	english
           	spardan   	rivalry                                            	spardhā     	स्पर्धा       	sanskrit
           	spurtiq   	spurt
           	splador   	splatter                                           	            	              	english
           	splatur   	splutter
           	splasiq   	splice
           	sprenar   	sprain
           	spratiq   	spry
           	spralok   	sprawl                                             	            	              	english
           	stimpot   	stump (baffle)
           	stiplet   	stipulate
           	stambam   	rigid                                              	            	स्तम्भ        	sanskrit
plant      	stampot   	stump (tree)                                       	            	              	english
           	stampoC   	stamp
           	statxur   	stature                                            	            	              	english
           	stardol   	startle
           	startap   	stereotype                                         	            	              	english
           	stolnak   	stow                                               	            	              	english
           	stublat   	stub (toe)
           	stulatx   	stew
           	stretan   	straigten (reverse)
           	strejar   	stranger
           	stramik   	strum
           	stradak   	stride
           	stradul   	straddle                                           	            	              	english
           	stratal   	strut
           	strasaz   	ostracize                                          	            	              	english
           	skitraj   	skit
           	skampur   	scamper                                            	            	              	english
           	skandur   	squander
           	skurdan   	sciuridae (squirrel)                               	            	              	english
           	sklamat   	sham
           	skrimat   	scream                                             	            	              	english
           	skriCar   	slither                                            	            	skrið         	icelandic
           	skrandj   	scrounge                                           	            	              	english
           	skrotam   	scrotum                                            	            	              	english
           	skrunip   	screw
           	svardat   	relish                                             	            	स्वर्दते      	sanskrit
           	slindar   	slender                                            	            	              	english
           	sleprin   	slip
           	slagrut   	slog
           	slabrat   	slab
           	slapmac   	slap                                               	            	              	english
           	srandor   	surrender                                          	            	              	english
           	finants   	finance
           	filtret   	filtrate                                           	            	              	english
           	firmant   	ferment                                            	            	              	english
animal     	fentxad   	finch                                              	            	              	english
           	feltran   	felt (material)
           	fandorg   	fondle
           	fantxul   	font
           	falprat   	fall apart
           	formost   	foremost                                           	            	              	english
           	formlet   	formulate                                          	            	              	english
           	formlak   	formula
           	fordjiz   	forge
           	fortxun   	fortune                                            	            	              	english
           	forkast   	forecast                                           	            	              	english
           	fleqkat   	flank
           	flagrit   	flag
           	flapzon   	flop
           	flastor   	fluster                                            	            	              	english
           	flastur   	fluster
           	flartak   	flout                                              	            	              	english
           	flortaj   	flirt
           	fridjet   	refrigerate
           	frikant   	frequency                                          	            	              	english
           	frikxam   	friction                                           	            	              	english
           	fradjal   	fragile
           	fraktal   	fractal                                            	            	              	english
           	vindkat   	vindicate                                          	            	              	english
           	vidjtet   	vegetate                                           	            	              	english
           	vistrap   	vest (clothing)                                    	            	              	english
           	virtaks   	vertex                                             	            	              	english
           	ventxar   	adventure                                          	            	              	english
           	ventxur   	venture                                            	            	              	english
           	velants   	valence                                            	            	              	english
           	vandlaz   	vandalize                                          	            	              	english
           	vasklar   	vascular                                           	            	              	english
           	vartxun   	virtue                                             	            	              	english
           	voltxar   	vulture                                            	            	              	english
           	zamplar   	exemplary                                          	            	              	english
           	zaspret   	exasperate                                         	            	              	english
           	jakspoz   	juxtapose
           	xlafliq   	schläfli                                           	            	              	english
           	cimpand   	impound
           	cindaks   	index                                              	            	              	english
           	cintarn   	internal
           	cinvant   	inventory                                          	            	              	english
           	citdjip   	get over
           	camblez   	blaze                                              	            	              	english
           	candman   	undermine
           	candjur   	engender                                           	            	              	english
           	caqgros   	engross.                                           	            	              	english
           	catgraf   	autograph                                          	            	              	english
           	catredj   	outrage                                            	            	              	english
           	caksdat   	extradite                                          	            	              	english
           	castxul   	eschew                                             	            	              	english
           	cavindj   	avenge                                             	            	              	english
           	cordjet   	originate                                          	            	              	english
           	wiltant   	wilt
           	wetland   	wetland                                            	            	              	english
           	waltzan   	waltz
           	warksur   	work out
           	wormrik   	warm up
           	lentxas   	lane
           	levradj   	leverage
           	lampren   	lamprey
           	lakxmin   	prosperity                                         	lakshmi     	लक्ष्मी       	sanskrit
           	lasents   	license
           	lazulin   	lapis lazuli
           	lajslet   	legislate
           	lalants   	alliance
           	lorgsur   	log out
           	lorbzat   	lobe
           	lortxik   	lurch                                              	            	              	english
           	lukproz   	look for                                           	            	              	english
           	rinants   	renounce                                           	            	              	english
           	riprotx   	reproach                                           	            	              	english
           	ritzpan   	floor                                              	ritzpa      	רִצְפָּה      	hebrew
           	risortx   	research                                           	            	              	english
           	rispand   	respond                                            	            	              	english
           	rirandj   	rearrange                                          	            	              	english
           	rantxog   	runt
           	rumnant   	ruminant                                           	            	              	english
           	dispants  	dispense                                           	            	              	english
           	blanfold  	blindfold
           	purplaks  	perplex                                            	            	              	english
           	plandjog  	plunge
           	pritants  	pretense                                           	            	              	english
           	priskrab  	prescribe                                          	            	              	english
           	prezdant  	president                                          	            	              	english
           	propgand  	propaganda                                         	            	              	english
           	tapstriq  	tapestry                                           	            	              	english
           	trilampf  	triumph
           	transpar  	transpire                                          	            	              	english
           	tranzmut  	transmute
           	tranzlet  	translate                                          	            	              	english
           	troklant  	truculent                                          	            	              	english
           	kindants  	condense                                           	            	              	english
           	kamplant  	compliment
           	kangrats  	congratulate                                       	            	              	english
           	kandsand  	condescend                                         	            	              	english
           	kantplet  	contemplate                                        	            	              	english
           	kantxold  	quench
           	kanstruk  	construct                                          	            	              	english
           	kanstrul  	construe                                           	            	              	english
           	kanskret  	consecrate
           	kanfdent  	confident
           	kanvurdj  	converge                                           	            	              	english
           	komprend  	comprehend                                         	            	              	english
           	konstrit  	constrict                                          	            	              	english
           	hindjast  	ingest
           	hintgral  	integral                                           	            	              	english
           	hinsants  	incense (smell)
           	hinskrab  	inscribe
           	hendaldj  	indulge
           	hamnants  	eminence                                           	            	              	english
           	hambants  	ambiance                                           	            	              	english
           	hampindj  	impinge
           	hamprint  	imprint
           	handendj  	endanger
           	hantpriz  	enterprise
           	hantrast  	entrust                                            	            	              	english
           	hanstrak  	instruct                                           	            	              	english
           	haqkrotx  	encroach
           	hadvants  	advance                                            	            	              	english
           	hatborst  	outburst                                           	            	              	english
           	hakspand  	expound                                            	            	              	english
           	hakstiqk  	extinct                                            	extinct     	              	english
           	hafspriq  	offspring                                          	            	              	english
           	havdants  	evidence                                           	            	              	english
           	havlantx  	avalanche                                          	            	              	english
           	hargmant  	argument (conversation)
           	simplaks  	simplex                                            	            	              	english
           	sintgrat  	disintegrate                                       	            	              	english
           	sirkvent  	circumvent
           	sentants  	sentence (ruling)
           	sabmordj  	submerge                                           	            	              	english
           	splintur  	splinter
           	standsur  	stand out
           	strimlan  	streamline                                         	            	              	english
           	streqgal  	strangle                                           	            	              	english
           	skavindj  	scavenge                                           	            	              	english
           	skaldman  	scald
           	skalpxor  	sculpture                                          	            	              	english
           	skortxak  	scorch                                             	            	              	english
           	skriblaq  	scribble                                           	            	              	english
           	skrutnik  	scrutiny                                           	            	              	english
           	skrutnaz  	scrutinize                                         	            	              	english
           	frandzin  	frenzy                                             	            	              	english
           	ciqkdjip  	think over
           	Cistendj  	estrange
           	corkstet  	orchestrate
           	wicstand  	withstand                                          	            	              	english
           	landskep  	landscape                                          	            	              	english
           	ritxardj  	recharge                                           	            	              	english
           	restrant  	restaurant                                         	            	              	english
           	raznants  	resonance                                          	            	              	english
           	drentxark 	drench
           	tranzfiks 	transfix                                           	            	              	english
           	kanstrent 	constraint
           	hinstants 	instance                                           	            	              	english
           	hekspants 	expanse                                            	            	              	english
           	hamblants 	ambulance
           	hantrantx 	entrench
           	hancrasat 	anthracite
           	harbtradj 	arbitrage                                          	            	              	english
           	sobstants 	substance                                          	            	              	english
           	fregrants 	fragrance
           	strindjant	stringent                                          	            	              	english
